t,date,H,Rm,n_bench
496,2012-01-02,5,,0
497,2012-01-03,5,,0
498,2012-01-04,5,,0
499,2012-01-05,5,,0
500,2012-01-06,5,,0
501,2012-01-09,5,,0
502,2012-01-10,5,,0
503,2012-01-11,5,,0
504,2012-01-12,5,,0
505,2012-01-13,5,,0
506,2012-01-16,5,,0
507,2012-01-17,5,,0
508,2012-01-18,5,,0
509,2012-01-19,5,,0
510,2012-01-20,5,,0
511,2012-01-23,5,,0
512,2012-01-24,5,,0
513,2012-01-25,5,,0
514,2012-01-27,5,,0
515,2012-01-30,5,,0
516,2012-01-31,5,,0
517,2012-02-01,5,0.02649895983053132,200
518,2012-02-02,5,0.0422063104604586,200
519,2012-02-03,5,0.020162700456500655,200
520,2012-02-06,5,0.012893283706437638,200
521,2012-02-07,5,0.037878902988005884,200
522,2012-02-08,5,0.053991962709875656,200
523,2012-02-09,5,0.040369488407839375,200
524,2012-02-10,5,0.04607545381102909,200
525,2012-02-13,5,0.05839742302359181,200
526,2012-02-14,5,-0.003853670214507063,200
527,2012-02-15,5,-0.025971416960689515,200
528,2012-02-16,5,-0.05156540310319447,200
529,2012-02-17,5,-0.08157471672145379,200
530,2012-02-21,5,-0.057965438020079384,200
531,2012-02-22,5,-0.003601753226412759,200
532,2012-02-23,5,-0.01184738933624279,200
533,2012-02-24,5,0.0001035920916586197,200
534,2012-02-27,5,0.020838374899453383,200
535,2012-02-28,5,-0.039864680178218675,200
536,2012-02-29,5,-0.033510937332970586,200
537,2012-03-01,5,-0.014624506014857909,200
538,2012-03-02,5,0.0039408310653324665,200
539,2012-03-05,5,0.039886143253426036,200
540,2012-03-06,5,0.06459606727713224,200
541,2012-03-07,5,0.025164350600298577,200
542,2012-03-09,5,-0.014658963931940727,200
543,2012-03-12,5,-0.03550596012163556,200
544,2012-03-13,5,-0.046568198477978974,200
545,2012-03-14,5,-0.014061806661377867,200
546,2012-03-15,5,-0.0320387612113435,200
547,2012-03-16,5,-0.004246323699677953,200
548,2012-03-19,5,-0.009269603683726682,200
549,2012-03-20,5,-0.013127958035946446,200
550,2012-03-21,5,-0.05409606132195833,200
551,2012-03-22,5,-0.022462930320933053,200
552,2012-03-23,5,-0.006080487752387981,200
553,2012-03-26,5,0.01832680893574874,200
554,2012-03-27,5,0.03894933185810851,200
555,2012-03-28,5,0.05793549839885462,200
556,2012-03-29,5,0.02261126909963451,200
557,2012-03-30,5,0.000997058007531404,200
558,2012-04-02,5,-0.023612178586187027,200
559,2012-04-03,5,-0.015026964556423201,200
560,2012-04-04,5,-0.018867463643736024,200
561,2012-04-09,5,-0.0019977987236637594,200
562,2012-04-10,5,0.019768660757319166,200
563,2012-04-11,5,0.015673503828418048,200
564,2012-04-12,5,0.006223370966774393,200
565,2012-04-13,5,0.013582827956373344,200
566,2012-04-16,5,-0.024942557844639775,200
567,2012-04-17,5,-0.040250795119899,200
568,2012-04-18,5,-0.04707491538358497,200
569,2012-04-19,5,-0.049084920613384944,200
570,2012-04-20,5,-0.04343210354861772,200
571,2012-04-23,5,-0.007426647637775325,200
572,2012-04-24,5,-0.009964991909818713,200
573,2012-04-25,5,-0.015399887842561659,200
574,2012-04-26,5,-0.02960295133507254,200
575,2012-04-27,5,-0.023683404300116288,200
576,2012-04-30,5,-0.056576545983709564,200
577,2012-05-02,5,-0.06395055709881108,200
578,2012-05-03,5,-0.05132689566136442,200
579,2012-05-04,5,-0.030416464489555945,200
580,2012-05-07,5,-0.06776851379744438,200
581,2012-05-08,5,-0.027044642978370517,200
582,2012-05-09,5,-0.03228701150029608,200
583,2012-05-10,5,-0.0233623474910564,200
584,2012-05-11,5,-0.01918745300817973,200
585,2012-05-14,5,0.015061063352076272,200
586,2012-05-15,5,-0.0035933675979742535,200
587,2012-05-16,5,-0.012743767005682577,200
588,2012-05-17,5,0.01943121917250028,200
589,2012-05-18,5,0.008154865803192198,199
590,2012-05-21,5,0.006548510910884066,199
591,2012-05-22,5,0.03186834472505786,199
592,2012-05-23,5,0.010036484474282759,199
593,2012-05-24,5,0.0038524137847071893,199
594,2012-05-25,5,-0.02472913783347296,199
595,2012-05-28,5,-0.03964214628365748,199
596,2012-05-29,5,-0.02594715609680156,199
597,2012-05-30,5,0.02211567762552014,199
598,2012-05-31,5,0.026997499635025218,199
599,2012-06-01,5,0.06000966645483072,200
600,2012-06-04,5,0.037556584236413046,200
601,2012-06-05,5,0.04913557233582228,200
602,2012-06-06,5,0.017465101807321016,200
603,2012-06-07,5,0.002678634277431428,200
604,2012-06-08,5,-0.0024373767797978303,200
605,2012-06-11,5,-0.002577692698577777,200
606,2012-06-12,5,-0.017229673628439256,200
607,2012-06-13,5,-0.000896149815708066,200
608,2012-06-14,5,0.021138470153151654,200
609,2012-06-15,5,0.0037558009694431686,200
610,2012-06-18,5,0.031009374153501863,200
611,2012-06-19,5,0.022545574250053598,200
612,2012-06-20,5,0.021620377183148562,200
613,2012-06-21,5,0.017092624507705954,200
614,2012-06-22,5,0.02568065828028912,200
615,2012-06-25,5,0.04348267028645703,200
616,2012-06-26,5,0.04260236869117992,200
617,2012-06-27,5,0.045191339590384745,200
618,2012-06-28,5,0.05149744525373405,200
619,2012-06-29,5,0.023707478661614365,200
620,2012-07-02,5,-0.004006941720618567,200
621,2012-07-03,5,0.004248895698848431,200
622,2012-07-04,5,-0.004853413263204506,200
623,2012-07-05,5,-0.021064021199122727,200
624,2012-07-06,5,-0.01140132942075999,200
625,2012-07-09,5,-0.01069583562884374,200
626,2012-07-10,5,-0.032096271281806706,200
627,2012-07-11,5,-0.015759153710839868,200
628,2012-07-12,5,-0.015862338937267042,200
629,2012-07-13,5,-0.01631102296179273,200
630,2012-07-16,5,-0.030397108592592387,200
631,2012-07-17,5,-0.014836324661828467,200
632,2012-07-18,5,-0.03769306212512179,200
633,2012-07-19,5,-0.05671049111934565,200
634,2012-07-20,5,-0.05282079007825786,200
635,2012-07-23,5,-0.018374747569018385,200
636,2012-07-24,5,-0.013443581390605967,200
637,2012-07-25,5,0.0016745207470389972,200
638,2012-07-26,5,0.01943452531651985,200
639,2012-07-27,5,0.03032515695294775,200
640,2012-07-30,5,0.016262040064387598,200
641,2012-07-31,5,0.022382019518560222,200
642,2012-08-01,5,0.008703287205386233,200
643,2012-08-02,5,0.00645902491588434,200
644,2012-08-03,5,-0.0074254020796658835,200
645,2012-08-06,5,0.0017621927615703015,200
646,2012-08-07,5,0.0006096835596383843,200
647,2012-08-08,5,0.003783007246600904,200
648,2012-08-09,5,0.009280919345349886,200
649,2012-08-10,5,0.01529261488925588,200
650,2012-08-13,5,-0.0008253763500103339,200
651,2012-08-14,5,-0.011287318919356037,200
652,2012-08-16,5,-0.01627408470809573,200
653,2012-08-17,5,-0.028017817067599555,200
654,2012-08-21,5,-0.040379238230319726,200
655,2012-08-22,5,-0.05266064061869782,200
656,2012-08-23,5,-0.037413615435755235,200
657,2012-08-24,5,-0.038805530634358106,200
658,2012-08-27,5,-0.019345310969730738,200
659,2012-08-28,5,0.00016146467842993563,200
660,2012-08-29,5,0.009453498113368009,200
661,2012-08-30,5,0.003792025235606945,200
662,2012-08-31,5,0.015150484277437114,200
663,2012-09-03,5,0.025361615124642207,200
664,2012-09-04,5,0.023765432975023416,200
665,2012-09-05,5,0.03352771949536508,200
666,2012-09-06,5,0.0137430423781491,200
667,2012-09-07,5,0.024364709829694842,200
668,2012-09-10,5,0.05293859305419762,200
669,2012-09-11,5,0.05794440947227374,200
670,2012-09-12,5,0.04460278433512259,200
671,2012-09-13,5,0.061563776443701396,200
672,2012-09-14,5,0.04786620463819177,200
673,2012-09-17,5,0.035973742280853635,200
674,2012-09-18,5,0.03367991817531607,200
675,2012-09-20,5,0.03199756868458928,200
676,2012-09-21,5,0.019124698309498766,200
677,2012-09-24,5,0.018624371842857115,200
678,2012-09-25,5,0.029379648847867323,200
679,2012-09-26,5,0.030810212733803848,200
680,2012-09-27,5,0.017437437138172182,200
681,2012-09-28,5,0.004855644291708699,200
682,2012-10-01,5,3.641873865360745e-05,200
683,2012-10-03,5,-0.024090622406244197,200
684,2012-10-04,5,-0.021823432406702908,200
685,2012-10-05,5,-0.012119620035039518,200
686,2012-10-08,5,-0.005762376442961825,200
687,2012-10-09,5,-0.011041413973562987,200
688,2012-10-10,5,0.0007860917021523306,200
689,2012-10-11,5,0.001033220742981021,200
690,2012-10-12,5,-0.008227467393978692,200
691,2012-10-15,5,-0.012373130411702744,200
692,2012-10-16,5,-0.010028622439033822,200
693,2012-10-17,5,-0.008762341187213312,200
694,2012-10-18,5,-0.02875852971842834,200
695,2012-10-19,5,-0.022088663540764584,200
696,2012-10-22,5,-0.03852876799362067,200
697,2012-10-23,5,-0.02408431791568326,200
698,2012-10-25,5,-0.008143093669245607,200
699,2012-10-26,5,0.007929893619559232,200
700,2012-10-29,5,0.009914257792035702,200
701,2012-10-30,5,0.027543150481583924,200
702,2012-10-31,5,0.02853412493476564,200
703,2012-11-01,5,0.012893184678535619,200
704,2012-11-02,5,0.0018537441786765996,200
705,2012-11-05,5,0.007993270395231651,200
706,2012-11-06,5,0.0040539918791971,200
707,2012-11-07,5,-0.008876874249029058,200
708,2012-11-08,5,-0.027731751402690595,200
709,2012-11-09,5,-0.026599299353164435,200
710,2012-11-12,5,-0.01837754826184866,200
711,2012-11-15,5,-0.019455061212482156,200
712,2012-11-16,5,-0.007952245903574238,200
713,2012-11-19,5,0.006025808938210409,200
714,2012-11-20,5,0.03232106653332605,200
715,2012-11-21,5,0.03685492194896306,200
716,2012-11-22,5,0.04959562782314331,200
717,2012-11-23,5,0.05769331030003901,200
718,2012-11-26,5,0.05376506357265662,200
719,2012-11-27,5,0.04654520216087744,200
720,2012-11-29,5,0.04059059472121027,200
721,2012-11-30,5,0.02525178442535113,200
722,2012-12-03,5,0.018273119198629836,200
723,2012-12-04,5,0.0007456580126905488,200
724,2012-12-05,5,-0.0057417984091999805,200
725,2012-12-06,5,-0.024982125027926023,200
726,2012-12-07,5,-0.014137486825809198,200
727,2012-12-10,5,-0.01364634819609364,200
728,2012-12-11,5,0.0034622334026663593,200
729,2012-12-12,5,0.009789564151037159,200
730,2012-12-13,5,0.022839182535517324,200
731,2012-12-14,5,-0.0028687079836377176,200
732,2012-12-17,5,-0.006516262106396467,200
733,2012-12-18,5,-0.00961474018862972,200
734,2012-12-19,5,-0.018242352709497853,200
735,2012-12-20,5,-0.004715415729560176,200
736,2012-12-21,5,0.010375570486081556,200
737,2012-12-24,5,0.021386198178914517,200
738,2012-12-26,5,0.023129965201444228,200
739,2012-12-27,5,0.03758064969627498,200
740,2012-12-28,5,0.03625450361867957,200
741,2012-12-31,5,0.0287887419822604,200
742,2013-01-01,5,0.014238063901846986,200
743,2013-01-02,5,0.004208466694249808,200
744,2013-01-03,5,-0.004087777242528546,200
745,2013-01-04,5,-0.02659237805987943,200
746,2013-01-07,5,-0.010383698378398441,200
747,2013-01-08,5,-0.010539878542921901,200
748,2013-01-09,5,-0.022749392663896237,200
749,2013-01-10,5,-0.014111475942770721,200
750,2013-01-11,5,0.0030450065165558192,200
751,2013-01-14,5,-0.008587649724217616,200
752,2013-01-15,5,-0.021302646008519457,200
753,2013-01-16,5,-0.015380562945656378,200
754,2013-01-17,5,-0.04676340230324079,200
755,2013-01-18,5,-0.0274709686068723,200
756,2013-01-21,5,-0.02800156813161283,200
757,2013-01-22,5,-0.02942984394029316,200
758,2013-01-23,5,-0.01988882506753156,200
759,2013-01-24,5,0.015105863200224152,200
760,2013-01-25,5,-0.0073977501740221515,200
761,2013-01-28,5,-0.01929274037835714,200
762,2013-01-29,5,-0.018043744785871577,200
763,2013-01-30,5,-0.009674799177934474,200
764,2013-01-31,5,-0.028467255356252594,200
765,2013-02-01,5,-0.04266596048362489,200
766,2013-02-04,5,-0.022101962666967595,200
767,2013-02-05,5,-0.028990573775968115,200
768,2013-02-06,5,-0.03439185937677932,200
769,2013-02-07,5,-0.041321209510068214,200
770,2013-02-08,5,-0.03214218018253695,200
771,2013-02-11,5,-0.023870645794660802,200
772,2013-02-12,5,-0.009315202796864323,200
773,2013-02-13,5,0.0035803609664730985,200
774,2013-02-14,5,0.00253679061270174,200
775,2013-02-15,5,-0.0031253345687319474,200
776,2013-02-18,5,-0.021751115238778432,200
777,2013-02-19,5,-0.05765502958594593,200
778,2013-02-20,5,-0.039414401156428934,200
779,2013-02-21,5,-0.05846203017261335,200
780,2013-02-22,5,-0.05802919642813978,200
781,2013-02-25,5,-0.057130099977866056,200
782,2013-02-26,5,-0.022378080348812474,200
783,2013-02-27,5,-0.01988879850911347,200
784,2013-02-28,5,0.03266396367905289,200
785,2013-03-01,5,0.042357701252713424,200
786,2013-03-04,5,0.05691527404270278,200
787,2013-03-05,5,0.024067802067412325,200
788,2013-03-06,5,0.0023957217004844634,200
789,2013-03-07,5,-0.00019118808950070954,200
790,2013-03-08,5,-0.016941014235375765,200
791,2013-03-11,5,-0.02660953578574743,200
792,2013-03-12,5,-0.038615410623474664,200
793,2013-03-13,5,-0.054595501680373575,200
794,2013-03-14,5,-0.08072563574297104,200
795,2013-03-15,5,-0.06658779460885887,200
796,2013-03-18,5,-0.07363105634975213,199
797,2013-03-19,5,-0.05238148048322708,199
798,2013-03-20,5,-0.014338992700643116,199
799,2013-03-21,5,0.027450183203502447,199
800,2013-03-22,5,0.038284742665800356,199
801,2013-03-25,5,0.04236172548538464,199
802,2013-03-26,5,0.02468848867723767,199
803,2013-03-28,5,0.0019867789008297973,199
804,2013-04-01,5,-0.013766846515272215,200
805,2013-04-02,5,-0.04405985039396808,200
806,2013-04-03,5,-0.015348038116243799,200
807,2013-04-04,5,0.0012720885346779343,200
808,2013-04-05,5,-0.0011147657384678689,200
809,2013-04-08,5,0.0015769372454310677,200
810,2013-04-09,5,0.030336647678245735,200
811,2013-04-10,5,0.01935478638878279,200
812,2013-04-11,5,0.04339463580077088,200
813,2013-04-12,5,0.05750002527651622,200
814,2013-04-15,5,0.04959001655262403,200
815,2013-04-16,5,0.03515443499718566,200
816,2013-04-17,5,0.02451780532107963,200
817,2013-04-18,5,0.019824150731101067,200
818,2013-04-22,5,0.0046779754819414095,200
819,2013-04-23,5,0.014799655236764873,200
820,2013-04-25,5,0.0038438239434650163,200
821,2013-04-26,5,0.022970860781374735,200
822,2013-04-29,5,0.020890584941801436,200
823,2013-04-30,5,0.02643942701198859,200
824,2013-05-02,5,0.00782577259553129,200
825,2013-05-03,5,0.018344328580304804,200
826,2013-05-06,5,-0.008083885077548708,200
827,2013-05-07,5,-0.017222329620231836,200
828,2013-05-08,5,0.005422717191219257,200
829,2013-05-09,5,0.01757006756652499,200
830,2013-05-10,5,0.014081431769997326,200
831,2013-05-13,5,0.026788540666204303,200
832,2013-05-14,5,0.013560611275016404,200
833,2013-05-15,5,-0.016062603421530777,200
834,2013-05-16,5,-0.050789577701839915,200
835,2013-05-17,5,-0.05073479651161522,200
836,2013-05-20,5,-0.030137831460895503,200
837,2013-05-21,5,-0.018609897306316195,200
838,2013-05-22,5,-0.006537719173568761,200
839,2013-05-23,5,0.0079653210075469,200
840,2013-05-24,5,-0.017941426116181162,200
841,2013-05-27,5,-0.03391304981564159,200
842,2013-05-28,5,-0.036820232484629026,200
843,2013-05-29,5,-0.02101638588349215,200
844,2013-05-30,5,-0.01944993725045028,200
845,2013-05-31,5,-0.007248122672475046,200
846,2013-06-03,5,-0.01991990617669674,200
847,2013-06-04,5,-0.03975967671303906,200
848,2013-06-05,5,-0.04654254890513401,200
849,2013-06-06,5,-0.06932540511066157,200
850,2013-06-07,5,-0.04963541324038199,200
851,2013-06-10,5,-0.01970392642251716,199
852,2013-06-11,5,0.00025628893735634453,199
853,2013-06-12,5,0.02349251410566052,199
854,2013-06-13,5,-0.008361926800036298,199
855,2013-06-14,5,-0.03644270669136286,199
856,2013-06-17,5,-0.06887601834201028,199
857,2013-06-18,5,-0.07436202636954209,199
858,2013-06-19,5,-0.07588953514730225,199
859,2013-06-20,5,-0.042930152169098575,199
860,2013-06-21,5,0.00026038922983347346,199
861,2013-06-24,5,0.05451852322774814,199
862,2013-06-25,5,0.05371636421908458,199
863,2013-06-26,5,0.02544251430714232,199
864,2013-06-27,5,0.021261459177006083,199
865,2013-06-28,5,0.003158357770309325,199
866,2013-07-01,5,-0.02562144747188173,200
867,2013-07-02,5,-0.0013921485324506898,200
868,2013-07-03,5,0.006977421604992153,199
869,2013-07-04,5,0.004987429060677806,199
870,2013-07-05,5,0.01899643431248388,199
871,2013-07-08,5,0.023551152093859648,199
872,2013-07-09,5,-0.007471353149573278,199
873,2013-07-10,5,-0.016276204327639602,199
874,2013-07-11,5,-0.007983632463363284,199
875,2013-07-12,5,-0.009638857381631307,199
876,2013-07-15,5,-0.007801091445426979,199
877,2013-07-16,5,-0.0022165235187875092,199
878,2013-07-17,5,-0.01750513217931428,199
879,2013-07-18,5,-0.043159276683727425,199
880,2013-07-19,5,-0.040819872553909196,199
881,2013-07-22,5,-0.06448079339048812,199
882,2013-07-23,5,-0.08423999018445666,199
883,2013-07-24,5,-0.06472340896503853,199
884,2013-07-25,5,-0.08649955227768238,199
885,2013-07-26,5,-0.08520669970108388,199
886,2013-07-29,5,-0.06459186670450137,199
887,2013-07-30,5,-0.06164895853747602,199
888,2013-07-31,5,-0.05478487576742938,199
889,2013-08-01,5,-0.008585827466984648,200
890,2013-08-02,5,0.025993163051116448,200
891,2013-08-05,5,0.047310394973184115,200
892,2013-08-06,5,0.08240740740007407,200
893,2013-08-07,5,0.01575301214245276,200
894,2013-08-08,5,-0.02013027044251597,200
895,2013-08-12,5,-0.02733656500335377,200
896,2013-08-13,5,-0.06888107738418897,200
897,2013-08-14,5,-0.04921702872771978,200
898,2013-08-16,5,0.002762120802950841,200
899,2013-08-19,5,0.029229552714890857,200
900,2013-08-20,5,-0.034221462949977216,200
901,2013-08-21,5,0.0004168978102977172,200
902,2013-08-22,5,-0.010766021982584043,200
903,2013-08-23,5,-0.019608819764082967,200
904,2013-08-26,5,0.004416796233224593,199
905,2013-08-27,5,0.012910145105353559,199
906,2013-08-28,5,0.019760341725196702,199
907,2013-08-29,5,0.035811561347108944,199
908,2013-08-30,5,0.04316145557554698,199
909,2013-09-02,5,0.04727278665025086,200
910,2013-09-03,5,0.10909276319565925,200
911,2013-09-04,5,0.06763797502609772,200
912,2013-09-05,5,0.05722931029561163,200
913,2013-09-06,5,0.028418527092647645,200
914,2013-09-10,5,0.011702808626931977,200
915,2013-09-11,5,-0.01099474038291487,200
916,2013-09-12,5,0.041544484818414974,200
917,2013-09-13,5,0.0028903175129718632,200
918,2013-09-16,5,0.010770594743938666,200
919,2013-09-17,5,0.010509973149095353,200
920,2013-09-18,5,-0.014918861731256339,200
921,2013-09-19,5,-0.02793316184765925,200
922,2013-09-20,5,-0.011628468318740986,200
923,2013-09-23,5,-0.014877249905840722,200
924,2013-09-24,5,-0.009609045925058388,200
925,2013-09-25,5,0.012460459663713874,200
926,2013-09-26,5,0.01097280683905519,200
927,2013-09-27,5,0.03259342172547178,200
928,2013-09-30,5,0.0438102092420244,200
929,2013-10-01,5,0.04358474497875278,200
930,2013-10-03,5,0.03200829574778416,200
931,2013-10-04,5,0.032250139969203014,200
932,2013-10-07,5,0.02102904091690825,200
933,2013-10-08,5,0.019544398703362335,200
934,2013-10-09,5,-0.00019932263884581692,200
935,2013-10-10,5,0.0034193385456021347,200
936,2013-10-11,5,0.021519306887733704,200
937,2013-10-14,5,0.018391075218537188,200
938,2013-10-15,5,0.0333627992268141,200
939,2013-10-17,5,0.030022287740410398,200
940,2013-10-18,5,0.00462819554587718,200
941,2013-10-21,5,-0.01579025193713616,200
942,2013-10-22,5,-0.007409626627276251,200
943,2013-10-23,5,0.0028264635982211688,200
944,2013-10-24,5,0.025663743705131012,200
945,2013-10-25,5,0.04481069790255371,200
946,2013-10-28,5,0.07001624264451672,200
947,2013-10-29,5,0.03931894397301908,200
948,2013-10-30,5,0.022318413831874925,200
949,2013-10-31,5,0.005366679561004938,200
950,2013-11-01,5,-0.022494656469780258,200
951,2013-11-05,5,-0.04183139159650752,200
952,2013-11-06,5,-0.04359493496224556,200
953,2013-11-07,5,-0.010605635839085394,200
954,2013-11-08,5,0.006017150091332888,200
955,2013-11-11,5,0.017782090673996654,200
956,2013-11-12,5,0.029330743244059144,200
957,2013-11-13,5,0.005208969327715378,200
958,2013-11-14,5,-0.011579391540330018,200
959,2013-11-18,5,-0.00672337541490135,200
960,2013-11-19,5,-0.018301103669975435,200
961,2013-11-20,5,-0.008398932686166552,200
962,2013-11-21,5,0.00902363254765855,200
963,2013-11-22,5,0.02377784767783851,200
964,2013-11-25,5,0.022913871560003657,200
965,2013-11-26,5,0.028986998547469847,200
966,2013-11-27,5,0.016237070241592596,200
967,2013-11-28,5,0.020042239469761004,200
968,2013-11-29,5,0.01268927412099663,200
969,2013-12-02,5,0.01991355323695237,200
970,2013-12-03,5,0.012972029615237288,200
971,2013-12-04,5,-0.001922694146537244,200
972,2013-12-05,5,-0.003278842755470694,200
973,2013-12-06,5,-0.04391823664648308,200
974,2013-12-09,5,-0.032954241114735855,200
975,2013-12-10,5,-0.02309341805887656,200
976,2013-12-11,5,-0.0003809122581860347,200
977,2013-12-12,5,-0.0009559631071160429,200
978,2013-12-13,5,0.02972137163106698,200
979,2013-12-16,5,0.0344469742891788,200
980,2013-12-17,5,0.046370648810381464,200
981,2013-12-18,5,0.031044588760656536,200
982,2013-12-19,5,0.046564054628748706,200
983,2013-12-20,5,0.02030943006888351,200
984,2013-12-23,5,0.013738554366080145,200
985,2013-12-24,5,0.01649042722329179,200
986,2013-12-26,5,-0.011996352628998121,200
987,2013-12-27,5,-0.009156864595461054,200
988,2013-12-30,5,-0.002387196897603522,200
989,2013-12-31,5,-0.012386815724897117,200
990,2014-01-01,5,-0.012430903434926734,200
991,2014-01-02,5,0.008080515195923876,200
992,2014-01-03,5,-0.014091473990149393,200
993,2014-01-06,5,-0.0163950952408273,200
994,2014-01-07,5,-0.01543336612665403,200
995,2014-01-08,5,-0.012457331750661056,200
996,2014-01-09,5,-0.007621644688475524,200
997,2014-01-10,5,-0.01333690997113316,200
998,2014-01-13,5,-0.0023049436951542647,200
999,2014-01-14,5,-0.001040480981018364,200
1000,2014-01-15,5,-0.003460119551498929,200
1001,2014-01-16,5,0.0016792385025047425,200
1002,2014-01-17,5,-0.0053319618734247575,200
1003,2014-01-20,5,-0.05390274877258593,200
1004,2014-01-21,5,-0.05419874482718878,200
1005,2014-01-22,5,-0.054342468926053024,200
1006,2014-01-23,5,-0.06310345268679439,200
1007,2014-01-24,5,-0.017038498031186913,200
1008,2014-01-27,5,-0.005115857655063284,200
1009,2014-01-28,5,-0.008502942635412515,200
1010,2014-01-29,5,0.015337819620330073,200
1011,2014-01-30,5,0.01781343149589374,200
1012,2014-01-31,5,0.01139204807121822,200
1013,2014-02-03,5,0.030518797014439672,200
1014,2014-02-04,5,0.013927208712306967,200
1015,2014-02-05,5,0.0036832076523701227,200
1016,2014-02-06,5,-0.01628551325535289,200
1017,2014-02-07,5,-0.018759895067886043,200
1018,2014-02-10,5,-0.016584066732036194,200
1019,2014-02-11,5,-0.008116375423246452,200
1020,2014-02-12,5,0.0019086128467016138,200
1021,2014-02-13,5,0.012804428291977364,200
1022,2014-02-14,5,0.019968553898503858,200
1023,2014-02-17,5,0.022417281484941123,200
1024,2014-02-18,5,0.013082843403616557,200
1025,2014-02-19,5,0.016434332667006682,200
1026,2014-02-20,5,0.021730336855070146,199
1027,2014-02-21,5,0.008682936923133265,199
1028,2014-02-24,5,0.01836522039810726,199
1029,2014-02-25,5,0.028248029924730682,199
1030,2014-02-26,5,0.0415743237477355,199
1031,2014-02-28,5,0.04673724679892682,199
1032,2014-03-03,5,0.05890033785845019,200
1033,2014-03-04,5,0.03167898726388583,200
1034,2014-03-05,5,0.02305691628407534,200
1035,2014-03-06,5,-0.0036704643618316653,200
1036,2014-03-07,5,-0.005862807516476593,200
1037,2014-03-10,5,-0.008653483064155936,200
1038,2014-03-11,5,0.003035358568364949,200
1039,2014-03-12,5,-0.007777799289242696,200
1040,2014-03-13,5,0.016613117210558997,200
1041,2014-03-14,5,0.015257254464209504,200
1042,2014-03-18,5,0.011397013231123245,200
1043,2014-03-19,5,0.017179914934987817,200
1044,2014-03-20,5,0.02697777205810767,200
1045,2014-03-21,5,0.03718173594045708,200
1046,2014-03-24,5,0.04791006414756034,200
1047,2014-03-25,5,0.037384682672853976,200
1048,2014-03-26,5,0.05807631659281223,200
1049,2014-03-27,5,0.03833244524091461,200
1050,2014-03-28,5,0.02103258273919497,200
1051,2014-03-31,5,0.012579081267503471,200
1052,2014-04-01,5,0.028269811553289132,200
1053,2014-04-02,5,0.02113588239907542,200
1054,2014-04-03,5,0.02849285558697417,200
1055,2014-04-04,5,0.012074931214222713,200
1056,2014-04-07,5,-0.005102348878801717,200
1057,2014-04-09,5,-0.003712646793805279,200
1058,2014-04-10,5,0.00919048996613605,200
1059,2014-04-11,5,-0.0008665019060840546,200
1060,2014-04-15,5,0.012652938699524852,200
1061,2014-04-16,5,0.019777614939129974,200
1062,2014-04-17,5,0.00758471288954036,200
1063,2014-04-21,5,-0.010137945659711187,200
1064,2014-04-22,5,-0.023339414239801445,200
1065,2014-04-23,5,-0.021024840042474083,200
1066,2014-04-25,5,-0.020401863834073514,200
1067,2014-04-28,5,-0.02649631205020272,200
1068,2014-04-29,5,-0.02629270482595969,200
1069,2014-04-30,5,-0.014118249949189577,200
1070,2014-05-02,5,0.01306591120535893,200
1071,2014-05-05,5,0.0283486076103155,200
1072,2014-05-06,5,0.05206673823659364,200
1073,2014-05-07,5,0.07156749950227229,200
1074,2014-05-08,5,0.0681566692236317,200
1075,2014-05-09,5,0.06410180208045681,200
1076,2014-05-12,5,0.09290530667217159,200
1077,2014-05-13,5,0.08902066092954125,200
1078,2014-05-14,5,0.08054324041227824,200
1079,2014-05-15,5,0.09200579577199255,200
1080,2014-05-16,5,0.09955552946496392,200
1081,2014-05-19,5,0.02896177809394708,200
1082,2014-05-20,5,0.012970657791570155,200
1083,2014-05-21,5,0.005576060195639225,200
1084,2014-05-22,5,-0.019177018343261007,200
1085,2014-05-23,5,-0.03917584625786383,200
1086,2014-05-26,5,0.012049939969850194,200
1087,2014-05-27,5,0.02579471510145228,200
1088,2014-05-28,5,0.03744644353563196,200
1089,2014-05-29,5,0.058856946714927735,200
1090,2014-05-30,5,0.07337424806870163,200
1091,2014-06-02,5,0.0720927940641262,200
1092,2014-06-03,5,0.06320752706768029,200
1093,2014-06-04,5,0.03174845296104328,200
1094,2014-06-05,5,0.012765441718743623,200
1095,2014-06-06,5,-0.03318777166170743,200
1096,2014-06-09,5,-0.04286228952050822,200
1097,2014-06-10,5,-0.024540926270491637,200
1098,2014-06-11,5,-0.01884104404074478,200
1099,2014-06-12,5,-0.026389648521345135,200
1100,2014-06-13,5,0.002687370293078254,200
1101,2014-06-16,5,0.0016022775624829283,200
1102,2014-06-17,5,0.000669176997840532,200
1103,2014-06-18,5,0.012542023061170112,200
1104,2014-06-19,5,0.016862823780206215,200
1105,2014-06-20,5,0.025816363709713998,200
1106,2014-06-23,5,0.038677550689198884,200
1107,2014-06-24,5,0.02412911684544349,200
1108,2014-06-25,5,0.03529687970224665,200
1109,2014-06-26,5,0.0345844804742715,200
1110,2014-06-27,5,0.034736976841273665,200
1111,2014-06-30,5,0.014878687542664113,200
1112,2014-07-01,5,-0.03426703221797011,200
1113,2014-07-02,5,-0.05776577637896442,200
1114,2014-07-03,5,-0.049528339350471746,200
1115,2014-07-04,5,-0.08415747995944066,200
1116,2014-07-07,5,-0.08170296834668965,200
1117,2014-07-08,5,-0.01776729888139224,200
1118,2014-07-09,5,0.015241510286565363,200
1119,2014-07-10,5,0.020838353886844484,200
1120,2014-07-11,5,0.05538209075104434,200
1121,2014-07-14,5,0.04347948443659935,200
1122,2014-07-15,5,0.024374230519698413,200
1123,2014-07-16,5,0.010859137251312425,200
1124,2014-07-17,5,0.004134870143331255,200
1125,2014-07-18,5,-0.014760166278437263,200
1126,2014-07-21,5,-0.0244228866781597,200
1127,2014-07-22,5,-0.02187773887920792,200
1128,2014-07-23,5,-0.01854478571343855,200
1129,2014-07-24,5,-0.03002624096062851,200
1130,2014-07-25,5,-0.0012447758539886839,200
1131,2014-07-28,5,0.01773422317318788,200
1132,2014-07-30,5,0.0025227961893150336,200
1133,2014-07-31,5,0.010645097015763967,200
1134,2014-08-01,5,-0.013237232261823153,200
1135,2014-08-04,5,-0.017432872098852352,200
1136,2014-08-05,5,-0.015509106495439035,200
1137,2014-08-06,5,-0.03114692802939004,200
1138,2014-08-07,5,-0.0075474757022775864,200
1139,2014-08-08,5,0.01772508274788548,200
1140,2014-08-11,5,0.024376263987271773,200
1141,2014-08-12,5,0.025733436772848402,200
1142,2014-08-13,5,0.0463081458361794,200
1143,2014-08-14,5,0.03641391843711922,200
1144,2014-08-18,5,-0.002000652955838237,200
1145,2014-08-19,5,-0.011791939556393667,200
1146,2014-08-20,5,-0.00840484512666127,200
1147,2014-08-21,5,-0.016266571758919837,200
1148,2014-08-22,5,0.007133422938150751,200
1149,2014-08-25,5,0.03016555581556578,200
1150,2014-08-26,5,0.03180922794094468,200
1151,2014-08-27,5,0.022684110272428618,200
1152,2014-08-28,5,0.026410383473658105,200
1153,2014-09-01,5,0.02350332431334724,200
1154,2014-09-02,5,0.016123334046889332,200
1155,2014-09-03,5,0.017720124417180717,200
1156,2014-09-04,5,0.0289065719231717,200
1157,2014-09-05,5,0.022979165755698708,200
1158,2014-09-08,5,0.010387428168037137,200
1159,2014-09-09,5,-0.022587868745870137,200
1160,2014-09-10,5,-0.024466564442273967,200
1161,2014-09-11,5,-0.0066462744876005665,200
1162,2014-09-12,5,-0.0035050573971313463,200
1163,2014-09-15,5,-0.009725482399988286,200
1164,2014-09-16,5,-0.005638885146790878,200
1165,2014-09-17,5,-0.013370635222527478,200
1166,2014-09-18,5,-0.07098852947992508,200
1167,2014-09-19,5,-0.04592392667229679,200
1168,2014-09-22,5,-0.04569993904202383,200
1169,2014-09-23,5,-0.02412847671193189,200
1170,2014-09-24,5,-0.01765083130976123,200
1171,2014-09-25,5,0.005802239111508221,200
1172,2014-09-26,5,-0.015320824224477664,200
1173,2014-09-29,5,0.005142457516996109,200
1174,2014-09-30,5,-0.010332224844158473,200
1175,2014-10-01,5,0.003393850725291259,200
1176,2014-10-07,5,0.012870002347609719,200
1177,2014-10-08,5,-0.024324658587663542,200
1178,2014-10-09,5,-0.02482329473354996,200
1179,2014-10-10,5,0.004550144688142449,200
1180,2014-10-13,5,9.222850963097995e-05,200
1181,2014-10-14,5,0.02472742956784116,200
1182,2014-10-16,5,0.04460655294754746,200
1183,2014-10-17,5,0.02828005578479769,200
1184,2014-10-20,5,0.03063678597279097,200
1185,2014-10-21,5,0.02329030262183844,200
1186,2014-10-22,5,0.02682898266151106,200
1187,2014-10-27,5,0.05027391392093168,200
1188,2014-10-28,5,0.03948402410183434,200
1189,2014-10-29,5,0.038600023981580966,200
1190,2014-10-30,5,0.024719032873601065,200
1191,2014-10-31,5,0.01545921336567801,200
1192,2014-11-03,5,0.005484778567770129,200
1193,2014-11-05,5,-0.0004521475534057351,200
1194,2014-11-07,5,0.006375335026923795,200
1195,2014-11-10,5,0.014894699962289976,200
1196,2014-11-11,5,0.012650047300913117,200
1197,2014-11-12,5,-0.004300271177652817,200
1198,2014-11-13,5,0.0030053939047086807,200
1199,2014-11-14,5,0.0011077056678486725,200
1200,2014-11-17,5,-0.007934281533021002,200
1201,2014-11-18,5,-0.03364684435842519,200
1202,2014-11-19,5,-0.012177238599109477,200
1203,2014-11-20,5,-0.003454874050401735,200
1204,2014-11-21,5,0.0033053165925006497,200
1205,2014-11-24,5,-0.004688809208023276,200
1206,2014-11-25,5,0.02809953186805733,200
1207,2014-11-26,5,0.03201684994747797,200
1208,2014-11-27,5,0.028327145680971545,200
1209,2014-11-28,5,0.014332012763091125,200
1210,2014-12-01,5,0.014530243735585945,200
1211,2014-12-02,5,-0.02044754390562091,200
1212,2014-12-03,5,-0.025655163280327666,200
1213,2014-12-04,5,-0.035953735336431,200
1214,2014-12-05,5,-0.04410729369913114,200
1215,2014-12-08,5,-0.03434458095376903,200
1216,2014-12-09,5,-0.047468674212395444,200
1217,2014-12-10,5,-0.06521461886531854,200
1218,2014-12-11,5,-0.02947960102380634,200
1219,2014-12-12,5,-0.0017464137674067088,200
1220,2014-12-15,5,0.01340913103437002,200
1221,2014-12-16,5,0.036368746516251715,200
1222,2014-12-17,5,0.02238150487818228,200
1223,2014-12-18,5,-0.000956084911371618,200
1224,2014-12-19,5,0.013901922216636798,200
1225,2014-12-22,5,0.00959116602125679,200
1226,2014-12-23,5,0.028626060127389597,200
1227,2014-12-24,5,0.03412990669855342,200
1228,2014-12-26,5,0.03669209694342158,200
1229,2014-12-29,5,0.027806357851249484,200
1230,2014-12-30,5,-0.00876285279773637,200
1231,2014-12-31,5,-0.01749934794388887,200
1232,2015-01-01,5,-0.006636324723431837,200
1233,2015-01-02,5,-0.015573782440643563,200
1234,2015-01-05,5,0.0007355553122504898,200
1235,2015-01-06,5,0.026339900331148816,200
1236,2015-01-07,5,0.009421753997201769,200
1237,2015-01-08,5,0.011218779021754766,200
1238,2015-01-09,5,0.02303052098284346,200
1239,2015-01-12,5,0.01771706368460344,200
1240,2015-01-13,5,0.027101185722146967,200
1241,2015-01-14,5,0.01707197512213265,200
1242,2015-01-15,5,0.015524603515968658,200
1243,2015-01-16,5,0.010184438021410905,200
1244,2015-01-19,5,0.010008972075533364,200
1245,2015-01-20,5,0.007318838481240072,200
1246,2015-01-21,5,0.009245169314575986,200
1247,2015-01-22,5,-0.0005100992888230782,200
1248,2015-01-23,5,0.007771895184354406,200
1249,2015-01-27,5,0.0019045739838926107,200
1250,2015-01-28,5,-0.003467647880556044,200
1251,2015-01-29,5,-0.025894475814093366,200
1252,2015-01-30,5,-0.029166696297698268,200
1253,2015-02-02,5,-0.05807665119614319,200
1254,2015-02-03,5,-0.04712571556580653,200
1255,2015-02-04,5,-0.02498470102631897,200
1256,2015-02-05,5,0.00461101962804182,200
1257,2015-02-06,5,0.033089602024759614,200
1258,2015-02-09,5,0.051929971870537696,200
1259,2015-02-10,5,0.044885032546795045,200
1260,2015-02-11,5,0.026758608226798933,200
1261,2015-02-12,5,0.01648554822854091,200
1262,2015-02-13,5,-0.003947172700835116,200
1263,2015-02-16,5,-0.006213935023198196,200
1264,2015-02-18,5,-0.01633482835035036,200
1265,2015-02-19,5,-0.026769911458885166,200
1266,2015-02-20,5,-0.004885182976068994,200
1267,2015-02-23,5,0.02153647805844957,200
1268,2015-02-24,5,0.034250357400234244,200
1269,2015-02-25,5,0.02506602288571061,200
1270,2015-02-26,5,0.03966959090367107,200
1271,2015-02-27,5,-0.0042541427632577615,200
1272,2015-03-02,5,-0.016201724241398346,200
1273,2015-03-03,5,-0.038253215656457625,200
1274,2015-03-04,5,-0.0019173403805405399,200
1275,2015-03-05,5,-0.019585269124610435,200
1276,2015-03-09,5,-0.013258274212323775,200
1277,2015-03-10,5,0.0003175094613256407,200
1278,2015-03-11,5,0.0030147674076876486,200
1279,2015-03-12,5,-0.022973720222064453,200
1280,2015-03-13,5,-0.018520219888007852,200
1281,2015-03-16,5,-0.02727845563579065,200
1282,2015-03-17,5,-0.03647018943804785,200
1283,2015-03-18,5,-0.047386355237235174,200
1284,2015-03-19,5,-0.044165385239259336,200
1285,2015-03-20,5,-0.029125746981743385,200
1286,2015-03-23,5,0.000753752699939173,200
1287,2015-03-24,5,0.003425957296169369,200
1288,2015-03-25,5,0.034003764654282065,200
1289,2015-03-26,5,0.04886549460754546,200
1290,2015-03-27,5,0.054987111479631624,200
1291,2015-03-30,5,0.04248217848514949,200
1292,2015-03-31,5,0.04940445651327464,200
1293,2015-04-01,5,0.035022886839867706,199
1294,2015-04-06,5,0.029005719125189917,199
1295,2015-04-07,5,0.010495282675088572,199
1296,2015-04-08,5,-0.008445919052384633,199
1297,2015-04-09,5,-0.02022463733706247,199
1298,2015-04-10,5,-0.050209317297220495,199
1299,2015-04-13,5,-0.06185225634651197,199
1300,2015-04-15,5,-0.051216498926431916,198
1301,2015-04-16,5,-0.043040716930071776,198
1302,2015-04-17,5,-0.05354005442044175,198
1303,2015-04-20,5,-0.055725408163564784,198
1304,2015-04-21,5,-0.037779744776070656,198
1305,2015-04-22,5,-0.040686753452455766,198
1306,2015-04-23,5,-0.035660878334095855,198
1307,2015-04-24,5,0.008051641829208863,198
1308,2015-04-27,5,0.046540843078023426,198
1309,2015-04-28,5,-0.0137476837483396,198
1310,2015-04-29,5,-0.030713469175545974,198
1311,2015-04-30,5,-0.02199095552415628,198
1312,2015-05-04,5,-0.02002862108601422,200
1313,2015-05-05,5,-0.04443426657230498,200
1314,2015-05-06,5,0.009112902853756093,200
1315,2015-05-07,5,0.02760638553491826,200
1316,2015-05-08,5,0.016637841700750364,200
1317,2015-05-11,5,0.015835930254636903,200
1318,2015-05-12,5,0.038308123534169576,200
1319,2015-05-13,5,0.03181639717423864,200
1320,2015-05-14,5,0.013070615568550024,200
1321,2015-05-15,5,0.011356192477451992,200
1322,2015-05-18,5,-0.0003679006686575814,200
1323,2015-05-19,5,-0.01093562901402822,200
1324,2015-05-20,5,-0.010482074807301447,200
1325,2015-05-21,5,-0.010783749233546518,200
1326,2015-05-22,5,0.004589834737422511,200
1327,2015-05-25,5,0.005156891388936217,199
1328,2015-05-26,5,-0.010631585323661421,198
1329,2015-05-27,5,-0.04735794593604847,198
1330,2015-05-28,5,-0.04740008250108918,198
1331,2015-05-29,5,-0.055674732119802804,198
1332,2015-06-01,5,-0.07270395508971278,200
1333,2015-06-02,5,-0.04967407689703909,200
1334,2015-06-03,5,-0.0127095384937232,200
1335,2015-06-04,5,-0.02661621031838314,200
1336,2015-06-05,5,-0.03681967665004653,200
1337,2015-06-08,5,-0.01039189861319786,200
1338,2015-06-09,5,-0.00542538897232267,200
1339,2015-06-10,5,-0.011375989802668162,200
1340,2015-06-11,5,0.030532270227881346,200
1341,2015-06-12,5,0.03311754314074396,200
1342,2015-06-15,5,0.04990074780427496,200
1343,2015-06-16,5,0.04212408269577697,200
1344,2015-06-17,5,0.02428808273975816,200
1345,2015-06-18,5,0.0192036115510646,200
1346,2015-06-19,5,0.014527392544195711,200
1347,2015-06-22,5,-0.018768425388454964,200
1348,2015-06-23,5,-0.01061322129209371,200
1349,2015-06-24,5,0.017853091911386728,200
1350,2015-06-25,5,0.013798608505097086,200
1351,2015-06-26,5,0.03215341755768809,200
1352,2015-06-29,5,0.03922465775183584,200
1353,2015-06-30,5,0.030560426742476592,200
1354,2015-07-01,5,-0.0025182267902083767,200
1355,2015-07-02,5,-0.0037196090814786346,200
1356,2015-07-03,5,0.014429485795311048,200
1357,2015-07-06,5,-0.0021998278717786594,200
1358,2015-07-07,5,0.010324017319319381,200
1359,2015-07-08,5,0.01763500621366263,200
1360,2015-07-09,5,0.02553127763737715,200
1361,2015-07-10,5,0.029945398053618684,200
1362,2015-07-13,5,0.01943596534107445,200
1363,2015-07-14,5,-0.00370401661690638,200
1364,2015-07-15,5,0.0026324978556907224,200
1365,2015-07-16,5,-0.006494455289689024,200
1366,2015-07-17,5,-0.016004901590836583,200
1367,2015-07-20,5,-0.03253709716930811,200
1368,2015-07-21,5,-0.016488354751148227,200
1369,2015-07-22,5,-0.02636663442870777,200
1370,2015-07-23,5,-0.010289774590265803,200
1371,2015-07-24,5,0.0112686911382889,200
1372,2015-07-27,5,0.03259070728536094,200
1373,2015-07-28,5,0.04350606613293382,200
1374,2015-07-29,5,0.045251362327664635,200
1375,2015-07-30,5,0.03305334255831139,200
1376,2015-07-31,5,0.019131867502814873,200
1377,2015-08-03,5,0.0043893690048095605,200
1378,2015-08-04,5,-0.016528381954206778,200
1379,2015-08-05,5,-0.047310339053795884,200
1380,2015-08-06,5,-0.05499328716583173,200
1381,2015-08-07,5,-0.02906095555270359,200
1382,2015-08-10,5,-0.024509220674280737,200
1383,2015-08-11,5,0.00028431585843381567,200
1384,2015-08-12,5,0.016858535782793213,200
1385,2015-08-13,5,0.0006297857482494167,200
1386,2015-08-14,5,-0.027998834468959434,200
1387,2015-08-17,5,-0.12494658232363456,200
1388,2015-08-18,5,-0.10791421255343675,200
1389,2015-08-19,5,-0.10627910650887755,200
1390,2015-08-20,5,-0.0463684397217503,200
1391,2015-08-21,5,-0.012294904295777781,200
1392,2015-08-24,5,0.032043488834118145,200
1393,2015-08-25,5,0.005975208685487326,200
1394,2015-08-26,5,-0.017428594031221257,200
1395,2015-08-27,5,-0.027837480465641794,200
1396,2015-08-28,5,-0.04144003647692217,200
1397,2015-08-31,5,-0.050207694379468995,200
1398,2015-09-01,5,-0.030399732293042773,200
1399,2015-09-02,5,-0.0051226752667253486,200
1400,2015-09-03,5,-0.009019370864519111,200
1401,2015-09-04,5,0.017227391195123315,200
1402,2015-09-07,5,0.05463711301137557,200
1403,2015-09-08,5,0.016730147291926453,200
1404,2015-09-09,5,0.027103961525356973,200
1405,2015-09-10,5,0.0161010362702125,200
1406,2015-09-11,5,0.028507602334940957,200
1407,2015-09-14,5,-0.0034761138781357667,200
1408,2015-09-15,5,0.005608428955050351,200
1409,2015-09-16,5,0.008221626595007046,200
1410,2015-09-18,5,0.007648491844901758,200
1411,2015-09-21,5,-0.017887548468430232,200
1412,2015-09-22,5,0.03387407757887924,200
1413,2015-09-23,5,0.010454095490276611,200
1414,2015-09-24,5,0.027649745260947038,200
1415,2015-09-28,5,0.057036229226257944,200
1416,2015-09-29,5,0.03934074923878026,200
1417,2015-09-30,5,0.0219884255672532,200
1418,2015-10-01,5,0.021311890425186563,200
1419,2015-10-05,5,0.0018804871735252626,200
1420,2015-10-06,5,0.0013347253055637936,200
1421,2015-10-07,5,-0.006338094817003746,200
1422,2015-10-08,5,0.0013273810225243338,200
1423,2015-10-09,5,0.00848470768141577,200
1424,2015-10-12,5,0.018264662318304384,200
1425,2015-10-13,5,0.017045746023136518,200
1426,2015-10-14,5,0.008745309467929572,200
1427,2015-10-15,5,-0.0011718869515790842,200
1428,2015-10-16,5,-0.011094726303026863,200
1429,2015-10-19,5,-0.01495906796766395,200
1430,2015-10-20,5,-0.017336120690857805,200
1431,2015-10-21,5,-0.02688267114223606,200
1432,2015-10-23,5,-0.026589827141368635,200
1433,2015-10-26,5,-0.015736845605488853,200
1434,2015-10-27,5,-0.015729098983098797,200
1435,2015-10-28,5,-0.016231722691016057,200
1436,2015-10-29,5,-0.027025874156875917,200
1437,2015-10-30,5,-0.023891608405774433,200
1438,2015-11-02,5,-0.022348632763728036,200
1439,2015-11-03,5,-0.04178850382519156,200
1440,2015-11-04,5,-0.03133122294417067,200
1441,2015-11-05,5,-0.010387940338224095,200
1442,2015-11-06,5,0.02520628503003139,200
1443,2015-11-09,5,-0.013234611176768097,200
1444,2015-11-10,5,0.011052999496131486,200
1445,2015-11-13,5,0.023904017994027558,200
1446,2015-11-16,5,0.012151413345670176,200
1447,2015-11-17,5,0.013792592474414889,200
1448,2015-11-18,5,0.025204933459144176,200
1449,2015-11-19,5,0.020912500283962857,200
1450,2015-11-20,5,0.015969727159550157,200
1451,2015-11-23,5,0.02383150224273682,200
1452,2015-11-24,5,0.019061070085479033,200
1453,2015-11-26,5,0.004623963937890812,200
1454,2015-11-27,5,-0.007442292859778813,200
1455,2015-11-30,5,-0.012328752549021405,200
1456,2015-12-01,5,-0.03622372783935417,200
1457,2015-12-02,5,-0.04979321055544382,200
1458,2015-12-03,5,-0.030185656880341055,200
1459,2015-12-04,5,-0.04194056563095264,200
1460,2015-12-07,5,-0.0283633550765103,200
1461,2015-12-08,5,-0.008103071255608451,200
1462,2015-12-09,5,0.011660767227133863,200
1463,2015-12-10,5,0.02218967747025274,200
1464,2015-12-11,5,0.039388371645310914,200
1465,2015-12-14,5,0.03431470967356345,200
1466,2015-12-15,5,0.021901712234492575,200
1467,2015-12-16,5,0.02388367739139044,200
1468,2015-12-17,5,0.016273157229341962,200
1469,2015-12-18,5,0.020889677257796568,200
1470,2015-12-21,5,0.010025285991343282,200
1471,2015-12-22,5,0.008904619832241546,200
1472,2015-12-23,5,0.009256670870230235,200
1473,2015-12-24,5,0.0172099283664835,200
1474,2015-12-28,5,-0.005672969009349094,200
1475,2015-12-29,5,0.0031752835233599193,200
1476,2015-12-30,5,0.0004356104481649359,200
1477,2015-12-31,5,-0.03936158967803682,200
1478,2016-01-01,5,-0.0343855623258397,200
1479,2016-01-04,5,-0.03276544294277638,200
1480,2016-01-05,5,-0.04728298178405394,200
1481,2016-01-06,5,-0.04254711542619053,200
1482,2016-01-07,5,-0.04025777813196516,200
1483,2016-01-08,5,-0.06773902241989084,200
1484,2016-01-11,5,-0.10208583234283733,200
1485,2016-01-12,5,-0.08115333898988757,200
1486,2016-01-13,5,-0.0683530605668057,200
1487,2016-01-14,5,-0.07787209363330158,200
1488,2016-01-15,5,-0.010117708233986363,200
1489,2016-01-18,5,0.01637480696503228,200
1490,2016-01-19,5,0.022218116954272685,200
1491,2016-01-20,5,0.01624935419343173,200
1492,2016-01-21,5,0.028707975114086653,200
1493,2016-01-22,5,0.010581391984283801,200
1494,2016-01-25,5,-0.007983481090454232,200
1495,2016-01-27,5,-0.029605294343884318,200
1496,2016-01-28,5,-0.03036594534528155,200
1497,2016-01-29,5,-0.027707858703897408,200
1498,2016-02-01,5,-0.026723913496128685,200
1499,2016-02-02,5,-0.01117885930656234,200
1500,2016-02-03,5,-0.02795980427139025,200
1501,2016-02-04,5,-0.06488996363586697,200
1502,2016-02-05,5,-0.09317121385474833,200
1503,2016-02-08,5,-0.039115739413814195,200
1504,2016-02-09,5,-0.05500848933598025,199
1505,2016-02-10,5,-0.032250097006075173,199
1506,2016-02-11,5,0.015910447696517095,199
1507,2016-02-12,5,0.020070067529164917,199
1508,2016-02-15,5,-0.0050422332055440324,199
1509,2016-02-16,5,0.012122947610750182,199
1510,2016-02-17,5,-0.018969518992213802,199
1511,2016-02-18,5,-0.02359796908306538,199
1512,2016-02-19,5,-0.0343072866556807,199
1513,2016-02-22,5,-0.0442008705896075,199
1514,2016-02-23,5,0.013883936941616099,199
1515,2016-02-24,5,0.0439614425122477,199
1516,2016-02-25,5,0.06738719674873608,199
1517,2016-02-26,5,0.08885082133387272,199
1518,2016-02-29,5,0.09337964723999274,199
1519,2016-03-01,5,0.04834278312605946,200
1520,2016-03-02,5,0.023858631877229676,200
1521,2016-03-03,5,0.010518713558949138,200
1522,2016-03-04,5,0.006748404493529084,200
1523,2016-03-08,5,0.0005317415577661761,200
1524,2016-03-09,5,-0.018675571587115164,200
1525,2016-03-10,5,-0.005421034660205488,200
1526,2016-03-11,5,-0.0002983999052911285,200
1527,2016-03-14,5,0.016099952682696074,200
1528,2016-03-15,5,0.029832820702234385,200
1529,2016-03-16,5,0.02455874543227189,200
1530,2016-03-17,5,0.00661303927326393,200
1531,2016-03-18,5,-0.007230916561962635,200
1532,2016-03-21,5,0.0031044411626486045,200
1533,2016-03-22,5,0.005652967097744237,200
1534,2016-03-23,5,0.00815339226163438,200
1535,2016-03-28,5,0.03301497175012627,200
1536,2016-03-29,5,0.004392047884927399,200
1537,2016-03-30,5,-0.0012366819530535544,200
1538,2016-03-31,5,-0.010548862436413665,200
1539,2016-04-01,5,-0.0162096282625001,200
1540,2016-04-04,5,0.0021072726242162875,200
1541,2016-04-05,5,0.0264515314349477,200
1542,2016-04-06,5,0.03257442651232195,200
1543,2016-04-07,5,0.05160147250375222,200
1544,2016-04-08,5,0.04813139524871726,200
1545,2016-04-11,5,0.03243720103360286,200
1546,2016-04-12,5,0.01932617663044498,200
1547,2016-04-13,5,0.008008790900848608,200
1548,2016-04-18,5,0.007114641176466355,200
1549,2016-04-20,5,0.0018052397601777076,200
1550,2016-04-21,5,-0.003017193361949801,200
1551,2016-04-22,5,-0.007721582798864662,200
1552,2016-04-25,5,0.0041749989766604175,200
1553,2016-04-26,5,-0.01625558274909964,200
1554,2016-04-27,5,-0.03591856900654756,200
1555,2016-04-28,5,-0.020613046741327502,200
1556,2016-04-29,5,-0.014141496868838963,200
1557,2016-05-02,5,-0.010494380436561777,200
1558,2016-05-03,5,0.0020389508836397086,200
1559,2016-05-04,5,0.011537287889243101,200
1560,2016-05-05,5,0.02223968495214683,200
1561,2016-05-06,5,0.002474480085062151,200
1562,2016-05-09,5,-0.007046843004219062,200
1563,2016-05-10,5,0.011740205585321859,200
1564,2016-05-11,5,0.0015723608505265301,200
1565,2016-05-12,5,-0.015568498191230979,200
1566,2016-05-13,5,-0.01873199584776851,200
1567,2016-05-16,5,-0.027001242573815018,200
1568,2016-05-17,5,-0.0265930979037192,200
1569,2016-05-18,5,-0.0179775386399302,200
1570,2016-05-19,5,0.0066755335775827256,200
1571,2016-05-20,5,0.021928689772347378,200
1572,2016-05-23,5,0.037941489107310745,200
1573,2016-05-24,5,0.033866910396530274,200
1574,2016-05-25,5,0.024261078135990058,200
1575,2016-05-26,5,0.016000605693354052,200
1576,2016-05-27,5,-0.004354986083155197,200
1577,2016-05-30,5,-0.006046649994914242,200
1578,2016-05-31,5,0.002104749709684465,200
1579,2016-06-01,5,0.015688448578438235,200
1580,2016-06-02,5,0.005262471735774885,200
1581,2016-06-03,5,0.012173446710468423,200
1582,2016-06-06,5,0.0019399975348782965,200
1583,2016-06-07,5,0.0029842827873615375,200
1584,2016-06-08,5,0.002108383799831782,200
1585,2016-06-09,5,-5.9446712359296774e-05,200
1586,2016-06-10,5,0.013549440236451875,200
1587,2016-06-13,5,0.015457529453498072,200
1588,2016-06-14,5,0.008434416585058235,200
1589,2016-06-15,5,0.0023599812859539347,200
1590,2016-06-16,5,0.001788746456652105,200
1591,2016-06-17,5,-0.006050981745448599,200
1592,2016-06-20,5,-0.01329524189384061,200
1593,2016-06-21,5,-0.003897745594389479,200
1594,2016-06-22,5,0.013647824633246444,200
1595,2016-06-23,5,0.05606552463304671,200
1596,2016-06-24,5,0.05706728316332201,200
1597,2016-06-27,5,0.05274702997562538,200
1598,2016-06-28,5,0.041864192241096984,200
1599,2016-06-29,5,0.027255107542921583,200
1600,2016-06-30,5,0.013981395047017689,200
1601,2016-07-01,5,0.019045981303389227,200
1602,2016-07-04,5,0.017482090403510314,200
1603,2016-07-05,5,0.007737601118070852,200
1604,2016-07-07,5,0.017488750589870986,200
1605,2016-07-08,5,0.006092578868860939,200
1606,2016-07-11,5,-0.010256023360871096,200
1607,2016-07-12,5,-0.014530143634623693,200
1608,2016-07-13,5,0.007467756874782544,200
1609,2016-07-14,5,-0.00869358710947826,200
1610,2016-07-15,5,0.005669132391928712,200
1611,2016-07-18,5,0.02706110892791992,200
1612,2016-07-19,5,0.019281069081238538,200
1613,2016-07-20,5,0.010284077490789656,200
1614,2016-07-21,5,0.02484737636089291,200
1615,2016-07-22,5,0.017706779133258712,200
1616,2016-07-25,5,0.006849217205528858,200
1617,2016-07-26,5,0.0036370701461156435,200
1618,2016-07-27,5,-0.015925492261752775,200
1619,2016-07-28,5,-0.01383245287968942,200
1620,2016-07-29,5,-0.002603880179806549,200
1621,2016-08-01,5,0.007720910675580614,200
1622,2016-08-02,5,0.010317197516977645,200
1623,2016-08-03,5,0.00027859597352977163,200
1624,2016-08-04,5,-0.005751865917559574,200
1625,2016-08-05,5,-0.015125919364957748,200
1626,2016-08-08,5,-0.018355242258576803,200
1627,2016-08-09,5,-0.006730333353774827,200
1628,2016-08-10,5,0.02122876820108814,200
1629,2016-08-11,5,0.027004654777586436,200
1630,2016-08-12,5,0.016336222387688636,200
1631,2016-08-16,5,0.01510905843283868,200
1632,2016-08-17,5,0.011732653481575105,200
1633,2016-08-18,5,-0.0019695865166805752,200
1634,2016-08-19,5,-0.0074287940233710124,200
1635,2016-08-22,5,0.0011869942028224646,200
1636,2016-08-23,5,0.012543300784748692,200
1637,2016-08-24,5,0.0062832599425231336,200
1638,2016-08-25,5,0.0057848927245998435,200
1639,2016-08-26,5,0.016434552553635427,200
1640,2016-08-29,5,0.02506709734869854,200
1641,2016-08-30,5,0.02041757937087959,200
1642,2016-08-31,5,0.028649030486872392,200
1643,2016-09-01,5,0.02522949926676859,200
1644,2016-09-02,5,-0.016273626557811536,200
1645,2016-09-06,5,-0.014980207273788758,200
1646,2016-09-07,5,-0.020199519743213372,200
1647,2016-09-08,5,-0.02473849101027143,200
1648,2016-09-09,5,0.009215110064294159,200
1649,2016-09-12,5,0.01832330584525999,200
1650,2016-09-14,5,0.00318360107361157,200
1651,2016-09-15,5,0.01347130692642353,200
1652,2016-09-16,5,0.014415051908290724,200
1653,2016-09-19,5,0.00183940126697185,200
1654,2016-09-20,5,0.0018463086023723552,200
1655,2016-09-21,5,0.0046340258894804745,200
1656,2016-09-22,5,-0.04355037940315995,200
1657,2016-09-23,5,-0.019945416500443385,200
1658,2016-09-26,5,0.006889371586799675,200
1659,2016-09-27,5,0.017552509091108465,200
1660,2016-09-28,5,0.00450491493462814,200
1661,2016-09-29,5,0.05082232338088973,200
1662,2016-09-30,5,0.022440312842049014,200
1663,2016-10-03,5,0.0002054270856643453,200
1664,2016-10-04,5,-0.022910438476243206,200
1665,2016-10-05,5,-0.019219471994916693,200
1666,2016-10-06,5,-0.021802525731240942,200
1667,2016-10-07,5,-0.007586105484975098,200
1668,2016-10-10,5,0.00044041049073575533,200
1669,2016-10-13,5,0.018118909165251006,200
1670,2016-10-14,5,0.015151604723511377,200
1671,2016-10-17,5,0.023388184147831507,200
1672,2016-10-18,5,0.0053916903564805215,200
1673,2016-10-19,5,-0.007822209025960323,200
1674,2016-10-20,5,-0.020591237456538444,200
1675,2016-10-21,5,-0.011514749493539936,200
1676,2016-10-24,5,-0.007729616970426119,200
1677,2016-10-25,5,-0.025496808903820938,200
1678,2016-10-26,5,-0.024479297493527005,200
1679,2016-10-27,5,-0.038612728605677445,200
1680,2016-10-28,5,-0.03965671707517559,200
1681,2016-11-01,5,-0.023885811524680944,200
1682,2016-11-02,5,-0.03599885815597929,200
1683,2016-11-03,5,-0.005362953176527181,200
1684,2016-11-04,5,-0.03276087728219181,200
1685,2016-11-07,5,-0.07341297912621793,200
1686,2016-11-08,5,0.004033891998383914,200
1687,2016-11-09,5,-0.06916748038397577,200
1688,2016-11-10,5,-0.05921435043381068,200
1689,2016-11-11,5,-0.06570138283934567,200
1690,2016-11-15,5,-0.030966922515080472,200
1691,2016-11-16,5,-0.0030313110736422738,200
1692,2016-11-17,5,-0.007248013959881312,200
1693,2016-11-18,5,0.004709574069949377,200
1694,2016-11-21,5,0.040241918324325,200
1695,2016-11-22,5,0.03526931735655993,200
1696,2016-11-23,5,0.046041637022724666,200
1697,2016-11-24,5,0.029567085594324024,200
1698,2016-11-25,5,0.0028119024510054537,200
1699,2016-11-28,5,-0.002462990222112926,200
1700,2016-11-29,5,-0.0052171827388970944,200
1701,2016-11-30,5,-0.020423036850604412,200
1702,2016-12-01,5,0.014540917646764316,200
1703,2016-12-02,5,0.028535150131874527,200
1704,2016-12-05,5,0.003956368621435246,200
1705,2016-12-06,5,-0.001379046496772619,200
1706,2016-12-07,5,-0.007977412003917876,200
1707,2016-12-08,5,-0.018785082066457542,200
1708,2016-12-09,5,-0.024303916005782675,200
1709,2016-12-12,5,-0.019113674793680924,200
1710,2016-12-13,5,-0.0314219652881269,200
1711,2016-12-14,5,-0.013107880719007849,200
1712,2016-12-15,5,-0.038673674184049725,200
1713,2016-12-16,5,-0.03269862105857755,200
1714,2016-12-19,5,-0.05050441073297424,200
1715,2016-12-20,5,-0.024272826349511823,200
1716,2016-12-21,5,-0.010588114643969727,200
1717,2016-12-22,5,0.014108928946540082,200
1718,2016-12-23,5,0.02961427263384455,200
1719,2016-12-26,5,0.061872757096892696,200
1720,2016-12-27,5,0.04701488711289281,200
1721,2016-12-28,5,0.04644932217671447,200
1722,2016-12-29,5,0.04516968928351865,200
1723,2016-12-30,5,0.02901048294055458,200
1724,2017-01-02,5,0.02014879763905749,200
1725,2017-01-03,5,0.02164354448727722,200
1726,2017-01-04,5,0.029003403871018307,200
1727,2017-01-05,5,0.016614824326536815,200
1728,2017-01-06,5,0.018884482235498105,200
1729,2017-01-09,5,0.020980215005532113,200
1730,2017-01-10,5,0.013564291272199882,200
1731,2017-01-11,5,0.008991919610187164,200
1732,2017-01-12,5,0.010029739579065921,200
1733,2017-01-13,5,-0.002691591489774178,200
1734,2017-01-16,5,-0.003764454876846301,200
1735,2017-01-17,5,0.006546499283458788,200
1736,2017-01-18,5,0.014454700620106706,200
1737,2017-01-19,5,0.021175186596923946,200
1738,2017-01-20,5,0.03994605760159486,200
1739,2017-01-23,5,0.012280275687040902,200
1740,2017-01-24,5,0.021845385598874115,200
1741,2017-01-25,5,0.020732415018071805,200
1742,2017-01-27,5,0.027599141196477984,200
1743,2017-01-30,5,0.03355873926852342,200
1744,2017-01-31,5,0.04293116614212526,200
1745,2017-02-01,5,0.02830577219996062,200
1746,2017-02-02,5,0.021897352707394978,200
1747,2017-02-03,5,0.0067705638477136895,200
1748,2017-02-06,5,-0.0034003106833094226,200
1749,2017-02-07,5,-0.004506305378778952,200
1750,2017-02-08,5,-0.02765010785880254,200
1751,2017-02-09,5,-0.017175781926742167,200
1752,2017-02-10,5,-0.008998231201397616,200
1753,2017-02-13,5,0.00793511411773823,200
1754,2017-02-14,5,0.02231142967611293,200
1755,2017-02-15,5,0.0330290958898598,200
1756,2017-02-16,5,0.013982108566805665,200
1757,2017-02-17,5,0.012437164768890585,200
1758,2017-02-20,5,0.00795014924367018,200
1759,2017-02-21,5,0.004772346720071403,200
1760,2017-02-22,5,-0.006891047247451562,200
1761,2017-02-23,5,-0.0028409615973407133,200
1762,2017-02-27,5,0.0014912172734327872,200
1763,2017-02-28,5,-0.006134543682532076,200
1764,2017-03-01,5,-0.01692802121362424,200
1765,2017-03-02,5,0.0033168057362964994,200
1766,2017-03-03,5,-0.007645177738556886,200
1767,2017-03-06,5,0.003902703591263167,200
1768,2017-03-07,5,0.01361143605200453,200
1769,2017-03-08,5,0.036272713766447785,200
1770,2017-03-09,5,0.029925708330887812,200
1771,2017-03-10,5,0.019115324622425055,200
1772,2017-03-14,5,0.016290856936439706,200
1773,2017-03-15,5,-0.006210062298853458,200
1774,2017-03-16,5,-0.007206694539033118,200
1775,2017-03-17,5,-0.0016648652690672294,200
1776,2017-03-20,5,-0.006905068954445308,200
1777,2017-03-21,5,0.011981542759393293,200
1778,2017-03-22,5,0.012744633650815528,200
1779,2017-03-23,5,0.008138915880474941,200
1780,2017-03-24,5,0.009612744759294306,200
1781,2017-03-27,5,0.01826254817946912,200
1782,2017-03-28,5,0.021175524188526876,200
1783,2017-03-29,5,0.020522970621057502,200
1784,2017-03-30,5,0.009657741497123373,200
1785,2017-03-31,5,0.012848401495724259,200
1786,2017-04-03,5,0.013049207069182875,200
1787,2017-04-05,5,0.004459033427999485,200
1788,2017-04-06,5,0.0036221327539300717,200
1789,2017-04-07,5,0.007701021031669546,200
1790,2017-04-10,5,-0.004312213744156164,200
1791,2017-04-11,5,-0.007021017008919745,200
1792,2017-04-12,5,0.009109000841456933,200
1793,2017-04-13,5,0.011133527126182785,200
1794,2017-04-17,5,0.014083817973572707,200
1795,2017-04-18,5,0.03664114217147425,200
1796,2017-04-19,5,0.023211185735629386,200
1797,2017-04-20,5,0.013119950073220463,200
1798,2017-04-21,5,0.01809185746271553,200
1799,2017-04-24,5,0.008369658913886876,200
1800,2017-04-25,5,-0.0018717707453129678,199
1801,2017-04-26,5,0.005570400995286699,199
1802,2017-04-27,5,-0.005541003104567644,199
1803,2017-04-28,5,-0.003911820690502764,199
1804,2017-05-02,5,-0.0019210126863720266,200
1805,2017-05-03,5,0.006839531361863898,200
1806,2017-05-04,5,0.009108018741393631,200
1807,2017-05-05,5,0.010264470830064805,200
1808,2017-05-08,5,0.010935945102853957,200
1809,2017-05-09,5,0.011172886167614676,200
1810,2017-05-10,5,0.001065818454880365,200
1811,2017-05-11,5,-0.01945710014838992,200
1812,2017-05-12,5,-0.020392765277563826,200
1813,2017-05-15,5,-0.03724372339467992,200
1814,2017-05-16,5,-0.05819569696739533,200
1815,2017-05-17,5,-0.0649149724637961,200
1816,2017-05-18,5,-0.0444585197500284,200
1817,2017-05-19,5,-0.024633436267630603,200
1818,2017-05-22,5,-0.023145295324436835,200
1819,2017-05-23,5,0.003963070382367521,200
1820,2017-05-24,5,0.031016070436597477,200
1821,2017-05-25,5,0.018108046579035336,200
1822,2017-05-26,5,0.012251415375497662,200
1823,2017-05-29,5,0.03691752990000858,199
1824,2017-05-30,5,0.015195691032569243,199
1825,2017-05-31,5,0.017934969363122884,199
1826,2017-06-01,5,0.007259833397504059,200
1827,2017-06-02,5,0.006471856440062285,200
1828,2017-06-05,5,-0.005190737192745656,200
1829,2017-06-06,5,0.0023676658809408785,200
1830,2017-06-07,5,-0.0031165987109829712,200
1831,2017-06-08,5,0.0013335648803612882,200
1832,2017-06-09,5,0.0024838253399156306,200
1833,2017-06-12,5,0.005568376405544559,200
1834,2017-06-13,5,0.007419904741319303,200
1835,2017-06-14,5,0.008107010339724467,200
1836,2017-06-15,5,-0.0034143007780942825,200
1837,2017-06-16,5,-0.01965709957653381,200
1838,2017-06-19,5,-0.028937503992404842,200
1839,2017-06-20,5,-0.02525676701760414,200
1840,2017-06-21,5,-0.02245994493942752,200
1841,2017-06-22,5,-0.011431248312778778,200
1842,2017-06-23,5,0.011542662485464211,200
1843,2017-06-27,5,0.023216672536420124,200
1844,2017-06-28,5,0.02483995980872414,200
1845,2017-06-29,5,0.029208668817184393,200
1846,2017-06-30,5,0.019923553854379192,200
1847,2017-07-03,5,0.011438095246659827,200
1848,2017-07-04,5,0.0264984434127393,199
1849,2017-07-05,5,0.020110815797155717,199
1850,2017-07-06,5,0.021113861448358053,199
1851,2017-07-07,5,0.008335196208119833,199
1852,2017-07-11,5,0.011550280413546287,199
1853,2017-07-12,5,0.009591886784448883,199
1854,2017-07-13,5,0.003657911569319426,199
1855,2017-07-14,5,0.0050037330037613365,199
1856,2017-07-17,5,0.012469942355016658,199
1857,2017-07-18,5,0.013876313330979904,199
1858,2017-07-19,5,0.008750341193980589,199
1859,2017-07-20,5,0.003519120711531593,199
1860,2017-07-21,5,0.005744827441367696,199
1861,2017-07-24,5,0.004379408746697447,199
1862,2017-07-25,5,0.0024566849989184412,199
1863,2017-07-26,5,-0.0033143499914807814,199
1864,2017-07-27,5,4.76737831205694e-05,199
1865,2017-07-28,5,-0.002654838676496694,199
1866,2017-07-31,5,0.002108005013339502,199
1867,2017-08-01,5,-0.011500944680673052,200
1868,2017-08-02,5,-0.02534970260593467,200
1869,2017-08-03,5,-0.04681949792626374,200
1870,2017-08-04,5,-0.06339340754606514,200
1871,2017-08-07,5,-0.04884588442652984,200
1872,2017-08-08,5,-0.01708872494532737,200
1873,2017-08-09,5,0.0062054832059373075,200
1874,2017-08-10,5,0.048559781794969864,200
1875,2017-08-11,5,0.011525088838237432,200
1876,2017-08-14,5,-0.015172467034797832,200
1877,2017-08-16,5,-0.013443195223802289,200
1878,2017-08-17,5,0.0009740849969734177,200
1879,2017-08-18,5,0.006510126686759697,200
1880,2017-08-21,5,0.006890780521704034,200
1881,2017-08-22,5,0.029838982235018383,200
1882,2017-08-23,5,0.023231558701296368,200
1883,2017-08-24,5,0.027132720669431305,200
1884,2017-08-28,5,0.015656008183427127,200
1885,2017-08-29,5,0.026681511578579894,200
1886,2017-08-30,5,0.01603183694867083,200
1887,2017-08-31,5,0.01435637251127055,200
1888,2017-09-01,5,0.0006074928173593192,200
1889,2017-09-04,5,0.012970814757896488,200
1890,2017-09-05,5,0.024164428320236173,200
1891,2017-09-06,5,0.007528250312428438,200
1892,2017-09-07,5,0.010558644617995267,200
1893,2017-09-08,5,0.012096223746918362,200
1894,2017-09-11,5,0.01450358984463127,200
1895,2017-09-12,5,0.007006787024064166,200
1896,2017-09-13,5,0.007459963384373609,200
1897,2017-09-14,5,0.0027732041052495864,200
1898,2017-09-15,5,-0.03475699384950877,200
1899,2017-09-18,5,-0.05451854304494175,200
1900,2017-09-19,5,-0.050893841607094474,200
1901,2017-09-20,5,-0.0684969569307045,200
1902,2017-09-21,5,-0.05329693945883264,200
1903,2017-09-22,5,-0.020457891705608803,200
1904,2017-09-25,5,0.001849587280955483,200
1905,2017-09-26,5,-0.003451293293001183,200
1906,2017-09-27,5,0.027611425776762122,200
1907,2017-09-28,5,0.03179141546466172,200
1908,2017-09-29,5,0.020226041676481347,200
1909,2017-10-03,5,0.028867497786259366,200
1910,2017-10-04,5,0.0125712240232332,200
1911,2017-10-05,5,0.018453177970281853,200
1912,2017-10-06,5,0.011648349704468965,200
1913,2017-10-09,5,0.010654440117011901,200
1914,2017-10-10,5,0.007621857795287195,200
1915,2017-10-11,5,0.01655817594071837,200
1916,2017-10-12,5,0.0027881439357757003,200
1917,2017-10-13,5,0.003405352252430902,200
1918,2017-10-16,5,0.01948040901588898,200
1919,2017-10-17,5,0.02111643146401537,200
1920,2017-10-18,5,0.028096939771423725,200
1921,2017-10-23,5,0.0339055412122212,200
1922,2017-10-24,5,0.019088421578512253,200
1923,2017-10-25,5,0.02402174804322215,200
1924,2017-10-26,5,0.019303196359892184,200
1925,2017-10-27,5,0.02088763634218857,200
1926,2017-10-30,5,0.015174498513441801,200
1927,2017-10-31,5,-0.009017871873210117,200
1928,2017-11-01,5,-0.016336882129708727,200
1929,2017-11-02,5,-0.01319689784090755,200
1930,2017-11-03,5,-0.014521153130390915,200
1931,2017-11-06,5,-0.029715400703592597,200
1932,2017-11-07,5,-0.013174160192816826,200
1933,2017-11-08,5,-0.0265612074331525,200
1934,2017-11-09,5,-0.015843064603265365,200
1935,2017-11-10,5,-0.006966957279696504,200
1936,2017-11-13,5,0.0069287804819105295,200
1937,2017-11-14,5,0.013718594856373285,200
1938,2017-11-15,5,0.02601195048877255,200
1939,2017-11-16,5,0.00701458714331429,200
1940,2017-11-17,5,0.013281317882055334,200
1941,2017-11-20,5,0.00857943105952947,200
1942,2017-11-21,5,0.006283075929042299,200
1943,2017-11-22,5,0.006083529027476861,200
1944,2017-11-23,5,-0.004209991070097184,200
1945,2017-11-24,5,-0.018707853059528972,200
1946,2017-11-27,5,-0.029382417504992108,200
1947,2017-11-28,5,-0.02831603800849994,200
1948,2017-11-29,5,-0.032574820111200484,200
1949,2017-11-30,5,-0.017707389581187127,200
1950,2017-12-01,5,0.009232213622638203,200
1951,2017-12-04,5,0.023664230273790433,200
1952,2017-12-05,5,0.014633152368175013,200
1953,2017-12-06,5,0.009334279551283728,200
1954,2017-12-07,5,-0.007469495868160885,200
1955,2017-12-08,5,-0.008037652134586588,200
1956,2017-12-11,5,-0.0006750110091684341,200
1957,2017-12-12,5,0.025766326042674797,200
1958,2017-12-13,5,0.03769524987881814,200
1959,2017-12-14,5,0.037457976606819064,200
1960,2017-12-15,5,0.04592014217339639,200
1961,2017-12-18,5,0.03852265265371195,200
1962,2017-12-19,5,0.024455171722568378,200
1963,2017-12-20,5,0.017332363553294025,200
1964,2017-12-21,5,0.018565131694905587,200
1965,2017-12-22,5,0.013699113803335161,200
1966,2017-12-26,5,-0.001743022626165045,200
1967,2017-12-27,5,0.007516160921549637,200
1968,2017-12-28,5,0.014775237943661307,200
1969,2017-12-29,5,0.018422575482745368,200
1970,2018-01-01,5,0.029413932007432284,200
1971,2018-01-02,5,0.03176262593816704,200
1972,2018-01-03,5,0.022190103517218993,200
1973,2018-01-04,5,0.016490123667240356,200
1974,2018-01-05,5,0.004082781792715464,200
1975,2018-01-08,5,-0.0029451384316362228,200
1976,2018-01-09,5,-0.020371925137971526,200
1977,2018-01-10,5,-0.009614138482228075,200
1978,2018-01-11,5,-0.03613936880400251,200
1979,2018-01-12,5,-0.025807113764792874,200
1980,2018-01-15,5,-0.017281421348733693,200
1981,2018-01-16,5,0.014928094107375105,200
1982,2018-01-17,5,-0.008340463262246064,200
1983,2018-01-18,5,0.009131301945040839,200
1984,2018-01-19,5,-0.0065093138957806156,200
1985,2018-01-22,5,-0.023689987706242012,200
1986,2018-01-23,5,-0.03718700365475443,200
1987,2018-01-24,5,-0.03689148502102179,200
1988,2018-01-25,5,-0.07491924775802125,200
1989,2018-01-29,5,-0.06551435801557054,200
496,2012-01-02,20,,0
497,2012-01-03,20,,0
498,2012-01-04,20,,0
499,2012-01-05,20,,0
500,2012-01-06,20,,0
501,2012-01-09,20,,0
502,2012-01-10,20,,0
503,2012-01-11,20,,0
504,2012-01-12,20,,0
505,2012-01-13,20,,0
506,2012-01-16,20,,0
507,2012-01-17,20,,0
508,2012-01-18,20,,0
509,2012-01-19,20,,0
510,2012-01-20,20,,0
511,2012-01-23,20,,0
512,2012-01-24,20,,0
513,2012-01-25,20,,0
514,2012-01-27,20,,0
515,2012-01-30,20,,0
516,2012-01-31,20,,0
517,2012-02-01,20,0.0447315232149511,200
518,2012-02-02,20,0.04365777195057149,200
519,2012-02-03,20,0.0060508789997788795,200
520,2012-02-06,20,-0.018714049543768957,200
521,2012-02-07,20,-0.004751894630489592,200
522,2012-02-08,20,0.012345025879436084,200
523,2012-02-09,20,0.002149132038653449,200
524,2012-02-10,20,0.018407689038692665,200
525,2012-02-13,20,0.021972805783465388,200
526,2012-02-14,20,-0.015884785977951354,200
527,2012-02-15,20,-0.04548375134421562,200
528,2012-02-16,20,-0.07516942003528242,200
529,2012-02-17,20,-0.06284170559705154,200
530,2012-02-21,20,-0.04977491611333207,200
531,2012-02-22,20,-0.033691434670508925,200
532,2012-02-23,20,-0.025312179250533598,200
533,2012-02-24,20,-0.03369907669893295,200
534,2012-02-27,20,0.006872826675899442,200
535,2012-02-28,20,-0.051416296446811234,200
536,2012-02-29,20,-0.04500605309104312,200
537,2012-03-01,20,-0.025871047566722677,200
538,2012-03-02,20,-0.00564579294716689,200
539,2012-03-05,20,0.02479506150878654,200
540,2012-03-06,20,0.042207086221748916,200
541,2012-03-07,20,0.003510908551305159,200
542,2012-03-09,20,-0.020815100157322054,200
543,2012-03-12,20,-0.03219019441542777,200
544,2012-03-13,20,-0.040442795225414205,200
545,2012-03-14,20,-0.04374642356307471,200
546,2012-03-15,20,-0.02103370939798283,200
547,2012-03-16,20,0.007051736107554852,200
548,2012-03-19,20,0.025795177725705495,200
549,2012-03-20,20,0.018087177723501643,200
550,2012-03-21,20,-0.021212288432586383,200
551,2012-03-22,20,-0.01417172310086661,200
552,2012-03-23,20,-0.023323822702986673,200
553,2012-03-26,20,-0.018250305382039086,200
554,2012-03-27,20,-0.018143770797737407,200
555,2012-03-28,20,-0.0008492133397448493,200
556,2012-03-29,20,-0.00030169378230519183,200
557,2012-03-30,20,-0.025233172849619404,200
558,2012-04-02,20,-0.057583704727837276,200
559,2012-04-03,20,-0.08146881703894249,200
560,2012-04-04,20,-0.06590988249778837,200
561,2012-04-09,20,-0.07859443438010782,200
562,2012-04-10,20,-0.08464283488788835,200
563,2012-04-11,20,-0.09270780046891883,200
564,2012-04-12,20,-0.10935466130463231,200
565,2012-04-13,20,-0.10439047740925692,200
566,2012-04-16,20,-0.10849352822341174,200
567,2012-04-17,20,-0.13313367294851597,200
568,2012-04-18,20,-0.13373220128797617,200
569,2012-04-19,20,-0.12657211519500483,200
570,2012-04-20,20,-0.11164418504616086,200
571,2012-04-23,20,-0.10312543855370165,200
572,2012-04-24,20,-0.10655323242630094,200
573,2012-04-25,20,-0.08823288735884384,200
574,2012-04-26,20,-0.07388791737049244,200
575,2012-04-27,20,-0.06423121530872447,200
576,2012-04-30,20,-0.07594691475745888,200
577,2012-05-02,20,-0.08431498459155082,200
578,2012-05-03,20,-0.06886035396506446,200
579,2012-05-04,20,-0.05632438461060289,200
580,2012-05-07,20,-0.07929763913972182,200
581,2012-05-08,20,-0.045260056056151285,200
582,2012-05-09,20,-0.01056616958718709,200
583,2012-05-10,20,0.010291582643969939,200
584,2012-05-11,20,0.018287959846878095,200
585,2012-05-14,20,0.04079199734294353,200
586,2012-05-15,20,0.04714404348117417,200
587,2012-05-16,20,0.043979203341043445,200
588,2012-05-17,20,0.04773577470167772,200
589,2012-05-18,20,0.04232220754733369,199
590,2012-05-21,20,0.007832153098412857,199
591,2012-05-22,20,0.03997116703978703,199
592,2012-05-23,20,0.05136843954912807,199
593,2012-05-24,20,0.058005650732444576,199
594,2012-05-25,20,0.04635872104085792,199
595,2012-05-28,20,0.025746210546580883,199
596,2012-05-29,20,0.04215230256369467,199
597,2012-05-30,20,0.06931875776640005,199
598,2012-05-31,20,0.061971047610043586,199
599,2012-06-01,20,0.11306309442139732,200
600,2012-06-04,20,0.10442001520232669,200
601,2012-06-05,20,0.11237201463805022,200
602,2012-06-06,20,0.08408554182354959,200
603,2012-06-07,20,0.09596409824061013,200
604,2012-06-08,20,0.06943088377206454,200
605,2012-06-11,20,0.07080300497288039,200
606,2012-06-12,20,0.06595669767065407,200
607,2012-06-13,20,0.06369987306775327,200
608,2012-06-14,20,0.06636698660163398,200
609,2012-06-15,20,0.04523960467790813,200
610,2012-06-18,20,0.06852396530813845,200
611,2012-06-19,20,0.0449552377682026,200
612,2012-06-20,20,0.04406578908517913,200
613,2012-06-21,20,0.0424837506103715,200
614,2012-06-22,20,0.02205479474671412,200
615,2012-06-25,20,0.008277285699488615,200
616,2012-06-26,20,0.002152442708204619,200
617,2012-06-27,20,-0.012534006248337363,200
618,2012-06-28,20,-0.040319934729693446,200
619,2012-06-29,20,-0.06653171322183067,200
620,2012-07-02,20,-0.054656472870239246,200
621,2012-07-03,20,-0.05830453136366862,200
622,2012-07-04,20,-0.05239118337503102,200
623,2012-07-05,20,-0.05814772123864088,200
624,2012-07-06,20,-0.04937905012155087,200
625,2012-07-09,20,-0.03225641923496379,200
626,2012-07-10,20,-0.03899311360538058,200
627,2012-07-11,20,-0.031979314074404644,200
628,2012-07-12,20,-0.040090844984959954,200
629,2012-07-13,20,-0.03743050313472262,200
630,2012-07-16,20,-0.021818131306061438,200
631,2012-07-17,20,-0.004843243760424325,200
632,2012-07-18,20,-0.018303619085744956,200
633,2012-07-19,20,-0.017431893834830882,200
634,2012-07-20,20,0.0013364005724652882,200
635,2012-07-23,20,0.005447940572006061,200
636,2012-07-24,20,0.005254614812376526,200
637,2012-07-25,20,0.003574822000037247,200
638,2012-07-26,20,0.0021132096560279702,200
639,2012-07-27,20,0.004149661203203287,200
640,2012-07-30,20,-0.02926855733509597,200
641,2012-07-31,20,-0.023679729727541,200
642,2012-08-01,20,-0.03534077541942459,200
643,2012-08-02,20,-0.030482632334150286,200
644,2012-08-03,20,-0.033591586593495294,200
645,2012-08-06,20,-0.04257468898385085,200
646,2012-08-07,20,-0.04564991724358175,200
647,2012-08-08,20,-0.027675076501161664,200
648,2012-08-09,20,-0.009529495225325384,200
649,2012-08-10,20,-0.007085587380870384,200
650,2012-08-13,20,-0.013548231666599906,200
651,2012-08-14,20,-0.023278001463193344,200
652,2012-08-16,20,-0.0028783976182096115,200
653,2012-08-17,20,0.024570541177589354,200
654,2012-08-21,20,0.03821047017032187,200
655,2012-08-22,20,0.027100908341755017,200
656,2012-08-23,20,0.06362995333615741,200
657,2012-08-24,20,0.07171771342546936,200
658,2012-08-27,20,0.09660211458371976,200
659,2012-08-28,20,0.1090289757044229,200
660,2012-08-29,20,0.13273743057701748,200
661,2012-08-30,20,0.1332305432577504,200
662,2012-08-31,20,0.13565394307013098,200
663,2012-09-03,20,0.1467222400961078,200
664,2012-09-04,20,0.15137238444843015,200
665,2012-09-05,20,0.14915321066292633,200
666,2012-09-06,20,0.11999755894683516,200
667,2012-09-07,20,0.11531614552793715,200
668,2012-09-10,20,0.09852786457688766,200
669,2012-09-11,20,0.1053639827896749,200
670,2012-09-12,20,0.10067310149678405,200
671,2012-09-13,20,0.0902130331567597,200
672,2012-09-14,20,0.05924833316101794,200
673,2012-09-17,20,0.043015709840250986,200
674,2012-09-18,20,0.052258702840317674,200
675,2012-09-20,20,0.03880867081075085,200
676,2012-09-21,20,0.016946631183366655,200
677,2012-09-24,20,0.00423910506978471,200
678,2012-09-25,20,0.004527238707100948,200
679,2012-09-26,20,-0.015412534723102923,200
680,2012-09-27,20,-0.023462622235855678,200
681,2012-09-28,20,-0.040447265191484255,200
682,2012-10-01,20,-0.0409162102543886,200
683,2012-10-03,20,-0.037269014202691346,200
684,2012-10-04,20,-0.040391641740355776,200
685,2012-10-05,20,-0.03165797368485088,200
686,2012-10-08,20,-0.02222050691021758,200
687,2012-10-09,20,-0.00842680089906174,200
688,2012-10-10,20,0.003417047766980904,200
689,2012-10-11,20,-0.018599096154150424,200
690,2012-10-12,20,-0.0170972165934929,200
691,2012-10-15,20,-0.01818469774506569,200
692,2012-10-16,20,-0.02274240105710874,200
693,2012-10-17,20,-0.026239519220397564,200
694,2012-10-18,20,-0.04145968939428142,200
695,2012-10-19,20,-0.02577848965440691,200
696,2012-10-22,20,-0.025876928970495743,200
697,2012-10-23,20,-0.01980965355092068,200
698,2012-10-25,20,-0.006346849476783999,200
699,2012-10-26,20,0.016656987845415316,200
700,2012-10-29,20,0.034565592635331786,200
701,2012-10-30,20,0.06228344314535035,200
702,2012-10-31,20,0.06462301435158485,200
703,2012-11-01,20,0.05685879230958747,200
704,2012-11-02,20,0.062207871277279336,200
705,2012-11-05,20,0.07674602096140894,200
706,2012-11-06,20,0.06514250051858153,200
707,2012-11-07,20,0.06828831744147534,200
708,2012-11-08,20,0.04677362193020059,200
709,2012-11-09,20,0.05779831102366282,200
710,2012-11-12,20,0.04516720083535751,200
711,2012-11-15,20,0.047521391295787814,200
712,2012-11-16,20,0.06297961430093854,200
713,2012-11-19,20,0.07693179920360592,200
714,2012-11-20,20,0.09784948440506824,200
715,2012-11-21,20,0.0849378010011974,200
716,2012-11-22,20,0.06325509614324577,200
717,2012-11-23,20,0.06308754632186792,200
718,2012-11-26,20,0.06030455550977667,200
719,2012-11-27,20,0.04151532531470616,200
720,2012-11-29,20,0.03271297549911303,200
721,2012-11-30,20,0.02494630728521993,200
722,2012-12-03,20,0.031438016511964186,200
723,2012-12-04,20,0.030481523234737358,200
724,2012-12-05,20,0.031089064082002356,200
725,2012-12-06,20,0.028089113365871974,200
726,2012-12-07,20,0.03342600993958075,200
727,2012-12-10,20,0.030423497099042674,200
728,2012-12-11,20,0.034576933731981174,200
729,2012-12-12,20,0.02955690576348142,200
730,2012-12-13,20,0.028384138171063902,200
731,2012-12-14,20,0.037220771791678306,200
732,2012-12-17,20,0.032930891629064714,200
733,2012-12-18,20,0.006612539683814204,200
734,2012-12-19,20,0.007412801167233601,200
735,2012-12-20,20,0.014331977508758247,200
736,2012-12-21,20,0.029929424322190215,200
737,2012-12-24,20,0.013370536483833427,200
738,2012-12-26,20,-0.0025234584645110743,200
739,2012-12-27,20,-0.023912922948258277,200
740,2012-12-28,20,-0.010320372145702392,200
741,2012-12-31,20,-0.016996193547014947,200
742,2013-01-01,20,-0.039522197580484406,200
743,2013-01-02,20,-0.04568083916863335,200
744,2013-01-03,20,-0.043291756840625466,200
745,2013-01-04,20,-0.04924053919774729,200
746,2013-01-07,20,-0.05942917576387337,200
747,2013-01-08,20,-0.06823914379946988,200
748,2013-01-09,20,-0.0618069159079113,200
749,2013-01-10,20,-0.06704300039270422,200
750,2013-01-11,20,-0.06116734010079738,200
751,2013-01-14,20,-0.07547703204313544,200
752,2013-01-15,20,-0.07921812567774576,200
753,2013-01-16,20,-0.07387354684816551,200
754,2013-01-17,20,-0.09327152095222604,200
755,2013-01-18,20,-0.09089593484473717,200
756,2013-01-21,20,-0.08719640724014323,200
757,2013-01-22,20,-0.06767473759096682,200
758,2013-01-23,20,-0.05699815763713688,200
759,2013-01-24,20,-0.050975063147705876,200
760,2013-01-25,20,-0.0702109429461665,200
761,2013-01-28,20,-0.08043327849008504,200
762,2013-01-29,20,-0.09462453627070566,200
763,2013-01-30,20,-0.08345983713382937,200
764,2013-01-31,20,-0.12139670443228438,200
765,2013-02-01,20,-0.11851594551831694,200
766,2013-02-04,20,-0.11682700003087548,200
767,2013-02-05,20,-0.09986861356197918,200
768,2013-02-06,20,-0.08358459226776974,200
769,2013-02-07,20,-0.06751505284692613,200
770,2013-02-08,20,-0.04854221912722359,200
771,2013-02-11,20,-0.04396871153627746,200
772,2013-02-12,20,-0.04933322200596772,200
773,2013-02-13,20,-0.05045782700530502,200
774,2013-02-14,20,-0.020257991008517155,200
775,2013-02-15,20,-0.03379608739152047,200
776,2013-02-18,20,-0.04980257712964749,200
777,2013-02-19,20,-0.08504650561446152,200
778,2013-02-20,20,-0.09926597643777954,200
779,2013-02-21,20,-0.10017409281603637,200
780,2013-02-22,20,-0.10661887091135165,200
781,2013-02-25,20,-0.09361376033575158,200
782,2013-02-26,20,-0.08532252648541855,200
783,2013-02-27,20,-0.07907733987027561,200
784,2013-02-28,20,-0.021386960657365388,200
785,2013-03-01,20,-0.0032320268329146216,200
786,2013-03-04,20,-0.005911689692883744,200
787,2013-03-05,20,-0.05037440263020837,200
788,2013-03-06,20,-0.05532324585756974,200
789,2013-03-07,20,-0.06828986255972215,200
790,2013-03-08,20,-0.0876741447551969,200
791,2013-03-11,20,-0.0791288226658115,200
792,2013-03-12,20,-0.06799161512451316,200
793,2013-03-13,20,-0.057349742446893816,200
794,2013-03-14,20,-0.06402007266351252,200
795,2013-03-15,20,-0.03192583695007016,200
796,2013-03-18,20,-0.03483967785443309,199
797,2013-03-19,20,0.004591372970107836,199
798,2013-03-20,20,0.04282323325061544,199
799,2013-03-21,20,0.06700568368301983,199
800,2013-03-22,20,0.06619089140600651,199
801,2013-03-25,20,0.0726500384795664,199
802,2013-03-26,20,0.08694638922299779,199
803,2013-03-28,20,0.06101775929428794,199
804,2013-04-01,20,0.05846004683176711,200
805,2013-04-02,20,0.030095687330476836,200
806,2013-04-03,20,0.060119868783549385,200
807,2013-04-04,20,0.08804004139832507,200
808,2013-04-05,20,0.08485216033426797,200
809,2013-04-08,20,0.07539729855356712,200
810,2013-04-09,20,0.09288896189873881,200
811,2013-04-10,20,0.062370891343104834,200
812,2013-04-11,20,0.07546503288462414,200
813,2013-04-12,20,0.097066262422191,200
814,2013-04-15,20,0.09650702152899562,200
815,2013-04-16,20,0.07605474432090231,200
816,2013-04-17,20,0.07068850071598362,200
817,2013-04-18,20,0.04592989538634205,200
818,2013-04-22,20,0.01717119893525348,200
819,2013-04-23,20,-0.01197819748593299,200
820,2013-04-25,20,-0.011094763306940234,200
821,2013-04-26,20,0.011688315210786256,200
822,2013-04-29,20,0.004454136295590553,200
823,2013-04-30,20,0.000798952170254218,200
824,2013-05-02,20,-0.014362594766771953,200
825,2013-05-03,20,-0.030635213601961163,200
826,2013-05-06,20,-0.04392150060615764,200
827,2013-05-07,20,-0.05240137959980875,200
828,2013-05-08,20,-0.04884642852982166,200
829,2013-05-09,20,-0.04182657826645704,200
830,2013-05-10,20,-0.059358164618431436,200
831,2013-05-13,20,-0.05490043120687986,200
832,2013-05-14,20,-0.08034790402033204,200
833,2013-05-15,20,-0.10325985811577132,200
834,2013-05-16,20,-0.12703473838581708,200
835,2013-05-17,20,-0.11691579402656775,200
836,2013-05-20,20,-0.10431123136385388,200
837,2013-05-21,20,-0.09770180020892374,200
838,2013-05-22,20,-0.07385074248216462,200
839,2013-05-23,20,-0.08607137204854622,200
840,2013-05-24,20,-0.10381147043912825,200
841,2013-05-27,20,-0.14098899440497628,200
842,2013-05-28,20,-0.1502166810006894,200
843,2013-05-29,20,-0.145104591091067,200
844,2013-05-30,20,-0.13640863947599743,200
845,2013-05-31,20,-0.09024558554746763,200
846,2013-06-03,20,-0.06177104149048287,200
847,2013-06-04,20,-0.06490460408944192,200
848,2013-06-05,20,-0.08842929699117716,200
849,2013-06-06,20,-0.08576169207625357,200
850,2013-06-07,20,-0.08030673489192437,200
851,2013-06-10,20,-0.06160593201421757,199
852,2013-06-11,20,-0.030203390705542534,199
853,2013-06-12,20,-0.02077061831958505,199
854,2013-06-13,20,-0.009919518886442859,199
855,2013-06-14,20,-0.02111746995870178,199
856,2013-06-17,20,-0.01326542007093303,199
857,2013-06-18,20,-0.03274719978359811,199
858,2013-06-19,20,-0.037574301291261956,199
859,2013-06-20,20,0.0001580419717591178,199
860,2013-06-21,20,0.005616721883497496,199
861,2013-06-24,20,0.02931614590494675,199
862,2013-06-25,20,0.03831140138740314,199
863,2013-06-26,20,0.013529354190835069,199
864,2013-06-27,20,-0.010331616791153768,199
865,2013-06-28,20,-0.04048694759387575,199
866,2013-07-01,20,-0.07582147589113823,200
867,2013-07-02,20,-0.09074022356358251,200
868,2013-07-03,20,-0.07918071963512212,199
869,2013-07-04,20,-0.11428756885384914,199
870,2013-07-05,20,-0.11629990131020215,199
871,2013-07-08,20,-0.11695672912160988,199
872,2013-07-09,20,-0.15154486195156397,199
873,2013-07-10,20,-0.13977187250881207,199
874,2013-07-11,20,-0.13113334436722893,199
875,2013-07-12,20,-0.10905697696717795,199
876,2013-07-15,20,-0.09137805775591216,199
877,2013-07-16,20,-0.0835849052957865,199
878,2013-07-17,20,-0.11567105745167508,199
879,2013-07-18,20,-0.13908140406375336,199
880,2013-07-19,20,-0.12490683363523214,199
881,2013-07-22,20,-0.15027891218663122,199
882,2013-07-23,20,-0.1292173697936406,199
883,2013-07-24,20,-0.09953573769559623,199
884,2013-07-25,20,-0.09112829748928361,199
885,2013-07-26,20,-0.10418525648590385,199
886,2013-07-29,20,-0.09700159291643042,199
887,2013-07-30,20,-0.048772422878921334,199
888,2013-07-31,20,-0.05330920952692128,199
889,2013-08-01,20,-0.004223432955787406,200
890,2013-08-02,20,-0.018653464298631368,200
891,2013-08-05,20,0.00017211197452703664,200
892,2013-08-06,20,0.0528839662940456,200
893,2013-08-07,20,0.045665986177647014,200
894,2013-08-08,20,0.046767028502672836,200
895,2013-08-12,20,0.0596720215788946,200
896,2013-08-13,20,0.027739548206906352,200
897,2013-08-14,20,0.04162401746183363,200
898,2013-08-16,20,0.0757279590690104,200
899,2013-08-19,20,0.09153271447195746,200
900,2013-08-20,20,0.06469670275652867,200
901,2013-08-21,20,0.15276984519615106,200
902,2013-08-22,20,0.10521455999087795,200
903,2013-08-23,20,0.07265015893692088,200
904,2013-08-26,20,0.0800108037269492,199
905,2013-08-27,20,0.1230944728687216,199
906,2013-08-28,20,0.11378496919245819,199
907,2013-08-29,20,0.0953591728624992,199
908,2013-08-30,20,0.0720283966978745,199
909,2013-09-02,20,0.06059753146306786,200
910,2013-09-03,20,0.12328402721024434,200
911,2013-09-04,20,0.09272238673055838,200
912,2013-09-05,20,0.07934860102846829,200
913,2013-09-06,20,0.063218960389962,200
914,2013-09-10,20,0.062156016341257045,200
915,2013-09-11,20,0.03664606409019835,200
916,2013-09-12,20,0.05867423306233304,200
917,2013-09-13,20,0.03871201999598518,200
918,2013-09-16,20,0.05146000841364312,200
919,2013-09-17,20,0.04865024761135086,200
920,2013-09-18,20,0.03994083500915766,200
921,2013-09-19,20,0.03923842551610762,200
922,2013-09-20,20,0.07056525029878906,200
923,2013-09-23,20,0.081524759040354,200
924,2013-09-24,20,0.07344503531527154,200
925,2013-09-25,20,0.06294853160424242,200
926,2013-09-26,20,0.0493527266270498,200
927,2013-09-27,20,0.08625494846390244,200
928,2013-09-30,20,0.10092561232157767,200
929,2013-10-01,20,0.10577027491006047,200
930,2013-10-03,20,0.10472211676382255,200
931,2013-10-04,20,0.1119808655197547,200
932,2013-10-07,20,0.08645666795706292,200
933,2013-10-08,20,0.08076741803586561,200
934,2013-10-09,20,0.0625148734974605,200
935,2013-10-10,20,0.03809098650329892,200
936,2013-10-11,20,0.029941984209065232,200
937,2013-10-14,20,0.011979003883729569,200
938,2013-10-15,20,0.04488883377838161,200
939,2013-10-17,20,0.06519005734261579,200
940,2013-10-18,20,0.05367011734275744,200
941,2013-10-21,20,0.035582961160564544,200
942,2013-10-22,20,0.0053763373927547395,200
943,2013-10-23,20,0.00858773111337302,200
944,2013-10-24,20,0.03194548668532329,200
945,2013-10-25,20,0.026727022507452763,200
946,2013-10-28,20,0.038863252961117964,200
947,2013-10-29,20,0.024305679651737532,200
948,2013-10-30,20,0.036570991990633794,200
949,2013-10-31,20,0.02736762482141944,200
950,2013-11-01,20,0.007866348276933477,200
951,2013-11-05,20,-0.008714455124644152,200
952,2013-11-06,20,0.005882127629998682,200
953,2013-11-07,20,0.03040674919822327,200
954,2013-11-08,20,0.039315347733952025,200
955,2013-11-11,20,0.038392155250752985,200
956,2013-11-12,20,0.05108282473882874,200
957,2013-11-13,20,0.039351355461261193,200
958,2013-11-14,20,0.0076385810910644565,200
959,2013-11-18,20,-0.0027647436822672046,200
960,2013-11-19,20,-0.00562007994623844,200
961,2013-11-20,20,0.020924243299812666,200
962,2013-11-21,20,0.0219488812605338,200
963,2013-11-22,20,0.043544434495142136,200
964,2013-11-25,20,0.04611140037319739,200
965,2013-11-26,20,0.05835302980922194,200
966,2013-11-27,20,0.059855023619460115,200
967,2013-11-28,20,0.057600940468470564,200
968,2013-11-29,20,0.040528806068453195,200
969,2013-12-02,20,0.042680764550593796,200
970,2013-12-03,20,0.05130189838535418,200
971,2013-12-04,20,0.019479590475929634,200
972,2013-12-05,20,0.03105114660642939,200
973,2013-12-06,20,0.008934148902997364,200
974,2013-12-09,20,0.013759273858982568,200
975,2013-12-10,20,0.030338304764463385,200
976,2013-12-11,20,0.02935517504828338,200
977,2013-12-12,20,0.027604043973510947,200
978,2013-12-13,20,0.04129773044966187,200
979,2013-12-16,20,0.031306633038208326,200
980,2013-12-17,20,0.044701657753108526,200
981,2013-12-18,20,0.020569921126598882,200
982,2013-12-19,20,0.016912392033558227,200
983,2013-12-20,20,0.006069699550727137,200
984,2013-12-23,20,-0.0019269110066942347,200
985,2013-12-24,20,-0.004064593780776418,200
986,2013-12-26,20,-0.014631153669248595,200
987,2013-12-27,20,-0.0381492244826635,200
988,2013-12-30,20,-0.06686115768163502,200
989,2013-12-31,20,-0.07071076189399779,200
990,2014-01-01,20,-0.07763628306164824,200
991,2014-01-02,20,-0.06606219640830963,200
992,2014-01-03,20,-0.05874926717173204,200
993,2014-01-06,20,-0.07438649295625273,200
994,2014-01-07,20,-0.06770763395550691,200
995,2014-01-08,20,-0.06458184997918566,200
996,2014-01-09,20,-0.05521517931183447,200
997,2014-01-10,20,-0.039055630626595804,200
998,2014-01-13,20,-0.03921399634478229,200
999,2014-01-14,20,-0.04169838790476477,200
1000,2014-01-15,20,-0.046947710041626255,200
1001,2014-01-16,20,-0.05483596170849024,200
1002,2014-01-17,20,-0.039772334874468296,200
1003,2014-01-20,20,-0.05363559322665424,200
1004,2014-01-21,20,-0.044591284663474215,200
1005,2014-01-22,20,-0.04063985618250486,200
1006,2014-01-23,20,-0.03895205121406322,200
1007,2014-01-24,20,-0.004548096863653183,200
1008,2014-01-27,20,0.022987647535704866,200
1009,2014-01-28,20,0.017337820301499912,200
1010,2014-01-29,20,0.03707705819159838,200
1011,2014-01-30,20,0.045815012068230444,199
1012,2014-01-31,20,0.02307743682582268,199
1013,2014-02-03,20,0.062252605631210274,199
1014,2014-02-04,20,0.055418055672566795,199
1015,2014-02-05,20,0.06219871226192572,199
1016,2014-02-06,20,0.0680200013808363,199
1017,2014-02-07,20,0.07143640423572112,199
1018,2014-02-10,20,0.06838244943963812,199
1019,2014-02-11,20,0.06512662920295655,199
1020,2014-02-12,20,0.060889092356211934,199
1021,2014-02-13,20,0.07532182443533893,199
1022,2014-02-14,20,0.08464555943431293,199
1023,2014-02-17,20,0.08930461431245454,199
1024,2014-02-18,20,0.06653849636956535,199
1025,2014-02-19,20,0.0752648130361682,199
1026,2014-02-20,20,0.08079678839083027,199
1027,2014-02-21,20,0.0799057451006263,199
1028,2014-02-24,20,0.07785683211836014,199
1029,2014-02-25,20,0.08608189476702521,199
1030,2014-02-26,20,0.10412596195504273,199
1031,2014-02-28,20,0.11079108277101793,199
1032,2014-03-03,20,0.1146762109503088,200
1033,2014-03-04,20,0.11189436468520762,200
1034,2014-03-05,20,0.09551791157503114,200
1035,2014-03-06,20,0.07956194646644675,200
1036,2014-03-07,20,0.0780519726169408,200
1037,2014-03-10,20,0.08554917723494668,200
1038,2014-03-11,20,0.1007356990040118,200
1039,2014-03-12,20,0.09821997381895736,200
1040,2014-03-13,20,0.10538132582534639,200
1041,2014-03-14,20,0.07929884433258202,200
1042,2014-03-18,20,0.08883529181150118,200
1043,2014-03-19,20,0.10446991203117952,200
1044,2014-03-20,20,0.1053799241319313,200
1045,2014-03-21,20,0.09469030680270281,200
1046,2014-03-24,20,0.09110167818895172,200
1047,2014-03-25,20,0.08492422120440217,200
1048,2014-03-26,20,0.07874272496026723,200
1049,2014-03-27,20,0.047502259646550346,200
1050,2014-03-28,20,0.02893609383817581,200
1051,2014-03-31,20,0.01765509987800008,200
1052,2014-04-01,20,0.014657685692307916,200
1053,2014-04-02,20,-0.0058339290991400936,200
1054,2014-04-03,20,-0.001237814961633894,200
1055,2014-04-04,20,0.01702828000202548,200
1056,2014-04-07,20,0.028025048674275136,200
1057,2014-04-09,20,0.03320120623977443,200
1058,2014-04-10,20,0.0497507719412669,200
1059,2014-04-11,20,0.03187916894746422,200
1060,2014-04-15,20,0.07120379303830632,200
1061,2014-04-16,20,0.13610572555366757,200
1062,2014-04-17,20,0.13061284160396616,200
1063,2014-04-21,20,0.1260921993998471,200
1064,2014-04-22,20,0.1523026165647397,200
1065,2014-04-23,20,0.17865273255634695,200
1066,2014-04-25,20,0.1568923997073586,200
1067,2014-04-28,20,0.138108163478072,200
1068,2014-04-29,20,0.15145371420888482,200
1069,2014-04-30,20,0.15972060604437302,200
1070,2014-05-02,20,0.16856314886366705,200
1071,2014-05-05,20,0.19720985513627093,200
1072,2014-05-06,20,0.20946016645850768,200
1073,2014-05-07,20,0.23218339620621614,200
1074,2014-05-08,20,0.258768997642107,200
1075,2014-05-09,20,0.2433365530960004,200
1076,2014-05-12,20,0.24134247447359822,200
1077,2014-05-13,20,0.2158092234049577,200
1078,2014-05-14,20,0.1796689974051901,200
1079,2014-05-15,20,0.16946922412515192,200
1080,2014-05-16,20,0.11771787542750482,200
1081,2014-05-19,20,0.07514532460263207,200
1082,2014-05-20,20,0.0822583841121931,200
1083,2014-05-21,20,0.05936485603582744,200
1084,2014-05-22,20,0.03681835623842736,200
1085,2014-05-23,20,0.007502456089768058,200
1086,2014-05-26,20,0.04538960607640527,200
1087,2014-05-27,20,0.06985955012922135,200
1088,2014-05-28,20,0.07021724752500544,200
1089,2014-05-29,20,0.07038809661813981,200
1090,2014-05-30,20,0.07177660815764472,200
1091,2014-06-02,20,0.07214279839852357,200
1092,2014-06-03,20,0.07001780686914402,200
1093,2014-06-04,20,0.06498631272161318,200
1094,2014-06-05,20,0.042347681464395076,200
1095,2014-06-06,20,0.03103712871401197,200
1096,2014-06-09,20,0.016967395783091577,200
1097,2014-06-10,20,-0.02181527073720562,200
1098,2014-06-11,20,-0.023137669263239173,200
1099,2014-06-12,20,-0.020800951255084774,200
1100,2014-06-13,20,-0.016585072501568144,200
1101,2014-06-16,20,-0.02127550435066997,200
1102,2014-06-17,20,-0.018462025418081538,200
1103,2014-06-18,20,0.005706150607004074,200
1104,2014-06-19,20,0.026921956229450924,200
1105,2014-06-20,20,0.027573587899565242,200
1106,2014-06-23,20,0.023376724665744683,200
1107,2014-06-24,20,0.00759587782630465,200
1108,2014-06-25,20,0.003602005491600629,200
1109,2014-06-26,20,0.00540863649012681,200
1110,2014-06-27,20,-0.013438075540344459,200
1111,2014-06-30,20,-0.03965624812585884,200
1112,2014-07-01,20,-0.03933159016482782,200
1113,2014-07-02,20,-0.04965989934581571,200
1114,2014-07-03,20,-0.05718260327573011,200
1115,2014-07-04,20,-0.049289573224485246,200
1116,2014-07-07,20,-0.04046428191621748,200
1117,2014-07-08,20,-0.0052099821151546325,200
1118,2014-07-09,20,0.00918839559898055,200
1119,2014-07-10,20,-0.01812087306387979,200
1120,2014-07-11,20,0.024852863557615887,200
1121,2014-07-14,20,0.01906059865497079,200
1122,2014-07-15,20,-0.022633625755141686,200
1123,2014-07-16,20,-0.021109461039301895,200
1124,2014-07-17,20,-0.008868062668147731,200
1125,2014-07-18,20,-0.0029504731353487,200
1126,2014-07-21,20,-0.00463284916581759,200
1127,2014-07-22,20,-0.005343944236308229,200
1128,2014-07-23,20,-0.0003282826074733258,200
1129,2014-07-24,20,-0.009980602349940713,200
1130,2014-07-25,20,0.002659089028086717,200
1131,2014-07-28,20,0.016080137332356106,200
1132,2014-07-30,20,0.005625931794603797,200
1133,2014-07-31,20,0.0379653551280751,200
1134,2014-08-01,20,0.04290345716359538,200
1135,2014-08-04,20,0.03675168759833574,200
1136,2014-08-05,20,0.026011053063638327,200
1137,2014-08-06,20,0.033722935042748425,200
1138,2014-08-07,20,0.06413798136694711,200
1139,2014-08-08,20,0.07147337808138293,200
1140,2014-08-11,20,0.06695659925384324,200
1141,2014-08-12,20,0.07464505041434827,200
1142,2014-08-13,20,0.09535944853531336,200
1143,2014-08-14,20,0.08543347930470109,200
1144,2014-08-18,20,0.01762011906961127,200
1145,2014-08-19,20,0.01738515349491289,200
1146,2014-08-20,20,0.03944112456668248,200
1147,2014-08-21,20,0.03582318452788778,200
1148,2014-08-22,20,0.03624866766736038,200
1149,2014-08-25,20,0.025155102744893708,200
1150,2014-08-26,20,0.01014767526175437,200
1151,2014-08-27,20,-0.022867268375957105,200
1152,2014-08-28,20,-0.005460033819542751,200
1153,2014-09-01,20,-0.01918452343542413,200
1154,2014-09-02,20,-0.030583722872665853,200
1155,2014-09-03,20,-0.035306056514205826,200
1156,2014-09-04,20,-0.04439004167154834,200
1157,2014-09-05,20,-0.04958249833323574,200
1158,2014-09-08,20,-0.04269307845815508,200
1159,2014-09-09,20,-0.05545235769925423,200
1160,2014-09-10,20,-0.058163276126095564,200
1161,2014-09-11,20,-0.06441447310527294,200
1162,2014-09-12,20,-0.08638755249562323,200
1163,2014-09-15,20,-0.08403720765132723,200
1164,2014-09-16,20,-0.042173816640428304,200
1165,2014-09-17,20,-0.027918875618133665,200
1166,2014-09-18,20,-0.044280546382151564,200
1167,2014-09-19,20,-0.033654943872128064,200
1168,2014-09-22,20,-0.033320605276935894,200
1169,2014-09-23,20,-0.0034385089254312857,200
1170,2014-09-24,20,0.015990449637562746,200
1171,2014-09-25,20,0.07384436801957646,200
1172,2014-09-26,20,0.06024696128646417,200
1173,2014-09-29,20,0.06035345362776056,200
1174,2014-09-30,20,0.05922155703410645,200
1175,2014-10-01,20,0.07018736630550693,200
1176,2014-10-07,20,0.09144767046817118,200
1177,2014-10-08,20,0.08433600085170227,200
1178,2014-10-09,20,0.06655444085166952,200
1179,2014-10-10,20,0.08755541639005555,200
1180,2014-10-13,20,0.08197368464015589,200
1181,2014-10-14,20,0.10355872657716304,200
1182,2014-10-16,20,0.1085526497904344,200
1183,2014-10-17,20,0.08103161570005293,200
1184,2014-10-20,20,0.0781250619816162,200
1185,2014-10-21,20,0.06604216711360164,200
1186,2014-10-22,20,0.028376183147787573,200
1187,2014-10-27,20,0.04758658787066263,200
1188,2014-10-28,20,0.04133616849248734,200
1189,2014-10-29,20,0.05467977447047685,200
1190,2014-10-30,20,0.03300044503362286,200
1191,2014-10-31,20,0.025467393019599813,200
1192,2014-11-03,20,0.027057098158773975,200
1193,2014-11-05,20,0.033550757919390065,200
1194,2014-11-07,20,0.02898015988280978,200
1195,2014-11-10,20,0.015529585271336147,200
1196,2014-11-11,20,-0.011795319799135048,200
1197,2014-11-12,20,-0.005044759015449065,200
1198,2014-11-13,20,-0.002096242381494633,200
1199,2014-11-14,20,-0.0197056462457576,200
1200,2014-11-17,20,-0.036601028574622475,200
1201,2014-11-18,20,-0.07354944159794453,200
1202,2014-11-19,20,-0.06747211878539403,200
1203,2014-11-20,20,-0.03126715521881701,200
1204,2014-11-21,20,-0.03289708149294789,200
1205,2014-11-24,20,-0.023516075610242826,200
1206,2014-11-25,20,-0.008814350470816468,200
1207,2014-11-26,20,-0.019442846130672077,200
1208,2014-11-27,20,-0.02180866563445341,200
1209,2014-11-28,20,-0.02196631186324727,200
1210,2014-12-01,20,-0.0054586275940183985,200
1211,2014-12-02,20,-0.011889160115729509,200
1212,2014-12-03,20,-0.021285765743620236,200
1213,2014-12-04,20,-0.014396265003518854,200
1214,2014-12-05,20,-0.00852084911721292,200
1215,2014-12-08,20,-0.027394093929049727,200
1216,2014-12-09,20,-0.007503957937051996,200
1217,2014-12-10,20,0.0007829064510337491,200
1218,2014-12-11,20,0.004326312418560385,200
1219,2014-12-12,20,0.03897214478129324,200
1220,2014-12-15,20,0.041041480866487234,200
1221,2014-12-16,20,0.06778688856536001,200
1222,2014-12-17,20,0.07423356984418332,200
1223,2014-12-18,20,0.04913757135272178,200
1224,2014-12-19,20,0.06037743903812343,200
1225,2014-12-22,20,0.055110504307904984,200
1226,2014-12-23,20,0.06439238915849231,200
1227,2014-12-24,20,0.06394635895708241,200
1228,2014-12-26,20,0.06009608891873075,200
1229,2014-12-29,20,0.05675352297979861,200
1230,2014-12-30,20,0.05791372504978753,200
1231,2014-12-31,20,0.04921677472534589,200
1232,2015-01-01,20,0.03638845771077178,200
1233,2015-01-02,20,0.03491657264111485,200
1234,2015-01-05,20,0.036188383380238665,200
1235,2015-01-06,20,0.06230769827113638,200
1236,2015-01-07,20,0.033944436612474906,200
1237,2015-01-08,20,0.0052207705432385535,200
1238,2015-01-09,20,-0.008191587049723037,200
1239,2015-01-12,20,-0.014290412974417908,200
1240,2015-01-13,20,0.00839904398838665,200
1241,2015-01-14,20,0.012373535824757531,200
1242,2015-01-15,20,0.016113285517290542,200
1243,2015-01-16,20,0.010122648289794162,200
1244,2015-01-19,20,0.014091602552314196,200
1245,2015-01-20,20,0.011050964392704133,200
1246,2015-01-21,20,0.011866659000838293,200
1247,2015-01-22,20,-0.004806790604295148,200
1248,2015-01-23,20,-0.0047667403386040304,200
1249,2015-01-27,20,-0.0057604083607047385,200
1250,2015-01-28,20,-0.019055491251499607,200
1251,2015-01-29,20,-0.0015293314630615217,200
1252,2015-01-30,20,0.022926383309,200
1253,2015-02-02,20,0.02254307455851628,200
1254,2015-02-03,20,0.01607646028621243,200
1255,2015-02-04,20,0.028209146339652404,200
1256,2015-02-05,20,0.028680292975714422,200
1257,2015-02-06,20,0.046552291606007996,200
1258,2015-02-09,20,0.0599136492431216,200
1259,2015-02-10,20,0.06200445544674638,200
1260,2015-02-11,20,0.021948185677542583,200
1261,2015-02-12,20,0.009886430903431782,200
1262,2015-02-13,20,0.01149121849771456,200
1263,2015-02-16,20,0.011680645168635227,200
1264,2015-02-18,20,-0.004910427873679715,200
1265,2015-02-19,20,-0.023849186386551154,200
1266,2015-02-20,20,-0.03208050034117627,200
1267,2015-02-23,20,-0.021627228618635384,200
1268,2015-02-24,20,-0.027555823561270176,200
1269,2015-02-25,20,-0.03613388174385911,200
1270,2015-02-26,20,-0.028981391414349886,200
1271,2015-02-27,20,-0.03463872176084742,200
1272,2015-03-02,20,-0.04038446002797793,200
1273,2015-03-03,20,-0.04208471687435237,200
1274,2015-03-04,20,-0.010140485005926991,200
1275,2015-03-05,20,-0.0006337680385502098,200
1276,2015-03-09,20,0.013193217499971184,200
1277,2015-03-10,20,0.01928000617572541,200
1278,2015-03-11,20,0.027086768349591478,200
1279,2015-03-12,20,0.01562600749137713,200
1280,2015-03-13,20,0.02896519117021135,200
1281,2015-03-16,20,0.015843412817266204,200
1282,2015-03-17,20,-0.00495850053756112,200
1283,2015-03-18,20,-0.03461633298487032,200
1284,2015-03-19,20,-0.024796185987582507,200
1285,2015-03-20,20,-0.006966299590304501,200
1286,2015-03-23,20,0.0004844128582909729,200
1287,2015-03-24,20,-0.02281109451510792,200
1288,2015-03-25,20,-0.037211284022937864,200
1289,2015-03-26,20,-0.0197295536092024,200
1290,2015-03-27,20,-0.02035871931311867,200
1291,2015-03-30,20,-0.040102151721543286,200
1292,2015-03-31,20,-0.01544062456850069,200
1293,2015-04-01,20,-0.02946912896264178,199
1294,2015-04-06,20,-0.07647745240541551,199
1295,2015-04-07,20,-0.10333931105626161,199
1296,2015-04-08,20,-0.09623291719431519,199
1297,2015-04-09,20,-0.07792424640347435,199
1298,2015-04-10,20,-0.10749090729799746,199
1299,2015-04-13,20,-0.09891952693396273,199
1300,2015-04-15,20,-0.07982349637178349,198
1301,2015-04-16,20,-0.06728557184440177,198
1302,2015-04-17,20,-0.04439977092107474,198
1303,2015-04-20,20,-0.018428123210105174,198
1304,2015-04-21,20,-0.014402470064488958,198
1305,2015-04-22,20,-0.020873097571061597,198
1306,2015-04-23,20,-0.012534198288040596,198
1307,2015-04-24,20,0.006019148952041759,198
1308,2015-04-27,20,0.035945297523748636,198
1309,2015-04-28,20,0.015236872276589247,198
1310,2015-04-29,20,0.016331767067749976,198
1311,2015-04-30,20,0.021474357045009163,198
1312,2015-05-04,20,0.0029353476635779452,200
1313,2015-05-05,20,-0.023834646170030917,200
1314,2015-05-06,20,-0.014117855490990356,200
1315,2015-05-07,20,-0.00908517872063037,200
1316,2015-05-08,20,-0.020497150149017672,200
1317,2015-05-11,20,-0.04821969646550857,200
1318,2015-05-12,20,-0.034674619439615084,200
1319,2015-05-13,20,-0.029637827504834634,200
1320,2015-05-14,20,-0.06509891550936041,200
1321,2015-05-15,20,-0.07201099932212275,200
1322,2015-05-18,20,-0.0763789369374047,200
1323,2015-05-19,20,-0.07740890768155853,200
1324,2015-05-20,20,-0.06564017776366801,200
1325,2015-05-21,20,-0.05746719181777131,200
1326,2015-05-22,20,-0.05031233207907308,200
1327,2015-05-25,20,-0.03182461260694509,199
1328,2015-05-26,20,-0.017235719271802348,198
1329,2015-05-27,20,-0.0340216649206608,198
1330,2015-05-28,20,-0.027665001412901104,198
1331,2015-05-29,20,-0.036391700566022686,198
1332,2015-06-01,20,-0.055222226580499835,200
1333,2015-06-02,20,-0.016802346107752643,200
1334,2015-06-03,20,0.023690979538326894,200
1335,2015-06-04,20,0.03431660865127167,200
1336,2015-06-05,20,0.026452735394926,200
1337,2015-06-08,20,0.06199604472346507,200
1338,2015-06-09,20,0.06708453929400827,200
1339,2015-06-10,20,0.031183875212950785,200
1340,2015-06-11,20,0.0668315214909731,200
1341,2015-06-12,20,0.06302324544488175,200
1342,2015-06-15,20,0.075206514177407,200
1343,2015-06-16,20,0.06819348588911724,200
1344,2015-06-17,20,0.06345009778481554,200
1345,2015-06-18,20,0.06273576393486555,200
1346,2015-06-19,20,0.05969573112827713,200
1347,2015-06-22,20,0.043790133902595674,200
1348,2015-06-23,20,0.021662864514364322,200
1349,2015-06-24,20,0.04857021054965715,200
1350,2015-06-25,20,0.043137370669854055,200
1351,2015-06-26,20,0.05536588040566651,200
1352,2015-06-29,20,0.032636745075897054,200
1353,2015-06-30,20,0.013805343017778488,200
1354,2015-07-01,20,0.00264483711379202,200
1355,2015-07-02,20,0.016553066135157002,200
1356,2015-07-03,20,0.04474601620886395,200
1357,2015-07-06,20,0.0227168767227823,200
1358,2015-07-07,20,0.038582230643976964,200
1359,2015-07-08,20,0.05305113766272167,200
1360,2015-07-09,20,0.051357534555353475,200
1361,2015-07-10,20,0.04838022104138824,200
1362,2015-07-13,20,0.03151715930735757,200
1363,2015-07-14,20,0.014329335230880197,200
1364,2015-07-15,20,-0.01685567322785886,200
1365,2015-07-16,20,-0.03454695641233854,200
1366,2015-07-17,20,-0.012705879334523402,200
1367,2015-07-20,20,-0.010481195322029258,200
1368,2015-07-21,20,0.016074007784877383,200
1369,2015-07-22,20,-0.001457970914789707,200
1370,2015-07-23,20,-0.023281937871895177,200
1371,2015-07-24,20,-0.021717219904334267,200
1372,2015-07-27,20,-0.10351614692065375,200
1373,2015-07-28,20,-0.08271689764196041,200
1374,2015-07-29,20,-0.09186154655906402,200
1375,2015-07-30,20,-0.07662246469285758,200
1376,2015-07-31,20,-0.08461389290118959,200
1377,2015-08-03,20,-0.09176821115801878,200
1378,2015-08-04,20,-0.12116562706364671,200
1379,2015-08-05,20,-0.12807001055601927,200
1380,2015-08-06,20,-0.11460974541330124,200
1381,2015-08-07,20,-0.13622385953489746,200
1382,2015-08-10,20,-0.15094853217505574,200
1383,2015-08-11,20,-0.12121655236519584,200
1384,2015-08-12,20,-0.08789755033936768,200
1385,2015-08-13,20,-0.08175211773894554,200
1386,2015-08-14,20,-0.09870661252685772,200
1387,2015-08-17,20,-0.08731718046390116,200
1388,2015-08-18,20,-0.09545281129750054,200
1389,2015-08-19,20,-0.09384566403380001,200
1390,2015-08-20,20,-0.04832915817282132,200
1391,2015-08-21,20,-0.0028953472842506577,200
1392,2015-08-24,20,0.02485840629811384,200
1393,2015-08-25,20,0.032183414359425316,200
1394,2015-08-26,20,0.011701946289922651,200
1395,2015-08-27,20,-0.017047448986322586,200
1396,2015-08-28,20,-0.002782370926063746,200
1397,2015-08-31,20,0.022226723691592662,200
1398,2015-09-01,20,0.026973146888745206,200
1399,2015-09-02,20,0.05291580339544688,200
1400,2015-09-03,20,0.059473125002936535,200
1401,2015-09-04,20,0.08824089968065431,200
1402,2015-09-07,20,0.10270655222621296,200
1403,2015-09-08,20,0.0729258235405032,200
1404,2015-09-09,20,0.08651189633801132,200
1405,2015-09-10,20,0.06395421281257191,200
1406,2015-09-11,20,0.06083310856691206,200
1407,2015-09-14,20,0.054083367696817326,200
1408,2015-09-15,20,0.05970108337664254,200
1409,2015-09-16,20,0.06720395553264943,200
1410,2015-09-18,20,0.07224556070724762,200
1411,2015-09-21,20,0.03949274897003175,200
1412,2015-09-22,20,0.07583438955189843,200
1413,2015-09-23,20,0.046443462286068445,200
1414,2015-09-24,20,0.043726917243066904,200
1415,2015-09-28,20,0.062315426371676697,200
1416,2015-09-29,20,0.0324280368334541,200
1417,2015-09-30,20,0.01322322397217421,200
1418,2015-10-01,20,0.008525451631192197,200
1419,2015-10-05,20,-0.008912049824634737,200
1420,2015-10-06,20,-0.013101508210944211,200
1421,2015-10-07,20,-0.035429804642369486,200
1422,2015-10-08,20,-0.041186612885592645,200
1423,2015-10-09,20,-0.03178973662023812,200
1424,2015-10-12,20,-0.045464178701159375,200
1425,2015-10-13,20,-0.04589202819415724,200
1426,2015-10-14,20,-0.04439341792071359,200
1427,2015-10-15,20,-0.04532562026775726,200
1428,2015-10-16,20,-0.05771655447915659,200
1429,2015-10-19,20,-0.051114182623085036,200
1430,2015-10-20,20,-0.044195522300275764,200
1431,2015-10-21,20,-0.044384469366684415,200
1432,2015-10-23,20,-0.03529441426285674,200
1433,2015-10-26,20,-0.015585736536777863,200
1434,2015-10-27,20,-0.013754469602529889,200
1435,2015-10-28,20,-0.009549916737863645,200
1436,2015-10-29,20,0.0021463439520555804,200
1437,2015-10-30,20,0.010598769406724799,200
1438,2015-11-02,20,0.002060382863383214,200
1439,2015-11-03,20,-0.011071975121703033,200
1440,2015-11-04,20,-0.00014045558109021473,200
1441,2015-11-05,20,-0.001931855866049092,200
1442,2015-11-06,20,0.0066437508369195175,200
1443,2015-11-09,20,-0.009816696420985866,200
1444,2015-11-10,20,-0.010425175929031947,200
1445,2015-11-13,20,0.0015872787920492004,200
1446,2015-11-16,20,-0.007391675914357161,200
1447,2015-11-17,20,-0.002196732950603198,200
1448,2015-11-18,20,0.02143717497619548,200
1449,2015-11-19,20,0.009774945746891122,200
1450,2015-11-20,20,0.009595657997909847,200
1451,2015-11-23,20,0.006645412534244542,200
1452,2015-11-24,20,0.010175647001093316,200
1453,2015-11-26,20,0.006287288477201045,200
1454,2015-11-27,20,0.008845908298204268,200
1455,2015-11-30,20,0.0026002019989066734,200
1456,2015-12-01,20,-0.004793564932291529,200
1457,2015-12-02,20,0.008135853949457254,200
1458,2015-12-03,20,0.028398003738289327,200
1459,2015-12-04,20,0.009259112856545019,200
1460,2015-12-07,20,0.02645415297031571,200
1461,2015-12-08,20,0.0372200068375555,200
1462,2015-12-09,20,0.016709203796731548,200
1463,2015-12-10,20,0.018878683987456138,200
1464,2015-12-11,20,0.030172604759578857,200
1465,2015-12-14,20,0.00611624714046226,200
1466,2015-12-15,20,-0.014468460911145502,200
1467,2015-12-16,20,-0.03335492871149242,200
1468,2015-12-17,20,-0.07733011855208224,200
1469,2015-12-18,20,-0.10698583312562757,200
1470,2015-12-21,20,-0.10031229300823759,200
1471,2015-12-22,20,-0.12240008723786128,200
1472,2015-12-23,20,-0.12712351014573128,200
1473,2015-12-24,20,-0.10823587626938266,200
1474,2015-12-28,20,-0.11109893972565336,200
1475,2015-12-29,20,-0.10953020684997733,200
1476,2015-12-30,20,-0.10963047669121241,200
1477,2015-12-31,20,-0.10143204494076372,200
1478,2016-01-01,20,-0.10440809323689088,200
1479,2016-01-04,20,-0.11272330157530214,200
1480,2016-01-05,20,-0.1372957480508976,200
1481,2016-01-06,20,-0.12405642406989699,200
1482,2016-01-07,20,-0.09016634582035772,200
1483,2016-01-08,20,-0.08549902439092948,200
1484,2016-01-11,20,-0.10532753174984145,200
1485,2016-01-12,20,-0.1176285695693185,200
1486,2016-01-13,20,-0.12492465798362229,200
1487,2016-01-14,20,-0.14088132956126834,200
1488,2016-01-15,20,-0.06473121609940034,200
1489,2016-01-18,20,-0.06646937168518362,200
1490,2016-01-19,20,-0.058404739538796074,200
1491,2016-01-20,20,-0.053218743137247664,200
1492,2016-01-21,20,-0.05063591128617897,200
1493,2016-01-22,20,-0.06181642193569343,200
1494,2016-01-25,20,-0.07568291567581513,200
1495,2016-01-27,20,-0.0847617777198888,200
1496,2016-01-28,20,-0.09290735727453354,200
1497,2016-01-29,20,-0.10888748194611925,200
1498,2016-02-01,20,-0.11146798888958352,200
1499,2016-02-02,20,-0.050854967681810505,200
1500,2016-02-03,20,-0.02552375293922801,200
1501,2016-02-04,20,0.0017822807641158678,200
1502,2016-02-05,20,-0.007496097599466784,200
1503,2016-02-08,20,0.011864076583456385,200
1504,2016-02-09,20,0.02834086267292126,199
1505,2016-02-10,20,0.04069181237658246,199
1506,2016-02-11,20,0.08437008525768624,199
1507,2016-02-12,20,0.09022998528257463,199
1508,2016-02-15,20,0.04205942883003429,199
1509,2016-02-16,20,0.07491304812904748,199
1510,2016-02-17,20,0.05925858827104065,199
1511,2016-02-18,20,0.08085196384446065,199
1512,2016-02-19,20,0.08143774054798582,199
1513,2016-02-22,20,0.07931952534860941,199
1514,2016-02-23,20,0.10755559869473985,199
1515,2016-02-24,20,0.08791027215765249,199
1516,2016-02-25,20,0.08956474242498466,199
1517,2016-02-26,20,0.12146812302254018,199
1518,2016-02-29,20,0.13062929704648882,199
1519,2016-03-01,20,0.08113303195082634,200
1520,2016-03-02,20,0.06280365444221006,200
1521,2016-03-03,20,0.025706868867019242,200
1522,2016-03-04,20,0.02530363509036713,200
1523,2016-03-08,20,0.025182302465447975,200
1524,2016-03-09,20,0.014005874102641501,200
1525,2016-03-10,20,0.03769327515259216,200
1526,2016-03-11,20,0.039166232525012286,200
1527,2016-03-14,20,0.05935220830466728,200
1528,2016-03-15,20,0.07749507004455666,200
1529,2016-03-16,20,0.07638175872018593,200
1530,2016-03-17,20,0.07546334468174769,200
1531,2016-03-18,20,0.06688657869111983,200
1532,2016-03-21,20,0.051074609203125024,200
1533,2016-03-22,20,0.05810442483015022,200
1534,2016-03-23,20,0.05742216278957955,200
1535,2016-03-28,20,0.06463817867909995,200
1536,2016-03-29,20,0.05912785487093674,200
1537,2016-03-30,20,0.0494390504866845,200
1538,2016-03-31,20,0.037459755771104594,200
1539,2016-04-01,20,0.005376788048616053,200
1540,2016-04-04,20,0.011454788615606368,200
1541,2016-04-05,20,0.031352723714594924,200
1542,2016-04-06,20,0.037918572246666456,200
1543,2016-04-07,20,0.046754844697780074,200
1544,2016-04-08,20,0.03340486790063688,200
1545,2016-04-11,20,0.029253685114153775,200
1546,2016-04-12,20,0.003907879011279484,200
1547,2016-04-13,20,-0.0010935851613701852,200
1548,2016-04-18,20,-0.00888134110637152,200
1549,2016-04-20,20,-0.014704619267248219,200
1550,2016-04-21,20,-0.019573373701833655,200
1551,2016-04-22,20,-0.03221529807843394,200
1552,2016-04-25,20,-0.029986464865931636,200
1553,2016-04-26,20,-0.04713822642819787,200
1554,2016-04-27,20,-0.034310246524995903,200
1555,2016-04-28,20,-0.008741208673215324,200
1556,2016-04-29,20,0.005975169011862827,200
1557,2016-05-02,20,0.0006074601479391456,200
1558,2016-05-03,20,0.01319016541016132,200
1559,2016-05-04,20,0.025506756342994687,200
1560,2016-05-05,20,0.0333567921693209,200
1561,2016-05-06,20,0.015554976690020216,200
1562,2016-05-09,20,0.005891418045030173,200
1563,2016-05-10,20,0.028784339322212204,200
1564,2016-05-11,20,0.024897589295248056,200
1565,2016-05-12,20,0.02263791563891798,200
1566,2016-05-13,20,0.024680391664236048,200
1567,2016-05-16,20,0.015343798362608366,200
1568,2016-05-17,20,0.028425585985921372,200
1569,2016-05-18,20,0.028076488826034925,200
1570,2016-05-19,20,0.0364073165382903,200
1571,2016-05-20,20,0.04332443164860572,200
1572,2016-05-23,20,0.06285777326182623,200
1573,2016-05-24,20,0.060541482921019955,200
1574,2016-05-25,20,0.04492990678678313,200
1575,2016-05-26,20,0.0335191381121865,200
1576,2016-05-27,20,-0.00048180060343861906,200
1577,2016-05-30,20,0.009341730776624577,200
1578,2016-05-31,20,0.019042078170111415,200
1579,2016-06-01,20,0.03736755824129053,200
1580,2016-06-02,20,0.04002055345424532,200
1581,2016-06-03,20,0.059772157444107285,200
1582,2016-06-06,20,0.06910364086920127,200
1583,2016-06-07,20,0.06461935777961124,200
1584,2016-06-08,20,0.055239373781897194,200
1585,2016-06-09,20,0.05464056791778876,200
1586,2016-06-10,20,0.08204436499351545,200
1587,2016-06-13,20,0.08180960566644888,200
1588,2016-06-14,20,0.06537300741596942,200
1589,2016-06-15,20,0.0732101301429262,200
1590,2016-06-16,20,0.06568423716740615,200
1591,2016-06-17,20,0.06867574169196135,200
1592,2016-06-20,20,0.05051657139178658,200
1593,2016-06-21,20,0.06379463769845901,200
1594,2016-06-22,20,0.06400281137793437,200
1595,2016-06-23,20,0.10545237436698826,200
1596,2016-06-24,20,0.1086061345238572,200
1597,2016-06-27,20,0.08326603519163978,200
1598,2016-06-28,20,0.07722693154823226,200
1599,2016-06-29,20,0.0699629810636066,200
1600,2016-06-30,20,0.061360703261411596,200
1601,2016-07-01,20,0.05064356918408442,200
1602,2016-07-04,20,0.033668730109727596,200
1603,2016-07-05,20,0.017382760407425268,200
1604,2016-07-07,20,0.026314610934598862,200
1605,2016-07-08,20,0.03716905958489548,200
1606,2016-07-11,20,0.03639209248192566,200
1607,2016-07-12,20,0.024244509641865468,200
1608,2016-07-13,20,0.017404478738824957,200
1609,2016-07-14,20,0.006145394363309987,200
1610,2016-07-15,20,0.016042843807758327,200
1611,2016-07-18,20,0.028455324411830452,200
1612,2016-07-19,20,0.03385664415038711,200
1613,2016-07-20,20,0.02833808394478637,200
1614,2016-07-21,20,0.043361188126008476,200
1615,2016-07-22,20,0.027667511602507407,200
1616,2016-07-25,20,0.015683050831338776,200
1617,2016-07-26,20,0.02625386101995085,200
1618,2016-07-27,20,0.014661655310552947,200
1619,2016-07-28,20,0.0089838838314744,200
1620,2016-07-29,20,0.005518204909729458,200
1621,2016-08-01,20,0.023044735826726673,200
1622,2016-08-02,20,0.032888677976256775,200
1623,2016-08-03,20,0.03337567123543326,200
1624,2016-08-04,20,0.03497756119143309,200
1625,2016-08-05,20,0.03329509394953682,200
1626,2016-08-08,20,0.03524736441512229,200
1627,2016-08-09,20,0.04886410645782102,200
1628,2016-08-10,20,0.06066576243690441,200
1629,2016-08-11,20,0.02579858451837349,200
1630,2016-08-12,20,0.035764287890218176,200
1631,2016-08-16,20,0.03475420160620628,200
1632,2016-08-17,20,0.026633510828173286,200
1633,2016-08-18,20,0.025841149553095234,200
1634,2016-08-19,20,0.01995267533635971,200
1635,2016-08-22,20,0.026576762275307617,200
1636,2016-08-23,20,0.0390031878586944,200
1637,2016-08-24,20,0.030210731266415474,200
1638,2016-08-25,20,0.02944575291556008,200
1639,2016-08-26,20,0.031175973397915,200
1640,2016-08-29,20,0.038654093402264326,200
1641,2016-08-30,20,-0.017286405845816546,200
1642,2016-08-31,20,0.0017273211322708093,200
1643,2016-09-01,20,0.031206545915787788,200
1644,2016-09-02,20,0.027802166536061598,200
1645,2016-09-06,20,0.018935528644173038,200
1646,2016-09-07,20,0.00691037989492592,200
1647,2016-09-08,20,0.0024798165337572746,200
1648,2016-09-09,20,0.03150409387002196,200
1649,2016-09-12,20,0.025770167434386454,200
1650,2016-09-14,20,0.0164361705307752,200
1651,2016-09-15,20,0.0017296228503667526,200
1652,2016-09-16,20,0.021320214971907236,200
1653,2016-09-19,20,0.017182006818470597,200
1654,2016-09-20,20,0.02616363509922483,200
1655,2016-09-21,20,0.01865769572973348,200
1656,2016-09-22,20,0.0126588660592924,200
1657,2016-09-23,20,0.0167150666366095,200
1658,2016-09-26,20,0.0075143340025717155,200
1659,2016-09-27,20,0.0025445309163698807,200
1660,2016-09-28,20,-0.0031636822569851984,200
1661,2016-09-29,20,0.05272561244480529,200
1662,2016-09-30,20,0.0011646628948355075,200
1663,2016-10-03,20,-0.032495436452032324,200
1664,2016-10-04,20,-0.055997250290188406,200
1665,2016-10-05,20,-0.04557290282158459,200
1666,2016-10-06,20,-0.035273264128931336,200
1667,2016-10-07,20,-0.06141566140152852,200
1668,2016-10-10,20,-0.033101630745041556,200
1669,2016-10-13,20,-0.056949986313707374,200
1670,2016-10-14,20,-0.09628524367099552,200
1671,2016-10-17,20,-0.08899928292499215,200
1672,2016-10-18,20,-0.10556683302522682,200
1673,2016-10-19,20,-0.10475565998824432,200
1674,2016-10-20,20,-0.13481044654583124,200
1675,2016-10-21,20,-0.12587423277865586,200
1676,2016-10-24,20,-0.1122712323073391,200
1677,2016-10-25,20,-0.11276091428078847,200
1678,2016-10-26,20,-0.08630559319859288,200
1679,2016-10-27,20,-0.07668262672006997,200
1680,2016-10-28,20,-0.08349627024246313,200
1681,2016-11-01,20,-0.06032112103080971,200
1682,2016-11-02,20,-0.058066430414139954,200
1683,2016-11-03,20,-0.06505539646388367,200
1684,2016-11-04,20,-0.050762742767303394,200
1685,2016-11-07,20,-0.04961317104870491,200
1686,2016-11-08,20,0.02507467236076863,200
1687,2016-11-09,20,-0.03210882066644853,200
1688,2016-11-10,20,-0.0215282062927493,200
1689,2016-11-11,20,-0.01069108337069064,200
1690,2016-11-15,20,0.014472613361748179,200
1691,2016-11-16,20,0.020186002199036247,200
1692,2016-11-17,20,0.02093305048723707,200
1693,2016-11-18,20,0.009098912135735309,200
1694,2016-11-21,20,0.031984976872906586,200
1695,2016-11-22,20,0.00807700312893773,200
1696,2016-11-23,20,0.0070911506644521305,200
1697,2016-11-24,20,-0.012764377584841835,200
1698,2016-11-25,20,-0.025357244302928253,200
1699,2016-11-28,20,-0.05961266368324858,200
1700,2016-11-29,20,-0.05086743165921043,200
1701,2016-11-30,20,-0.054355609127928556,200
1702,2016-12-01,20,-0.022904870418778506,200
1703,2016-12-02,20,-0.004237601373104658,200
1704,2016-12-05,20,-0.004491772899996028,200
1705,2016-12-06,20,-0.002133594692462182,200
1706,2016-12-07,20,0.004112034372978607,200
1707,2016-12-08,20,0.0054809604874088615,200
1708,2016-12-09,20,0.0017982347814896904,200
1709,2016-12-12,20,0.014424662958101887,200
1710,2016-12-13,20,0.02200826814980682,200
1711,2016-12-14,20,0.0559090972436772,200
1712,2016-12-15,20,0.04092293983481162,200
1713,2016-12-16,20,0.04835010178689089,200
1714,2016-12-19,20,0.059011478673116145,200
1715,2016-12-20,20,0.06958774023535805,200
1716,2016-12-21,20,0.08359700870479536,200
1717,2016-12-22,20,0.09839665411036841,200
1718,2016-12-23,20,0.08345332422106023,200
1719,2016-12-26,20,0.11390696902896186,200
1720,2016-12-27,20,0.10166409890308808,200
1721,2016-12-28,20,0.11071705005044491,200
1722,2016-12-29,20,0.09980067626626483,200
1723,2016-12-30,20,0.0875133794564238,200
1724,2017-01-02,20,0.06135118113874223,200
1725,2017-01-03,20,0.07718878579979135,200
1726,2017-01-04,20,0.07987354792164272,200
1727,2017-01-05,20,0.0789567296322164,200
1728,2017-01-06,20,0.09157907743768492,200
1729,2017-01-09,20,0.08287041319276518,200
1730,2017-01-10,20,0.08052581676145693,200
1731,2017-01-11,20,0.07346427006223301,200
1732,2017-01-12,20,0.07057389417917054,200
1733,2017-01-13,20,0.07046519345880972,200
1734,2017-01-16,20,0.0556971392184038,200
1735,2017-01-17,20,0.03796624321765453,200
1736,2017-01-18,20,0.04898488157209885,200
1737,2017-01-19,20,0.05540119933370626,200
1738,2017-01-20,20,0.08418189366986904,200
1739,2017-01-23,20,0.07808746428969982,200
1740,2017-01-24,20,0.06177014816487314,200
1741,2017-01-25,20,0.05239653400138916,200
1742,2017-01-27,20,0.04930598640438975,200
1743,2017-01-30,20,0.05278602727663309,200
1744,2017-01-31,20,0.07142073758503763,200
1745,2017-02-01,20,0.03232891863347919,200
1746,2017-02-02,20,0.02576360529442102,200
1747,2017-02-03,20,0.018787725837033125,200
1748,2017-02-06,20,0.014209853590972363,200
1749,2017-02-07,20,0.011785483732092084,200
1750,2017-02-08,20,0.0027770076893590457,200
1751,2017-02-09,20,-0.003897578954050312,200
1752,2017-02-10,20,0.015311856868471758,200
1753,2017-02-13,20,0.030051855636047408,200
1754,2017-02-14,20,0.05187095432224991,200
1755,2017-02-15,20,0.06461973652329471,200
1756,2017-02-16,20,0.04616766294152876,200
1757,2017-02-17,20,0.04088415556220389,200
1758,2017-02-20,20,0.018784252032733664,200
1759,2017-02-21,20,0.022215634317165306,200
1760,2017-02-22,20,0.02980702375569866,200
1761,2017-02-23,20,0.025989940280534665,200
1762,2017-02-27,20,0.030253514449299374,200
1763,2017-02-28,20,0.024603892109598,200
1764,2017-03-01,20,0.023242885889529667,200
1765,2017-03-02,20,0.04874953172936726,200
1766,2017-03-03,20,0.04913891081469494,200
1767,2017-03-06,20,0.05217074704176882,200
1768,2017-03-07,20,0.053786306785237305,200
1769,2017-03-08,20,0.05543346823572634,200
1770,2017-03-09,20,0.05842997366078463,200
1771,2017-03-10,20,0.05349786106507157,200
1772,2017-03-14,20,0.04821135543068945,200
1773,2017-03-15,20,0.03405477988586575,200
1774,2017-03-16,20,0.02643816267179282,200
1775,2017-03-17,20,0.021412237361229512,200
1776,2017-03-20,20,0.02588298531147272,200
1777,2017-03-21,20,0.04938400490684566,200
1778,2017-03-22,20,0.04843490502699441,200
1779,2017-03-23,20,0.0499805432345695,200
1780,2017-03-24,20,0.060296839174003435,200
1781,2017-03-27,20,0.05570883777621745,200
1782,2017-03-28,20,0.051535741173872995,200
1783,2017-03-29,20,0.05558513728764421,200
1784,2017-03-30,20,0.054391418910617384,200
1785,2017-03-31,20,0.050829112217989844,200
1786,2017-04-03,20,0.043519979496986515,200
1787,2017-04-05,20,0.028385536408295706,200
1788,2017-04-06,20,0.0373689496031818,200
1789,2017-04-07,20,0.04121707313810433,200
1790,2017-04-10,20,0.045065719721693875,200
1791,2017-04-11,20,0.037029580133565096,200
1792,2017-04-12,20,0.03575971472040316,200
1793,2017-04-13,20,0.0451690200780138,200
1794,2017-04-17,20,0.0429952319414047,200
1795,2017-04-18,20,0.053903079128074384,200
1796,2017-04-19,20,0.020757035982907554,200
1797,2017-04-20,20,0.00420374350601497,200
1798,2017-04-21,20,-0.006849359639802241,200
1799,2017-04-24,20,-0.03722904282271659,200
1800,2017-04-25,20,-0.06121319673360167,199
1801,2017-04-26,20,-0.0438735953656691,199
1802,2017-04-27,20,-0.02923656420907152,199
1803,2017-04-28,20,-0.04866960178871288,199
1804,2017-05-02,20,-0.041263018114062563,200
1805,2017-05-03,20,-0.03399567245654808,200
1806,2017-05-04,20,-0.028339312090358205,200
1807,2017-05-05,20,-0.012720684483049088,200
1808,2017-05-08,20,-0.01365937263224763,200
1809,2017-05-09,20,-0.02354818995793727,200
1810,2017-05-10,20,-0.026350758542486766,200
1811,2017-05-11,20,-0.025374873551863478,200
1812,2017-05-12,20,-0.01721411476995198,200
1813,2017-05-15,20,-0.028490265837792243,200
1814,2017-05-16,20,-0.029745300329611014,200
1815,2017-05-17,20,-0.018885192793608375,200
1816,2017-05-18,20,-0.010021594500006089,200
1817,2017-05-19,20,-0.002834834366588498,200
1818,2017-05-22,20,0.015267362500210612,200
1819,2017-05-23,20,0.036814699250033625,200
1820,2017-05-24,20,0.05745981111576539,200
1821,2017-05-25,20,0.031877210872230756,200
1822,2017-05-26,20,0.006347055680216432,200
1823,2017-05-29,20,0.01565237638681087,199
1824,2017-05-30,20,0.0031190452954262724,199
1825,2017-05-31,20,0.005733948537138048,199
1826,2017-06-01,20,-0.00046578207147184914,200
1827,2017-06-02,20,0.006177503650331131,200
1828,2017-06-05,20,-0.0024029722720561877,200
1829,2017-06-06,20,0.015296569222448335,200
1830,2017-06-07,20,0.011107075051389637,200
1831,2017-06-08,20,0.014160886926911854,200
1832,2017-06-09,20,0.01589789960023215,200
1833,2017-06-12,20,0.026762269158287052,200
1834,2017-06-13,20,0.032084623049623694,200
1835,2017-06-14,20,0.03334263236437239,200
1836,2017-06-15,20,0.030903080274994686,200
1837,2017-06-16,20,0.022545369181020406,200
1838,2017-06-19,20,0.03274204942331274,200
1839,2017-06-20,20,0.03165378840236446,200
1840,2017-06-21,20,0.030307105287878035,200
1841,2017-06-22,20,0.04199877328429219,200
1842,2017-06-23,20,0.056800888098258034,200
1843,2017-06-27,20,0.07479244219704265,200
1844,2017-06-28,20,0.05791608804848703,200
1845,2017-06-29,20,0.06300541329377865,200
1846,2017-06-30,20,0.05743961781063828,200
1847,2017-07-03,20,0.04865182266716607,200
1848,2017-07-04,20,0.05232442612144501,199
1849,2017-07-05,20,0.02963456055895783,199
1850,2017-07-06,20,0.03619417158135574,199
1851,2017-07-07,20,0.031749173404977335,199
1852,2017-07-11,20,0.02435802338205767,199
1853,2017-07-12,20,-0.0048012517976611145,199
1854,2017-07-13,20,-0.04170776239425719,199
1855,2017-07-14,20,-0.048142572280687815,199
1856,2017-07-17,20,-0.021850616073059246,199
1857,2017-07-18,20,-0.010414353856518071,199
1858,2017-07-19,20,-0.015517844501525704,199
1859,2017-07-20,20,-0.018594515182103963,199
1860,2017-07-21,20,-0.03467495425996173,199
1861,2017-07-24,20,-0.04522969541203634,199
1862,2017-07-25,20,-0.03446400505064438,199
1863,2017-07-26,20,-0.033297356638666745,199
1864,2017-07-27,20,-0.011171289143314193,199
1865,2017-07-28,20,-0.032291657359127604,199
1866,2017-07-31,20,-0.021975464004740385,199
1867,2017-08-01,20,-0.015156668434415538,200
1868,2017-08-02,20,0.00025266285292713963,200
1869,2017-08-03,20,0.004530340332644057,200
1870,2017-08-04,20,0.0015649656914038718,200
1871,2017-08-07,20,-0.006257261689798633,200
1872,2017-08-08,20,0.017866204584819547,200
1873,2017-08-09,20,0.03527474066675416,200
1874,2017-08-10,20,0.09125212366355612,200
1875,2017-08-11,20,0.08202544973845485,200
1876,2017-08-14,20,0.055298209470322816,200
1877,2017-08-16,20,0.04787379112239886,200
1878,2017-08-17,20,0.05658574852572602,200
1879,2017-08-18,20,0.05906626008956484,200
1880,2017-08-21,20,0.07565791242680733,200
1881,2017-08-22,20,0.08003729277292422,200
1882,2017-08-23,20,0.06154503805001358,200
1883,2017-08-24,20,0.021203183711118498,200
1884,2017-08-28,20,-0.0001847448876241059,200
1885,2017-08-29,20,0.007103156296406916,200
1886,2017-08-30,20,-0.0274896618987134,200
1887,2017-08-31,20,-0.028647364334535894,200
1888,2017-09-01,20,-0.030205697847733283,200
1889,2017-09-04,20,-0.01928374097273922,200
1890,2017-09-05,20,-0.014097515011991392,200
1891,2017-09-06,20,-0.020959030091734103,200
1892,2017-09-07,20,-0.010748327702035754,200
1893,2017-09-08,20,-0.006522778000398921,200
1894,2017-09-11,20,-0.00394246612571205,200
1895,2017-09-12,20,-0.023701990660143578,200
1896,2017-09-13,20,-0.009144371564383592,200
1897,2017-09-14,20,-0.0045570202018863646,200
1898,2017-09-15,20,-0.011109654155671035,200
1899,2017-09-18,20,-0.009759252669834075,200
1900,2017-09-19,20,-0.013814359389049926,200
1901,2017-09-20,20,-0.012670668446511211,200
1902,2017-09-21,20,0.004290223577443641,200
1903,2017-09-22,20,0.04596578804681146,200
1904,2017-09-25,20,0.06914843705473415,200
1905,2017-09-26,20,0.056828455722340306,200
1906,2017-09-27,20,0.09664266497898472,200
1907,2017-09-28,20,0.08815991335477345,200
1908,2017-09-29,20,0.08209131856744538,200
1909,2017-10-03,20,0.0848211273490029,200
1910,2017-10-04,20,0.08523834571499844,200
1911,2017-10-05,20,0.08070729498243896,200
1912,2017-10-06,20,0.04998494902276146,200
1913,2017-10-09,20,0.03866159373306867,200
1914,2017-10-10,20,0.03798533287014713,200
1915,2017-10-11,20,0.05005075109207127,200
1916,2017-10-12,20,0.030559449261167763,200
1917,2017-10-13,20,0.021664088485876993,200
1918,2017-10-16,20,0.0072364166463728015,200
1919,2017-10-17,20,0.01618001369242558,200
1920,2017-10-18,20,0.034237903236505766,200
1921,2017-10-23,20,0.03587198305505806,200
1922,2017-10-24,20,0.019639859693644682,200
1923,2017-10-25,20,0.017586032051573955,200
1924,2017-10-26,20,0.011498028420552461,200
1925,2017-10-27,20,0.014528852727014421,200
1926,2017-10-30,20,0.010963544695050054,200
1927,2017-10-31,20,0.002767091903800541,200
1928,2017-11-01,20,0.0003749265531107387,200
1929,2017-11-02,20,-0.012341762010329412,200
1930,2017-11-03,20,-0.02649093888706013,200
1931,2017-11-06,20,-0.03863744803004748,200
1932,2017-11-07,20,-0.018184490369407665,200
1933,2017-11-08,20,-0.025650131532725506,200
1934,2017-11-09,20,-0.01157108831772342,200
1935,2017-11-10,20,-0.0014833182125884286,200
1936,2017-11-13,20,0.010264465675304965,200
1937,2017-11-14,20,0.0065538955561715425,200
1938,2017-11-15,20,0.00745213568664693,200
1939,2017-11-16,20,-0.010538322293128835,200
1940,2017-11-17,20,0.002015998398144439,200
1941,2017-11-20,20,-0.001752450699689128,200
1942,2017-11-21,20,0.012995070258209887,200
1943,2017-11-22,20,0.019847877065825185,200
1944,2017-11-23,20,0.025680569728284242,200
1945,2017-11-24,20,0.029248934325178798,200
1946,2017-11-27,20,0.03176098533864078,200
1947,2017-11-28,20,0.0320278019815073,200
1948,2017-11-29,20,0.03920903288077292,200
1949,2017-11-30,20,0.04810389305423222,200
1950,2017-12-01,20,0.06499397628908389,200
1951,2017-12-04,20,0.07166904047847153,200
1952,2017-12-05,20,0.08084328447825939,200
1953,2017-12-06,20,0.09817438239812715,200
1954,2017-12-07,20,0.08767325932684676,200
1955,2017-12-08,20,0.08577024099189032,200
1956,2017-12-11,20,0.08413414340881127,200
1957,2017-12-12,20,0.09451901082979078,200
1958,2017-12-13,20,0.10488249078660955,200
1959,2017-12-14,20,0.09308513430008507,200
1960,2017-12-15,20,0.09927820700424134,200
1961,2017-12-18,20,0.05895359257878677,200
1962,2017-12-19,20,0.0536828349770411,200
1963,2017-12-20,20,0.022725600763658375,200
1964,2017-12-21,20,0.02526940937755148,200
1965,2017-12-22,20,0.02956816165183206,200
1966,2017-12-26,20,0.02976727058171698,200
1967,2017-12-27,20,0.02418505607894513,200
1968,2017-12-28,20,0.01328612106688828,200
1969,2017-12-29,20,0.0016430199036818777,200
1970,2018-01-01,20,-0.008098072613834651,200
1971,2018-01-02,20,-0.013064264501549693,200
1972,2018-01-03,20,-0.024053532711342484,200
1973,2018-01-04,20,-0.07702535523946581,200
1974,2018-01-05,20,-0.08763285337220378,200
1975,2018-01-08,20,-0.1130660985013224,200
1976,2018-01-09,20,-0.10219795942107762,200
1977,2018-01-10,20,-0.08215715611388061,200
1978,2018-01-11,20,-0.0874578812138595,200
1979,2018-01-12,20,-0.07290400114136794,200
1980,2018-01-15,20,-0.07309198648870396,200
1981,2018-01-16,20,-0.05845650524169838,200
1982,2018-01-17,20,-0.08422013461792145,200
1983,2018-01-18,20,-0.0698765025645526,200
1984,2018-01-19,20,-0.07840091116475585,200
1985,2018-01-22,20,-0.08833684269978846,200
1986,2018-01-23,20,-0.09900986224251512,200
1987,2018-01-24,20,-0.07734186022856777,200
1988,2018-01-25,20,-0.06303832396864634,200
1989,2018-01-29,20,-0.058240197572374884,200
