stage,N,H,side,t,m_B,n_B,m_C,n_C,d,date
TRAIN,20,5,up,519,-216.95034999171145,2,-438.25496169467505,3,221.3046117029636,2012-02-03
TRAIN,20,5,up,523,-678.1578912382979,1,-13.498805647020815,1,-664.6590855912771,2012-02-09
TRAIN,20,5,up,550,114.1084798457111,3,-173.83440166295935,5,287.94288150867044,2012-03-21
TRAIN,20,5,up,556,911.1422109644396,1,-570.855967279964,1,1481.9981782444038,2012-03-29
TRAIN,20,5,up,557,-371.8126853384711,1,83.79117279219648,7,-455.6038581306676,2012-03-30
TRAIN,20,5,up,558,-447.7017435498942,1,-139.68635052575127,5,-308.01539302414295,2012-04-02
TRAIN,20,5,up,559,-193.2331792945237,1,18.688104625704547,5,-211.92128392022823,2012-04-03
TRAIN,20,5,up,560,-196.5811965548621,2,-140.06814454886842,1,-56.51305200599367,2012-04-04
TRAIN,20,5,up,566,296.44752202006407,1,-619.3693505095127,2,915.8168725295768,2012-04-16
TRAIN,20,5,up,567,128.64371796293514,3,-132.62637852776635,2,261.27009649070146,2012-04-17
TRAIN,20,5,up,568,151.8735974462238,4,308.4424746117279,2,-156.5688771655041,2012-04-18
TRAIN,20,5,up,569,-49.42432830021312,2,8.436863073315852,5,-57.86119137352897,2012-04-19
TRAIN,20,5,up,574,1025.4412780566083,1,144.54811437545374,1,880.8931636811546,2012-04-26
TRAIN,20,5,up,582,92.34051998738467,1,339.7240475872295,1,-247.38352759984485,2012-05-09
TRAIN,20,5,up,593,-371.15171859205236,4,37.84242163845817,1,-408.99414023051054,2012-05-24
TRAIN,20,5,up,594,115.69137833472898,1,-131.7602162007626,2,247.4515945354916,2012-05-25
TRAIN,20,5,up,597,527.250867056902,1,-27.584701560364778,2,554.8355686172669,2012-05-30
TRAIN,20,5,up,598,-33.997577819961236,2,222.36636032370765,1,-256.36393814366886,2012-05-31
TRAIN,20,5,up,601,-588.7250434812147,1,217.68562060929855,4,-806.4106640905133,2012-06-05
TRAIN,20,5,up,602,124.95438461634379,8,-14.911085464924316,20,139.8654700812681,2012-06-06
TRAIN,20,5,up,603,1.427324991408663,3,103.54062474316143,15,-102.11329975175276,2012-06-07
TRAIN,20,5,up,604,-272.30648542572175,3,-92.90510872817491,14,-179.40137669754682,2012-06-08
TRAIN,20,5,up,605,-85.27081760088423,4,-112.5296029531034,6,27.258785352219178,2012-06-11
TRAIN,20,5,up,607,-117.09443833947826,6,-185.59103102579914,1,68.49659268632088,2012-06-13
TRAIN,20,5,up,608,-399.87200954197635,2,201.8440744657554,1,-601.7160840077318,2012-06-14
TRAIN,20,5,up,609,-920.3563269231369,2,24.697359425906562,5,-945.0536863490435,2012-06-15
TRAIN,20,5,up,612,961.441744341394,4,130.45108501573011,3,830.990659325664,2012-06-20
TRAIN,20,5,up,613,308.03525895158816,1,198.82165408260522,1,109.21360486898294,2012-06-21
TRAIN,20,5,up,614,499.98513776632086,1,-228.1369678319629,3,728.1221055982837,2012-06-22
TRAIN,20,5,up,619,-167.61276945230537,6,53.78474212324316,10,-221.39751157554855,2012-06-29
TRAIN,20,5,up,620,-261.95396301350246,2,51.6184184495331,6,-313.5723814630356,2012-07-02
TRAIN,20,5,up,621,452.9725460675073,2,-20.549790966402334,7,473.52233703390965,2012-07-03
TRAIN,20,5,up,622,-148.6332832853713,2,69.54593156529096,1,-218.17921485066228,2012-07-04
TRAIN,20,5,up,628,-250.46751971823852,1,-112.59971867588456,1,-137.86780104235396,2012-07-12
TRAIN,20,5,up,642,885.8143261308229,1,-196.52866233323428,2,1082.3429884640573,2012-08-01
TRAIN,20,5,up,644,33.308978795959604,3,-89.99513492151972,2,123.30411371747932,2012-08-03
TRAIN,20,5,up,645,-206.7501930991733,2,167.30467939804151,2,-374.0548724972148,2012-08-06
TRAIN,20,5,up,646,-142.83338983521708,1,4.727800372743892,3,-147.56119020796098,2012-08-07
TRAIN,20,5,up,647,-243.00247199282708,3,-131.6567378786912,3,-111.3457341141359,2012-08-08
TRAIN,20,5,up,648,349.04689321674596,3,4.422078041755036,2,344.62481517499094,2012-08-09
TRAIN,20,5,up,649,182.87127297844256,2,-292.95035654170783,3,475.8216295201504,2012-08-10
TRAIN,20,5,up,651,-252.52576680942317,1,-210.1081772660667,1,-42.417589543356485,2012-08-14
TRAIN,20,5,up,652,93.00584010745696,1,192.1866357480354,3,-99.18079564057844,2012-08-16
TRAIN,20,5,up,653,-389.11646637784366,3,24.245967286164078,1,-413.36243366400777,2012-08-17
TRAIN,20,5,up,654,689.0243579076403,1,-79.30019798867782,3,768.3245558963181,2012-08-21
TRAIN,20,5,up,656,-251.35540110533412,2,189.66239317868522,2,-441.0177942840194,2012-08-23
TRAIN,20,5,up,659,-262.05817437584113,1,1053.9409087712568,1,-1315.999083147098,2012-08-28
TRAIN,20,5,up,663,671.3838487535783,1,-527.0536512464221,1,1198.4375000000005,2012-09-03
TRAIN,20,5,up,664,-169.34498600785986,1,145.79263162617494,2,-315.13761763403477,2012-09-04
TRAIN,20,5,up,666,482.0386027671825,1,-68.60451285031704,1,550.6431156174996,2012-09-06
TRAIN,20,5,up,668,-859.6040938381993,2,-830.2295122067799,1,-29.37458163141946,2012-09-10
TRAIN,20,5,up,669,-222.9597677405614,1,232.5108508920515,2,-455.4706186326129,2012-09-11
TRAIN,20,5,up,672,-313.18715958398985,5,-238.9925486557842,5,-74.19461092820566,2012-09-14
TRAIN,20,5,up,673,429.0996314214666,28,110.75235631002343,7,318.3472751114432,2012-09-17
TRAIN,20,5,up,674,47.03443569914311,12,135.85405699493774,7,-88.81962129579463,2012-09-18
TRAIN,20,5,up,675,-461.0415175668961,1,434.2616012897002,1,-895.3031188565963,2012-09-20
TRAIN,20,5,up,676,-15.159715265846959,8,117.29116804220884,2,-132.4508833080558,2012-09-21
TRAIN,20,5,up,677,55.539701582393235,6,-451.3434346612841,3,506.8831362436773,2012-09-24
TRAIN,20,5,up,678,-678.4118730940576,1,82.3539717054016,1,-760.7658447994592,2012-09-25
TRAIN,20,5,up,679,-267.8562404227724,2,-322.02970393970844,1,54.17346351693607,2012-09-26
TRAIN,20,5,up,685,-197.17114658838082,1,9.662280917249674,1,-206.83342750563048,2012-10-05
TRAIN,20,5,up,690,-66.45053852480189,1,-191.84836730819313,2,125.39782878339125,2012-10-12
TRAIN,20,5,up,702,-322.2927505023914,1,-62.81973249008858,2,-259.4730180123028,2012-10-31
TRAIN,20,5,up,704,-257.050955300279,1,81.25001704216781,5,-338.3009723424468,2012-11-02
TRAIN,20,5,up,706,844.7172828541193,2,192.32604567253642,3,652.3912371815828,2012-11-06
TRAIN,20,5,up,707,351.8097952299315,2,-73.99380424351007,4,425.8035994734416,2012-11-07
TRAIN,20,5,up,708,-476.8868535616827,3,203.72411442185788,2,-680.6109679835406,2012-11-08
TRAIN,20,5,up,710,-694.6028957598917,1,-80.73170133734666,2,-613.871194422545,2012-11-12
TRAIN,20,5,up,711,402.1361175885359,4,-329.9249123507024,1,732.0610299392383,2012-11-15
TRAIN,20,5,up,717,-812.2272206474493,1,-636.1505862573528,1,-176.0766343900965,2012-11-23
TRAIN,20,5,up,718,-643.6993395757404,1,-422.30092543533186,4,-221.39841414040853,2012-11-26
TRAIN,20,5,up,719,-309.08156665773805,3,132.32206337114982,6,-441.40363002888785,2012-11-27
TRAIN,20,5,up,720,204.93317691312706,11,390.16622002300846,4,-185.2330431098814,2012-11-29
TRAIN,20,5,up,721,238.57842784883422,7,239.19658026374455,8,-0.6181524149103268,2012-11-30
TRAIN,20,5,up,722,-147.70408870213245,8,417.2466943399789,3,-564.9507830421113,2012-12-03
TRAIN,20,5,up,723,3.934492138363872,2,-75.84921758177104,5,79.78370972013491,2012-12-04
TRAIN,20,5,up,724,-238.8926567710733,4,16.967485740184785,6,-255.86014251125806,2012-12-05
TRAIN,20,5,up,725,26.695601126892143,2,-311.9098784791981,5,338.6054796060902,2012-12-06
TRAIN,20,5,up,726,-607.7060140948485,1,-237.59951839741754,2,-370.1064956974309,2012-12-07
TRAIN,20,5,up,730,-111.06158703499028,2,215.40695580791177,2,-326.468542842902,2012-12-13
TRAIN,20,5,up,731,-450.3045168022788,1,236.23968865736387,1,-686.5442054596426,2012-12-14
TRAIN,20,5,up,733,383.2974377800523,1,-242.7140519990974,2,626.0114897791497,2012-12-18
TRAIN,20,5,up,734,-550.1903817779237,2,-100.3354520619433,1,-449.85492971598035,2012-12-19
TRAIN,20,5,up,743,-223.39611222748096,1,-236.4477249035331,2,13.051612676052144,2013-01-02
TRAIN,20,5,up,744,102.50574808834878,4,-407.59154465464263,1,510.0972927429914,2013-01-03
TRAIN,20,5,up,745,62.07309841633227,2,719.834194281998,3,-657.7610958656657,2013-01-04
TRAIN,20,5,up,746,-319.8171812402052,4,31.591348624443114,1,-351.4085298646483,2013-01-07
TRAIN,20,5,up,748,-269.9176124379852,5,136.69739341568496,1,-406.61500585367014,2013-01-09
TRAIN,20,5,up,755,-151.92958125544288,2,477.0085366434366,1,-628.9381178988795,2013-01-18
TRAIN,20,5,up,756,42.10540747654833,1,-70.16321421632901,3,112.26862169287733,2013-01-21
TRAIN,20,5,up,760,143.44438380807165,1,138.34875922525123,1,5.09562458282042,2013-01-25
TRAIN,20,5,up,772,855.1684406298405,1,334.10810032006464,1,521.0603403097758,2013-02-12
TRAIN,20,5,up,778,428.9969322390421,1,287.82789893314197,2,141.16903330590014,2013-02-20
TRAIN,20,5,up,780,684.6851787224587,1,712.4399700478571,1,-27.7547913253984,2013-02-22
TRAIN,20,5,up,784,-432.7320737653195,1,24.702472971824818,1,-457.43454673714433,2013-02-28
TRAIN,20,5,up,789,-619.1139828298042,2,226.21342600133056,2,-845.3274088311348,2013-03-07
TRAIN,20,5,up,790,-5.1743848719774945,2,179.6872742701347,8,-184.86165914211222,2013-03-08
TRAIN,20,5,up,791,264.7713368055382,1,92.47803390670086,5,172.29330289883737,2013-03-11
TRAIN,20,5,up,792,-80.72286537408615,1,297.5704494217672,1,-378.29331479585335,2013-03-12
TRAIN,20,5,up,794,-216.0615082675741,3,-55.62658845798965,3,-160.43491980958447,2013-03-14
TRAIN,20,5,up,795,118.79108323968086,2,598.061854134566,1,-479.2707708948852,2013-03-15
TRAIN,20,5,up,805,52.15799522729088,3,48.59274264309159,3,3.5652525841992926,2013-04-02
TRAIN,20,5,up,814,-152.50891239816116,2,-380.03543507069924,2,227.52652267253808,2013-04-15
TRAIN,20,5,up,815,-297.0548907538415,2,-26.12967362242582,11,-270.9252171314157,2013-04-16
TRAIN,20,5,up,816,-187.88026944928467,5,151.19949244778908,6,-339.07976189707375,2013-04-17
TRAIN,20,5,up,817,223.60107134835388,3,87.2031802165084,27,136.39789113184548,2013-04-18
TRAIN,20,5,up,818,173.5614553363659,5,-140.02440556086114,19,313.585860897227,2013-04-22
TRAIN,20,5,up,819,-568.1252456253025,2,-331.89850764400086,2,-236.2267379813016,2013-04-23
TRAIN,20,5,up,820,-14.255527058007312,6,-20.238351829205794,6,5.982824771198482,2013-04-25
TRAIN,20,5,up,822,-293.0122443285446,2,-344.8965620849901,2,51.884317756445455,2013-04-29
TRAIN,20,5,up,823,49.28946349944842,5,-39.61043878324629,4,88.89990228269471,2013-04-30
TRAIN,20,5,up,824,-48.15937424825507,3,779.5535685752798,2,-827.7129428235348,2013-05-02
TRAIN,20,5,up,825,-986.0355091330589,1,292.94136209572963,2,-1278.9768712287885,2013-05-03
TRAIN,20,5,up,826,514.7135607522852,1,-234.7024898444346,5,749.4160505967197,2013-05-06
TRAIN,20,5,up,827,-170.43332940395553,3,-50.71791428468464,5,-119.71541511927089,2013-05-07
TRAIN,20,5,up,828,-287.1348165221268,4,306.64239330519956,1,-593.7772098273264,2013-05-08
TRAIN,20,5,up,833,226.41550789951796,1,-136.44509549180603,1,362.860603391324,2013-05-15
TRAIN,20,5,up,848,94.27652203430476,1,-230.09442245308625,1,324.370944487391,2013-06-05
TRAIN,20,5,up,856,-390.89251571164397,1,641.7434901027962,2,-1032.63600581444,2013-06-17
TRAIN,20,5,up,858,444.0338905158438,1,-176.81611658408724,4,620.850007099931,2013-06-19
TRAIN,20,5,up,864,-27.539964904389723,1,-68.65572287545831,1,41.11575797106859,2013-06-27
TRAIN,20,5,up,865,-294.2332547298708,3,-132.36408025646276,4,-161.86917447340804,2013-06-28
TRAIN,20,5,up,866,407.7296262339687,1,-37.47740879364758,10,445.20703502761626,2013-07-01
TRAIN,20,5,up,867,-436.2392863796731,1,98.88354698879529,3,-535.1228333684684,2013-07-02
TRAIN,20,5,up,869,892.5480772811648,2,155.7488041721345,4,736.7992731090303,2013-07-04
TRAIN,20,5,up,871,512.9292275021497,1,-787.4221500551081,2,1300.3513775572578,2013-07-08
TRAIN,20,5,up,872,212.02896773734457,1,3.091851187369577,9,208.937116549975,2013-07-09
TRAIN,20,5,up,873,-1610.8668948799636,1,1014.2413332172246,1,-2625.108228097188,2013-07-10
TRAIN,20,5,up,874,251.77580193762122,1,374.25836549812647,10,-122.48256356050524,2013-07-11
TRAIN,20,5,up,875,113.4825909103301,1,51.05819544385172,9,62.42439546647838,2013-07-12
TRAIN,20,5,up,876,-121.49033242852411,1,-97.3786558447592,6,-24.11167658376492,2013-07-15
TRAIN,20,5,up,879,-438.63073761985675,2,342.008921099659,2,-780.6396587195158,2013-07-18
TRAIN,20,5,up,880,483.7283091767843,1,46.861778836291485,1,436.86653034049283,2013-07-19
TRAIN,20,5,up,894,829.4177355828974,2,-722.6103390531008,1,1552.028074635998,2013-08-08
TRAIN,20,5,up,896,-529.1379441068284,1,-468.2162531851369,1,-60.92169092169149,2013-08-13
TRAIN,20,5,up,897,-784.2381634270272,1,-36.359820532427115,1,-747.8783428946001,2013-08-14
TRAIN,20,5,up,900,724.1328024015517,3,-102.22981494467182,1,826.3626173462235,2013-08-20
TRAIN,20,5,up,902,239.52213267247404,2,146.35069601631758,1,93.17143665615646,2013-08-22
TRAIN,20,5,up,909,-451.8173682506149,3,-198.3164408658494,5,-253.5009273847655,2013-09-02
TRAIN,20,5,up,911,-846.145881565569,1,-345.3153737371953,2,-500.8305078283737,2013-09-04
TRAIN,20,5,up,912,-399.5593876935533,2,70.42949842620563,12,-469.9888861197589,2013-09-05
TRAIN,20,5,up,913,-165.62817340026575,6,2.7267785096005515,9,-168.35495190986632,2013-09-06
TRAIN,20,5,up,914,-253.42055825071114,1,-123.8481647629431,12,-129.57239348776804,2013-09-10
TRAIN,20,5,up,915,-116.3234417259291,13,5.3998664882933705,11,-121.72330821422247,2013-09-11
TRAIN,20,5,up,916,-515.1954716255456,1,-81.58177903142584,2,-433.6136925941197,2013-09-12
TRAIN,20,5,up,917,-370.4705083571018,3,146.4191421400818,4,-516.8896504971835,2013-09-13
TRAIN,20,5,up,920,54.45177520729927,1,-215.87310412774355,5,270.3248793350428,2013-09-18
TRAIN,20,5,up,921,236.6163548056666,6,-353.2844178558476,14,589.9007726615142,2013-09-19
TRAIN,20,5,up,924,-421.38388924916467,2,911.0969275558876,1,-1332.4808168050522,2013-09-24
TRAIN,20,5,up,927,-39.59965174395147,1,-346.99264948396063,1,307.39299774000915,2013-09-27
TRAIN,20,5,up,929,109.2504462380381,2,-263.5986459597775,1,372.8490921978156,2013-10-01
TRAIN,20,5,up,930,-138.60396175736062,2,-400.6531465079019,1,262.04918475054126,2013-10-03
TRAIN,20,5,up,931,-89.81692707998874,1,-117.36490169132202,4,27.547974611333274,2013-10-04
TRAIN,20,5,up,933,-38.287766266551536,1,865.1620735724364,1,-903.4498398389879,2013-10-08
TRAIN,20,5,up,935,-571.5377837962695,1,1179.8726827756864,2,-1751.410466571956,2013-10-10
TRAIN,20,5,up,939,21.999344818119763,1,-427.9212659720578,1,449.9206107901776,2013-10-17
TRAIN,20,5,up,940,-16.549445011890256,2,497.2933922508099,1,-513.8428372627002,2013-10-18
TRAIN,20,5,up,941,-360.76967979876275,2,-482.79087924604045,3,122.0211994472777,2013-10-21
TRAIN,20,5,up,942,-817.4092005060445,1,-64.78273740413498,4,-752.6264631019095,2013-10-22
TRAIN,20,5,up,943,-172.67676173028997,3,17.905139085106303,7,-190.58190081539627,2013-10-23
TRAIN,20,5,up,946,-424.38033602312635,3,-796.9635128038027,2,372.58317678067635,2013-10-28
TRAIN,20,5,up,947,-545.3684225335651,2,-246.17396501861816,5,-299.1944575149469,2013-10-29
TRAIN,20,5,up,948,-906.6575276744913,1,-542.4583071193322,3,-364.1992205551592,2013-10-30
TRAIN,20,5,up,949,155.34567351723695,9,-393.8486750307295,1,549.1943485479665,2013-10-31
TRAIN,20,5,up,950,60.049259853668424,3,341.5193869003245,3,-281.47012704665605,2013-11-01
TRAIN,20,5,up,951,263.4075951769362,2,405.59196387853507,2,-142.18436870159888,2013-11-05
TRAIN,20,5,up,959,-0.411281393294001,1,-33.310862524634395,1,32.89958113134039,2013-11-18
TRAIN,20,5,up,968,-130.6521397062077,1,383.33378926453383,2,-513.9859289707415,2013-11-29
TRAIN,20,5,up,969,459.84947041671165,2,-230.22729061047153,5,690.0767610271832,2013-12-02
TRAIN,20,5,up,972,-75.91872380163396,4,12.754023332415775,13,-88.67274713404973,2013-12-05
TRAIN,20,5,up,973,135.1595018668133,2,-195.33013864225882,8,330.4896405090721,2013-12-06
TRAIN,20,5,up,974,-585.2569779832302,3,-255.15980774439672,9,-330.0971702388334,2013-12-09
TRAIN,20,5,up,975,-150.0182003636151,2,137.4309612232162,2,-287.44916158683134,2013-12-10
TRAIN,20,5,up,976,208.12602226299822,2,-189.69349915288953,3,397.8195214158877,2013-12-11
TRAIN,20,5,up,977,-359.4689824619351,1,558.5622809379726,2,-918.0312633999076,2013-12-12
TRAIN,20,5,up,981,-510.96910162355863,2,456.10463504151863,1,-967.0737366650773,2013-12-18
TRAIN,20,5,up,982,-243.41832406526342,1,-99.6850700514209,3,-143.73325401384253,2013-12-19
TRAIN,20,5,up,983,194.1365146151245,6,-105.90274545483764,4,300.03926006996215,2013-12-20
TRAIN,20,5,up,985,787.6147615212755,5,19.430089473069643,4,768.1846720482058,2013-12-24
TRAIN,20,5,up,986,-449.86538566695765,2,306.7616010092111,1,-756.6269866761688,2013-12-26
TRAIN,20,5,up,987,-77.88927555104148,3,-133.58663354849588,1,55.697357997454404,2013-12-27
TRAIN,20,5,up,996,-195.0445501826943,1,179.78376564194474,1,-374.82831582463905,2014-01-09
TRAIN,20,5,up,1005,776.1640017544428,1,108.76114016203881,3,667.402861592404,2014-01-22
TRAIN,20,5,up,1006,224.09486619693982,1,25.77136897320739,1,198.32349722373243,2014-01-23
TRAIN,20,5,up,1010,-113.62924222840664,1,-50.81409363919853,1,-62.81514858920811,2014-01-29
TRAIN,20,5,up,1013,6.318704998639485,1,-407.09460520121877,2,413.41331019985824,2014-02-03
TRAIN,20,5,up,1017,-297.7758284891159,4,88.24511552429234,4,-386.0209440134082,2014-02-07
TRAIN,20,5,up,1019,64.55858818080367,1,340.5779801738857,1,-276.019391993082,2014-02-11
TRAIN,20,5,up,1025,-79.61946118500806,4,6.73718180451019,1,-86.35664298951825,2014-02-19
TRAIN,20,5,up,1027,108.92781722411993,5,191.5988530286783,4,-82.67103580455836,2014-02-21
TRAIN,20,5,up,1028,-57.77999164012313,1,-53.0479944518121,14,-4.731997188311027,2014-02-24
TRAIN,20,5,up,1029,-12.192633842426567,2,147.15189021587219,3,-159.34452405829876,2014-02-25
TRAIN,20,5,up,1030,279.44046197227794,3,-227.98871092140803,3,507.429172893686,2014-02-26
TRAIN,20,5,up,1031,-2100.0255292137576,1,177.1680806048752,8,-2277.193609818633,2014-02-28
TRAIN,20,5,up,1032,148.4966214154979,1,-1134.8399953431046,1,1283.3366167586025,2014-03-03
TRAIN,20,5,up,1033,1024.6323883185644,3,137.21456423735737,9,887.4178240812071,2014-03-04
TRAIN,20,5,up,1034,138.32284188061158,11,133.54967650211063,2,4.7731653785009485,2014-03-05
TRAIN,20,5,up,1035,71.66518342402622,12,532.5033942983339,9,-460.83821087430766,2014-03-06
TRAIN,20,5,up,1036,50.46985306308564,8,107.47200580060384,1,-57.0021527375182,2014-03-07
TRAIN,20,5,up,1037,-167.13393246116635,1,-193.60701333007142,1,26.473080868905072,2014-03-10
TRAIN,20,5,up,1038,433.9913562732329,1,-355.58467092842875,1,789.5760272016616,2014-03-11
TRAIN,20,5,up,1039,94.81800802817499,2,-255.87421432057886,3,350.69222234875383,2014-03-12
TRAIN,20,5,up,1048,531.5865655067817,2,177.90350073854293,1,353.68306476823875,2014-03-26
TRAIN,20,5,up,1049,-94.85858520534788,4,-19.086041813118833,1,-75.77254339222904,2014-03-27
TRAIN,20,5,up,1050,-389.81300687912966,1,-82.85744516249399,3,-306.95556171663566,2014-03-28
TRAIN,20,5,up,1051,586.5750442528764,3,-455.68926172173826,4,1042.2643059746147,2014-03-31
TRAIN,20,5,up,1052,323.69114913411636,2,-396.1353112485667,1,719.8264603826831,2014-04-01
TRAIN,20,5,up,1053,-195.06567335235357,2,179.00268898636398,4,-374.0683623387175,2014-04-02
TRAIN,20,5,up,1058,-80.92282999999782,2,178.51503758603317,4,-259.43786758603096,2014-04-10
TRAIN,20,5,up,1059,-325.38736922883567,1,260.6030035569628,1,-585.9903727857984,2014-04-11
TRAIN,20,5,up,1060,149.53748498011376,1,-826.0375683629363,2,975.5750533430501,2014-04-15
TRAIN,20,5,up,1063,-87.79400091161928,1,442.27010570121087,3,-530.0641066128302,2014-04-21
TRAIN,20,5,up,1071,-386.6110761031545,1,387.5450204598556,1,-774.1560965630101,2014-05-05
TRAIN,20,5,up,1075,15.848619375541245,1,1366.620919303791,3,-1350.7722999282498,2014-05-09
TRAIN,20,5,up,1076,-72.04458593837808,2,-653.7196254554111,3,581.675039517033,2014-05-12
TRAIN,20,5,up,1077,-614.3175200100109,2,-81.37022160697373,5,-532.9472984030372,2014-05-13
TRAIN,20,5,up,1078,-420.7083005834751,2,314.05868219662057,2,-734.7669827800956,2014-05-14
TRAIN,20,5,up,1079,191.6738858554931,1,-446.67086094573176,1,638.3447468012248,2014-05-15
TRAIN,20,5,up,1080,589.9571391156952,9,934.4415488901715,4,-344.48440977447626,2014-05-16
TRAIN,20,5,up,1081,-92.48869841506354,9,-237.99243552461294,5,145.5037371095494,2014-05-19
TRAIN,20,5,up,1084,-743.1802964479884,2,448.6195368065237,3,-1191.7998332545121,2014-05-22
TRAIN,20,5,up,1085,709.4924527264199,1,-776.0484658208452,2,1485.540918547265,2014-05-23
TRAIN,20,5,up,1091,-842.0041738251176,1,-1043.817730541741,1,201.81355671662334,2014-06-02
TRAIN,20,5,up,1093,1178.5784625155509,1,-291.4622247777193,1,1470.0406872932701,2014-06-04
TRAIN,20,5,up,1094,500.7020065045902,2,187.91104754105598,4,312.7909589635342,2014-06-05
TRAIN,20,5,up,1095,55.26547275439261,3,-289.3865471032671,1,344.6520198576597,2014-06-06
TRAIN,20,5,up,1096,-106.11291692798925,1,949.2522658344529,1,-1055.3651827624421,2014-06-09
TRAIN,20,5,up,1097,257.1912265904773,3,411.5635268741703,4,-154.372300283693,2014-06-10
TRAIN,20,5,up,1109,216.87686063893415,1,1221.3490442724387,1,-1004.4721836335045,2014-06-26
TRAIN,20,5,up,1116,403.73382052570173,2,-331.6549623754607,2,735.3887829011624,2014-07-07
TRAIN,20,5,up,1124,833.8472402563826,3,288.677940915684,3,545.1692993406987,2014-07-17
TRAIN,20,5,up,1125,-83.00847165202714,1,64.60435095641563,1,-147.61282260844277,2014-07-18
TRAIN,20,5,up,1136,438.7099996503298,2,-30.655506279383598,3,469.3655059297134,2014-08-05
TRAIN,20,5,up,1137,501.754229614996,1,452.9956966801316,2,48.758532934864434,2014-08-06
TRAIN,20,5,up,1142,495.3137868090815,1,-423.35387606894176,1,918.6676628780233,2014-08-13
TRAIN,20,5,up,1144,-74.07741093391128,3,160.7829540853436,3,-234.86036501925486,2014-08-18
TRAIN,20,5,up,1145,-372.35028961972745,4,152.1935593378104,5,-524.5438489575379,2014-08-19
TRAIN,20,5,up,1146,461.44870187272664,3,-518.2338307359967,4,979.6825326087232,2014-08-20
TRAIN,20,5,up,1147,-121.05521264335992,1,68.53130414785372,1,-189.58651679121363,2014-08-21
TRAIN,20,5,up,1148,-130.3673082619125,1,-38.79927328194649,7,-91.56803497996603,2014-08-22
TRAIN,20,5,up,1150,-457.3779936951608,1,136.47902041192012,2,-593.8570141070809,2014-08-26
TRAIN,20,5,up,1151,17.193707113026797,4,-240.69927291840213,2,257.8929800314289,2014-08-27
TRAIN,20,5,up,1153,957.5104444577715,3,-60.032704333214674,9,1017.5431487909863,2014-09-01
TRAIN,20,5,up,1154,101.7944346578835,4,1147.8182282292676,1,-1046.023793571384,2014-09-02
TRAIN,20,5,up,1155,52.957836944124004,3,-251.43903553935178,2,304.39687248347576,2014-09-03
TRAIN,20,5,up,1157,422.2103605611069,6,-133.85525953389353,3,556.0656200950004,2014-09-05
TRAIN,20,5,up,1158,-427.39023023271864,4,137.15108692583112,2,-564.5413171585498,2014-09-08
TRAIN,20,5,up,1159,-539.8934091974844,3,173.23425803942342,2,-713.1276672369079,2014-09-09
TRAIN,20,5,up,1160,-319.05213592712863,3,147.59479973608995,1,-466.6469356632186,2014-09-10
TRAIN,20,5,up,1161,370.80028633972955,3,-675.1936210078014,1,1045.993907347531,2014-09-11
TRAIN,20,5,up,1162,-467.8734026368737,1,124.77611936188444,1,-592.6495219987581,2014-09-12
TRAIN,20,5,up,1163,40.579761027590564,1,-293.3704051796469,2,333.9501662072375,2014-09-15
TRAIN,20,5,up,1184,-121.61597451639891,3,98.79943118393813,8,-220.41540570033703,2014-10-20
TRAIN,20,5,up,1186,-489.0775142866748,3,60.44326280892756,4,-549.5207770956024,2014-10-22
TRAIN,20,5,up,1187,-247.5706264885085,5,-138.1658677358266,6,-109.40475875268191,2014-10-27
TRAIN,20,5,up,1188,-135.34917305886847,3,-161.25648964304864,5,25.907316584180165,2014-10-28
TRAIN,20,5,up,1189,-105.88241158438038,2,110.39343284499456,6,-216.27584442937496,2014-10-29
TRAIN,20,5,up,1190,-30.08462430977658,8,5.032982405387218,7,-35.117606715163795,2014-10-30
TRAIN,20,5,up,1191,4.764811876861891,11,40.16969219480926,21,-35.40488031794737,2014-10-31
TRAIN,20,5,up,1192,-431.7214810883679,3,-383.3397942261883,6,-48.381686862179606,2014-11-03
TRAIN,20,5,up,1193,-400.35420828841956,3,155.91276230484058,6,-556.2669705932601,2014-11-05
TRAIN,20,5,up,1196,-209.83380634246532,1,-379.3956700683442,2,169.56186372587888,2014-11-11
TRAIN,20,5,up,1197,199.75812357050663,1,506.8419974908152,1,-307.0838739203085,2014-11-12
TRAIN,20,5,up,1211,409.9989492110816,2,-156.67685918568887,1,566.6758083967704,2014-12-02
TRAIN,20,5,up,1213,54.22873393829096,2,142.8573030247731,4,-88.62856908648214,2014-12-04
TRAIN,20,5,up,1214,36.88132022484421,1,588.9621950878196,3,-552.0808748629754,2014-12-05
TRAIN,20,5,up,1226,-474.35142707658684,2,45.97878096548724,1,-520.3302080420741,2014-12-23
TRAIN,20,5,up,1228,-305.3554461272679,1,152.204713625893,1,-457.56015975316086,2014-12-26
TRAIN,20,5,up,1229,1196.3623087526412,1,557.863879780787,2,638.4984289718542,2014-12-29
TRAIN,20,5,up,1231,-301.39266738348533,2,30.036559994586906,2,-331.42922737807226,2014-12-31
TRAIN,20,5,up,1232,-37.430596717004704,1,-483.7221918430673,3,446.2915951260626,2015-01-01
TRAIN,20,5,up,1233,-218.44170993159483,3,-349.29998032365813,10,130.8582703920633,2015-01-02
TRAIN,20,5,up,1234,156.60190689923095,2,-298.6020526673376,2,455.2039595665685,2015-01-05
TRAIN,20,5,up,1236,-513.1748859435822,1,115.91517542718285,1,-629.090061370765,2015-01-07
TRAIN,20,5,up,1237,98.89390494489453,7,217.8978865063981,4,-119.00398156150356,2015-01-08
TRAIN,20,5,up,1238,247.13974141317183,3,-150.19811478518133,3,397.33785619835317,2015-01-09
TRAIN,20,5,up,1239,-228.52786075281824,3,83.91962902109591,8,-312.4474897739142,2015-01-12
TRAIN,20,5,up,1240,1021.995911923926,1,214.38839241363652,3,807.6075195102894,2015-01-13
TRAIN,20,5,up,1242,12.55627012814422,6,265.2477988083532,4,-252.691528680209,2015-01-15
TRAIN,20,5,up,1243,-310.5604124252952,6,276.4299123485237,6,-586.9903247738189,2015-01-16
TRAIN,20,5,up,1244,-83.63551228887991,2,269.8808814728143,2,-353.5163937616942,2015-01-19
TRAIN,20,5,up,1245,-283.77925652904304,3,-197.15057457481672,2,-86.62868195422632,2015-01-20
TRAIN,20,5,up,1246,-470.60295364996244,1,5.660072698618762,4,-476.2630263485812,2015-01-21
TRAIN,20,5,up,1247,-1526.5445767320227,1,-204.5443793451705,2,-1322.0001973868523,2015-01-22
TRAIN,20,5,up,1250,-282.7606189124048,1,504.8469333510159,1,-787.6075522634208,2015-01-28
TRAIN,20,5,up,1251,-60.866721407963446,1,8.230472426647879,2,-69.09719383461132,2015-01-29
TRAIN,20,5,up,1255,-40.72898725272415,2,258.7573717592488,3,-299.486359011973,2015-02-04
TRAIN,20,5,up,1261,-210.82504634707774,2,67.17066150544196,1,-277.9957078525197,2015-02-12
TRAIN,20,5,up,1262,-494.14173117250266,2,-311.2823943525744,1,-182.85933681992827,2015-02-13
TRAIN,20,5,up,1264,-732.8781315908365,1,-62.66235727500593,2,-670.2157743158306,2015-02-18
TRAIN,20,5,up,1271,-68.00851625070038,1,90.4448028688204,5,-158.45331911952078,2015-02-27
TRAIN,20,5,up,1272,-219.42237734999028,6,62.70573447302113,11,-282.1281118230114,2015-03-02
TRAIN,20,5,up,1273,-145.6242209384318,5,-359.10028290658084,3,213.47606196814905,2015-03-03
TRAIN,20,5,up,1274,-314.82659619459446,1,-79.39235278290761,2,-235.43424341168685,2015-03-04
TRAIN,20,5,up,1277,2183.820058860087,1,912.8022679758014,2,1271.0177908842857,2015-03-10
TRAIN,20,5,up,1278,-5.5100425651878595,4,44.073664557982426,1,-49.583707123170285,2015-03-11
TRAIN,20,5,up,1279,-755.6373831339357,3,-328.883487434527,1,-426.7538956994087,2015-03-12
TRAIN,20,5,up,1282,21.711455490950744,1,377.05265601077826,1,-355.3412005198275,2015-03-17
TRAIN,20,5,up,1292,-95.2515803542154,2,-1697.0007902606599,1,1601.7492099064445,2015-03-31
TRAIN,20,5,up,1293,258.7299693737205,1,-456.96443504158583,2,715.6944044153063,2015-04-01
TRAIN,20,5,up,1294,37.53263802774859,5,-129.85910929924015,3,167.39174732698874,2015-04-06
TRAIN,20,5,up,1295,257.24298536003795,1,-159.40797710147692,8,416.65096246151484,2015-04-07
TRAIN,20,5,up,1296,44.15636616212941,8,-371.1082909643393,8,415.2646571264687,2015-04-08
TRAIN,20,5,up,1297,40.403492314242015,2,-61.06565421619946,11,101.46914653044148,2015-04-09
TRAIN,20,5,up,1298,-238.9077778336867,5,136.35929768523064,6,-375.26707551891735,2015-04-10
TRAIN,20,5,up,1299,-191.6044159145159,2,270.93335812583916,5,-462.5377740403551,2015-04-13
TRAIN,20,5,up,1300,82.09704247999647,5,172.30081374865327,4,-90.2037712686568,2015-04-15
TRAIN,20,5,up,1320,691.5977658831255,1,-341.32233116067584,4,1032.9200970438014,2015-05-14
TRAIN,20,5,up,1322,54.63663470880965,3,-227.2907752199237,6,281.92740992873337,2015-05-18
TRAIN,20,5,up,1323,-334.9020830654593,1,-29.945592385776617,14,-304.9564906796827,2015-05-19
TRAIN,20,5,up,1325,-970.6045913317375,2,-84.87971218146879,6,-885.7248791502687,2015-05-21
TRAIN,20,5,up,1326,20.542443116082374,2,-100.19665377719741,5,120.7390968932798,2015-05-22
TRAIN,20,5,up,1327,555.6274879097373,1,-219.26125720897556,4,774.8887451187129,2015-05-25
TRAIN,20,5,up,1328,536.4768705644589,2,-37.08503531920213,4,573.561905883661,2015-05-26
TRAIN,20,5,up,1329,-291.83304282167586,2,413.3593174469799,4,-705.1923602686558,2015-05-27
TRAIN,20,5,up,1331,656.261422042159,5,355.1180649975963,3,301.14335704456266,2015-05-29
TRAIN,20,5,up,1332,172.35205089712824,1,287.7383623723523,2,-115.38631147522406,2015-06-01
TRAIN,20,5,up,1345,-27.031697000763977,2,355.6394092180442,2,-382.6711062188082,2015-06-18
TRAIN,20,5,up,1346,-190.3120933808893,1,-104.64131355352757,4,-85.67077982736174,2015-06-19
TRAIN,20,5,up,1347,-392.07878987103095,2,394.36456737401375,5,-786.4433572450447,2015-06-22
TRAIN,20,5,up,1348,1395.5894805441435,1,116.67672743884584,3,1278.9127531052977,2015-06-23
TRAIN,20,5,up,1350,-192.0251526121582,2,-60.02118135835697,2,-132.00397125380124,2015-06-25
TRAIN,20,5,up,1351,322.9067070431967,2,-32.58082663336389,3,355.4875336765606,2015-06-26
TRAIN,20,5,up,1352,-165.31164107344927,1,-97.67293410750472,1,-67.63870696594455,2015-06-29
TRAIN,20,5,up,1353,1153.4784711682255,4,-31.794937145010046,11,1185.2734083132354,2015-06-30
TRAIN,20,5,up,1354,221.62048184749725,3,32.259675740491744,8,189.3608061070055,2015-07-01
TRAIN,20,5,up,1355,-52.03174924941025,3,-17.481029790018475,8,-34.55071945939177,2015-07-02
TRAIN,20,5,up,1356,640.5152686291677,1,-342.7689408458774,5,983.2842094750451,2015-07-03
TRAIN,20,5,up,1357,620.1795351228592,3,-22.816277764279775,8,642.995812887139,2015-07-06
TRAIN,20,5,up,1358,-27.648277973322124,4,-108.7763369795454,3,81.12805900622328,2015-07-07
TRAIN,20,5,up,1362,-527.0934663603849,1,-77.81428057723862,4,-449.2791857831463,2015-07-13
TRAIN,20,5,up,1364,-50.09580850176227,3,40.07118522029536,1,-90.16699372205764,2015-07-15
TRAIN,20,5,up,1365,75.85351316332792,3,-157.52282619314306,3,233.37633935647096,2015-07-16
TRAIN,20,5,up,1371,441.89248681609985,1,872.4918157313219,1,-430.5993289152221,2015-07-24
TRAIN,20,5,up,1372,2519.7051545205964,1,-295.255731857441,1,2814.9608863780372,2015-07-27
TRAIN,20,5,up,1376,-77.7582207863298,1,427.0052502866589,1,-504.7634710729887,2015-07-31
TRAIN,20,5,up,1377,20.734250532626657,3,-778.0206741750804,1,798.7549247077071,2015-08-03
TRAIN,20,5,up,1378,-66.0857048967555,3,6.174222206491701,3,-72.25992710324721,2015-08-04
TRAIN,20,5,up,1379,-99.55188307031096,3,462.01445729333705,1,-561.566340363648,2015-08-05
TRAIN,20,5,up,1380,-544.9812844803294,1,-306.6947207672911,1,-238.28656371303828,2015-08-06
TRAIN,20,5,up,1387,-1182.4565278016694,1,-464.6274662533631,2,-717.8290615483063,2015-08-17
TRAIN,20,5,up,1389,-124.94346066893883,2,200.14877332195206,3,-325.0922339908909,2015-08-19
TRAIN,20,5,up,1390,521.6546444513414,1,728.3989787022715,1,-206.74433425093014,2015-08-20
TRAIN,20,5,up,1405,38.539907687458495,2,73.59901477641512,2,-35.05910708895662,2015-09-10
TRAIN,20,5,up,1409,-565.0929782788385,1,-535.8728948120186,1,-29.220083466819915,2015-09-16
TRAIN,20,5,up,1411,425.95758893376575,6,134.65930619472144,12,291.29828273904434,2015-09-21
TRAIN,20,5,up,1412,-197.26897858588868,3,-530.8081226445631,4,333.5391440586744,2015-09-22
TRAIN,20,5,up,1413,-46.08029237634716,2,252.70245082814097,2,-298.78274320448816,2015-09-23
TRAIN,20,5,up,1414,-1192.364233695018,6,185.77059135932686,3,-1378.1348250543447,2015-09-24
TRAIN,20,5,up,1415,1054.69571237779,1,-4.878769655098331,4,1059.5744820328882,2015-09-28
TRAIN,20,5,up,1416,-3.8620569448579167,3,-166.49960795074395,2,162.63755100588602,2015-09-29
TRAIN,20,5,up,1417,-314.1015461679384,2,-146.28086927057845,14,-167.82067689735996,2015-09-30
TRAIN,20,5,up,1419,-7.393269476433811,3,98.38939340010887,19,-105.78266287654269,2015-10-05
TRAIN,20,5,up,1420,-72.68933069736744,6,-237.05111439692672,13,164.36178369955928,2015-10-06
TRAIN,20,5,up,1421,536.1345196318878,5,72.13136163496286,6,464.0031579969249,2015-10-07
TRAIN,20,5,up,1423,-57.967313916786665,2,288.5823678444007,2,-346.5496817611874,2015-10-09
TRAIN,20,5,up,1425,461.9270725291075,1,-23.771740173276754,2,485.6988127023842,2015-10-13
TRAIN,20,5,up,1428,-185.26881638871356,2,-196.29649965855012,6,11.027683269836558,2015-10-16
TRAIN,20,5,up,1430,-226.17796359833486,1,-213.37025698970376,3,-12.807706608631094,2015-10-20
TRAIN,20,5,up,1431,23.079828430033544,2,-111.33310592923682,1,134.41293435927037,2015-10-21
TRAIN,20,5,up,1432,212.14796601422378,1,-166.558282478868,3,378.7062484930918,2015-10-23
TRAIN,20,5,up,1440,-787.0433612339156,1,32.46583584602089,3,-819.5091970799365,2015-11-04
TRAIN,20,5,up,1442,386.88431735179466,1,-750.5015700505088,1,1137.3858874023035,2015-11-06
TRAIN,20,5,up,1446,883.8120982343777,1,-277.54250225102714,1,1161.3546004854047,2015-11-16
TRAIN,20,5,up,1449,-46.42577306764764,2,32.29973912377112,2,-78.72551219141876,2015-11-19
TRAIN,20,5,up,1450,246.94070880988943,2,-305.5829671478995,1,552.523675957789,2015-11-20
TRAIN,20,5,up,1451,-36.62962545834134,2,-272.55650867148086,2,235.92688321313952,2015-11-23
TRAIN,20,5,up,1452,214.02329699401284,5,-68.67685070623212,3,282.70014770024494,2015-11-24
TRAIN,20,5,up,1453,-453.50719294139986,4,29.24628748940242,2,-482.75348043080226,2015-11-26
TRAIN,20,5,up,1454,-319.5857859991614,2,-296.7108567194379,5,-22.87492927972346,2015-11-27
TRAIN,20,5,up,1455,-643.8206422802042,1,-153.8088046879208,3,-490.0118375922834,2015-11-30
TRAIN,20,5,up,1456,-90.9144620996697,3,53.27212759480694,6,-144.18658969447665,2015-12-01
TRAIN,20,5,up,1457,-524.7705590438558,2,63.935320355278975,3,-588.7058793991348,2015-12-02
TRAIN,20,5,up,1458,243.55397657230913,2,-2.7496719098138445,1,246.30364848212298,2015-12-03
TRAIN,20,5,up,1467,-34.47442374687776,1,-248.05618387468948,4,213.58176012781172,2015-12-16
TRAIN,20,5,up,1468,14.586667967175513,3,-223.76804553084355,9,238.35471349801907,2015-12-17
TRAIN,20,5,up,1470,-65.24105818251083,1,-26.165299851073275,3,-39.075758331437555,2015-12-21
TRAIN,20,5,up,1473,211.3114110783609,1,256.2668903909937,2,-44.955479312632804,2015-12-24
TRAIN,20,5,up,1474,394.0368825902428,1,8.271767560048442,7,385.76511503019435,2015-12-28
TRAIN,20,5,up,1475,-298.0250245827107,1,-123.20078665113881,6,-174.82423793157193,2015-12-29
TRAIN,20,5,up,1476,861.7856278018158,1,-423.1335445356861,1,1284.919172337502,2015-12-30
TRAIN,20,5,up,1477,-140.63291593223244,5,-75.0844072601687,7,-65.54850867206373,2015-12-31
TRAIN,20,5,up,1479,-318.886490234576,4,194.45221237072914,1,-513.3387026053051,2016-01-04
TRAIN,20,5,up,1480,66.08290010860374,3,-104.52702909775842,4,170.60992920636215,2016-01-05
TRAIN,20,5,up,1481,-197.52193430780102,4,-32.049638801034064,2,-165.47229550676695,2016-01-06
TRAIN,20,5,up,1496,-74.76520408143097,1,1715.747365540727,1,-1790.512569622158,2016-01-28
TRAIN,20,5,up,1497,577.3171872510624,1,226.41666880279809,3,350.9005184482643,2016-01-29
TRAIN,20,5,up,1499,-781.0050012404271,1,-345.74970309132397,1,-435.2552981491031,2016-02-02
TRAIN,20,5,up,1502,239.36728846322225,4,397.6198318934527,6,-158.25254343023047,2016-02-05
TRAIN,20,5,up,1508,93.29021018086691,2,-173.08237810614912,2,266.372588287016,2016-02-15
TRAIN,20,5,up,1519,-214.29068712006915,3,-126.21838038714918,7,-88.07230673291997,2016-03-01
TRAIN,20,5,up,1520,143.42916858206462,2,-228.0019500623082,10,371.4311186443728,2016-03-02
TRAIN,20,5,up,1521,-281.6623977282268,7,64.91527092995874,8,-346.57766865818553,2016-03-03
TRAIN,20,5,up,1522,361.0715962589152,2,-51.670499745908614,6,412.7420960048238,2016-03-04
TRAIN,20,5,up,1523,-86.8997483392401,2,16.336717291687066,9,-103.23646563092717,2016-03-08
TRAIN,20,5,up,1524,291.02807067687723,2,0.13795376082136304,7,290.8901169160559,2016-03-09
TRAIN,20,5,up,1525,-271.07303146881407,3,12.999701554721378,5,-284.0727330235354,2016-03-10
TRAIN,20,5,up,1526,-418.0149815790967,1,-61.854507009995764,7,-356.1604745691009,2016-03-11
TRAIN,20,5,up,1529,-63.00318465979681,1,-299.93528040967675,1,236.93209574987995,2016-03-16
TRAIN,20,5,up,1530,192.06229008908474,2,123.56529345141557,3,68.49699663766917,2016-03-17
TRAIN,20,5,up,1531,-91.13820066068406,3,64.35217284238418,6,-155.49037350306824,2016-03-18
TRAIN,20,5,up,1532,283.0250598102971,2,-161.72116322057943,6,444.74622303087654,2016-03-21
TRAIN,20,5,up,1533,-283.17526674228037,3,-133.37389523309568,7,-149.8013715091847,2016-03-22
TRAIN,20,5,up,1535,-94.85559985420473,1,292.9506031421818,3,-387.80620299638656,2016-03-28
TRAIN,20,5,up,1540,484.3782152840991,1,431.25001214414533,1,53.12820313995377,2016-04-04
TRAIN,20,5,up,1547,-106.40369848217037,1,246.8283122190251,2,-353.23201070119546,2016-04-13
TRAIN,20,5,up,1548,-57.96006227365572,1,7.830998470555656,4,-65.79106074421138,2016-04-18
TRAIN,20,5,up,1549,278.27459926903185,3,441.2461687634678,2,-162.97156949443593,2016-04-20
TRAIN,20,5,up,1550,282.7973711924267,1,-365.7912756505891,2,648.5886468430158,2016-04-21
TRAIN,20,5,up,1551,479.5481895046823,1,1154.404768080813,1,-674.8565785761307,2016-04-22
TRAIN,20,5,up,1553,-215.01854321838397,1,612.4307728549869,3,-827.4493160733709,2016-04-26
TRAIN,20,5,up,1554,-288.66603697749065,1,157.44150401896368,1,-446.1075409964543,2016-04-27
TRAIN,20,5,up,1560,48.99829413574988,1,77.77541576707472,1,-28.77712163132484,2016-05-05
TRAIN,20,5,up,1565,221.91999390271738,1,-45.82436917152471,2,267.7443630742421,2016-05-12
TRAIN,20,5,up,1569,234.33887846279276,1,-279.5806145013972,1,513.9194929641899,2016-05-18
TRAIN,20,5,up,1572,-165.0093470889478,3,-166.99837952159103,1,1.9890324326432278,2016-05-23
TRAIN,20,5,up,1574,-135.3328740819927,2,-495.807388525364,1,360.4745144433713,2016-05-25
TRAIN,20,5,up,1575,243.00061784918674,3,115.86063876382336,5,127.13997908536338,2016-05-26
TRAIN,20,5,up,1576,-11.296647966334419,4,-362.5188550548425,5,351.22220708850807,2016-05-27
TRAIN,20,5,up,1577,416.7945022007704,6,-109.69210963850726,6,526.4866118392777,2016-05-30
TRAIN,20,5,up,1578,-472.76027707049445,2,29.59212344496596,3,-502.35240051546043,2016-05-31
TRAIN,20,5,up,1579,-244.6295838235976,2,-0.44330693083708184,2,-244.18627689276053,2016-06-01
TRAIN,20,5,up,1580,-1.5926072660044956,1,-424.5496342933834,4,422.9570270273789,2016-06-02
TRAIN,20,5,up,1583,-68.66929564553338,2,401.97535394456673,1,-470.64464959010013,2016-06-07
TRAIN,20,5,up,1584,-76.93234823625085,4,297.6624804531187,5,-374.59482868936954,2016-06-08
TRAIN,20,5,up,1585,-133.85711346100732,3,-94.581576463798,5,-39.275536997209315,2016-06-09
TRAIN,20,5,up,1587,1520.9566203586369,2,-60.27894915550199,1,1581.235569514139,2016-06-13
TRAIN,20,5,up,1588,-102.67784234765071,3,116.71547278547179,1,-219.39331513312248,2016-06-14
TRAIN,20,5,up,1589,458.4154469200408,1,-215.72682460377632,2,674.142271523817,2016-06-15
TRAIN,20,5,up,1590,37.47585723278776,1,-232.975714559907,3,270.4515717926948,2016-06-16
TRAIN,20,5,up,1592,-460.61802246055674,2,-186.31528133127642,2,-274.3027411292803,2016-06-20
TRAIN,20,5,up,1594,-233.86647121072983,1,-184.44181065157952,2,-49.42466055915031,2016-06-22
TRAIN,20,5,up,1597,-60.32368794046193,1,172.52970024374682,1,-232.85338818420874,2016-06-27
TRAIN,20,5,up,1598,162.5269087578625,1,-296.2793264084844,4,458.8062351663469,2016-06-28
TRAIN,20,5,up,1599,-173.66661390450938,2,33.81360304530377,3,-207.48021694981315,2016-06-29
TRAIN,20,5,up,1600,176.05310611603792,8,-433.6903856806741,1,609.7434917967121,2016-06-30
TRAIN,20,5,up,1601,-108.95028811027336,4,-227.5392810507636,5,118.58899294049024,2016-07-01
TRAIN,20,5,up,1603,292.6226523028987,2,-135.74956802185218,4,428.37222032475086,2016-07-05
TRAIN,20,5,up,1604,1124.7615192437543,3,71.83165420627687,1,1052.9298650374774,2016-07-07
TRAIN,20,5,up,1606,-37.03279368485208,1,-15.91817686551326,4,-21.11461681933882,2016-07-11
TRAIN,20,5,up,1607,330.7318999223942,1,474.0159274153634,3,-143.28402749296924,2016-07-12
TRAIN,20,5,up,1608,-500.764525269565,1,-33.599263227926116,1,-467.1652620416389,2016-07-13
TRAIN,20,5,up,1615,494.3705181425337,1,408.59891048291655,3,85.77160765961713,2016-07-22
TRAIN,20,5,up,1618,298.41653791676697,1,435.1682580339622,3,-136.75172011719525,2016-07-27
TRAIN,20,5,up,1625,258.60798520889597,1,384.93036482075,1,-126.32237961185405,2016-08-05
TRAIN,20,5,up,1626,-539.8506203226601,1,646.3290825455263,1,-1186.1797028681863,2016-08-08
TRAIN,20,5,up,1634,-276.8534675024978,2,-119.32102923732788,2,-157.5324382651699,2016-08-19
TRAIN,20,5,up,1635,-310.612080393005,1,40.78781163708537,2,-351.39989203009037,2016-08-22
TRAIN,20,5,up,1638,-222.5709588177197,1,276.32458882863665,2,-498.89554764635636,2016-08-25
TRAIN,20,5,up,1640,-23.52811634412852,1,-188.22774006282447,1,164.69962371869593,2016-08-29
TRAIN,20,5,up,1641,232.16567076713193,2,119.75627564425884,6,112.4093951228731,2016-08-30
TRAIN,20,5,up,1642,157.7194257840668,3,-130.10796703012304,3,287.8273928141898,2016-08-31
TRAIN,20,5,up,1643,362.7843724116792,1,-360.4715001452296,2,723.2558725569088,2016-09-01
TRAIN,20,5,up,1646,-312.36264415827225,1,-425.82867732324837,2,113.46603316497612,2016-09-07
TRAIN,20,5,up,1647,-489.61812418946676,3,-89.5498522405245,5,-400.06827194894225,2016-09-08
TRAIN,20,5,up,1652,-504.5649138484464,1,-113.14894610226104,2,-391.41596774618534,2016-09-16
TRAIN,20,5,up,1654,1392.7472314365928,1,-48.079977205534206,1,1440.827208642127,2016-09-20
TRAIN,20,5,up,1656,-331.33969564756757,2,-292.81113309947824,3,-38.528562548089326,2016-09-22
TRAIN,20,5,up,1657,221.54831304276797,3,317.5925898254377,1,-96.04427678266973,2016-09-23
TRAIN,20,5,up,1660,-225.19620816981018,1,965.3810983721022,1,-1190.5773065419123,2016-09-28
TRAIN,20,5,up,1663,50.976032173660194,1,791.1153752824255,4,-740.1393431087653,2016-10-03
TRAIN,20,5,up,1664,330.0601792666126,1,-306.6543991897229,1,636.7145784563354,2016-10-04
TRAIN,20,5,up,1666,500.4092996099349,1,197.3101081157729,3,303.099191494162,2016-10-06
TRAIN,20,5,up,1670,105.40765307170324,2,244.49785576210886,2,-139.09020269040562,2016-10-14
TRAIN,20,5,up,1672,-864.0144365539043,1,-263.8282163959694,2,-600.1862201579349,2016-10-18
TRAIN,20,5,up,1673,7.109553713923248,2,-226.08546408474143,4,233.19501779866468,2016-10-19
TRAIN,20,5,up,1674,566.772656236828,2,303.9846433753352,3,262.78801286149275,2016-10-20
TRAIN,20,5,up,1675,-84.23334326532891,5,-150.22360162304693,4,65.99025835771802,2016-10-21
TRAIN,20,5,up,1676,-470.38424266687315,1,-113.99170908361792,1,-356.3925335832552,2016-10-24
TRAIN,20,5,up,1678,-18.114947684377285,3,291.68629263749796,1,-309.80124032187524,2016-10-26
TRAIN,20,5,up,1680,154.0019605839537,1,313.61977663698906,2,-159.61781605303537,2016-10-28
TRAIN,20,5,up,1681,92.7328120113613,3,107.3380889336406,2,-14.605276922279302,2016-11-01
TRAIN,20,5,up,1686,16.912988413107797,1,-623.6722533171726,1,640.5852417302804,2016-11-08
TRAIN,20,5,up,1688,658.5601067011339,3,-142.61097618401942,2,801.1710828851533,2016-11-10
TRAIN,20,5,up,1697,141.8291440567593,1,-140.7654295134497,2,282.59457357020904,2016-11-24
TRAIN,20,5,up,1700,149.1130199928431,3,33.98324178103093,2,115.12977821181218,2016-11-29
TRAIN,20,5,up,1702,49.72211967290454,2,-244.32443591002684,4,294.0465555829314,2016-12-01
TRAIN,20,5,up,1705,-51.832213122735,2,84.33633749410751,2,-136.1685506168425,2016-12-06
TRAIN,20,5,up,1707,238.2846601439667,1,17.033100747613943,9,221.25155939635277,2016-12-08
TRAIN,20,5,up,1708,164.76505651927692,4,133.90210422026303,1,30.862952299013898,2016-12-09
TRAIN,20,5,up,1710,-122.1797693803612,2,-50.665953320330274,4,-71.51381606003092,2016-12-13
TRAIN,20,5,up,1712,-266.0854093842101,2,-23.62525676223161,6,-242.4601526219785,2016-12-15
TRAIN,20,5,up,1720,-587.9373326673887,1,391.7179206159127,1,-979.6552532833014,2016-12-27
TRAIN,20,5,up,1722,71.39728652876778,2,-361.8890915384497,4,433.28637806721747,2016-12-29
TRAIN,20,5,up,1723,559.1575333236501,5,-61.85955046125487,10,621.017083784905,2016-12-30
TRAIN,20,5,up,1724,308.41063873153956,3,-134.4392442706449,5,442.84988300218447,2017-01-02
TRAIN,20,5,up,1725,101.89941891663904,1,-193.261230430426,7,295.16064934706503,2017-01-03
TRAIN,20,5,up,1726,-222.4339388320563,4,-185.4952004400595,5,-36.93873839199679,2017-01-04
TRAIN,20,5,up,1727,-78.71828065040397,5,195.22888974798084,3,-273.9471703983848,2017-01-05
TRAIN,20,5,up,1728,-44.76677185019818,2,-280.0146864537132,4,235.247914603515,2017-01-06
TRAIN,20,5,up,1729,-440.2843256916378,3,155.8888560502518,3,-596.1731817418896,2017-01-09
TRAIN,20,5,up,1730,179.48744053086108,2,57.95002034374926,7,121.53742018711182,2017-01-10
TRAIN,20,5,up,1731,5.145951346209785,12,133.74256743273898,15,-128.5966160865292,2017-01-11
TRAIN,20,5,up,1732,35.651031616454276,4,97.96002101015993,4,-62.30898939370566,2017-01-12
TRAIN,20,5,up,1733,30.305170956036655,1,-133.30446844363865,5,163.6096393996753,2017-01-13
TRAIN,20,5,up,1736,-543.4064713295409,1,80.0199900766571,3,-623.426461406198,2017-01-18
TRAIN,20,5,up,1737,2.073919416734642,3,183.36140613476383,3,-181.2874867180292,2017-01-19
TRAIN,20,5,up,1740,4016.1385893392903,1,779.2096954131272,1,3236.9288939261633,2017-01-24
TRAIN,20,5,up,1741,-103.01967296473403,2,-457.3241501807183,1,354.30447721598426,2017-01-25
TRAIN,20,5,up,1748,75.48559127812209,2,-379.5466836067158,1,455.0322748848379,2017-02-06
TRAIN,20,5,up,1758,207.2029814133306,1,591.92707899187,1,-384.7240975785394,2017-02-20
TRAIN,20,5,up,1759,22.260980699752288,1,549.892367915135,2,-527.6313872153827,2017-02-21
TRAIN,20,5,up,1761,-360.6954423923513,1,316.95128264007565,1,-677.646725032427,2017-02-23
TRAIN,20,5,up,1762,-91.45477168786408,2,72.89834141933993,1,-164.35311310720402,2017-02-27
TRAIN,20,5,up,1763,545.2325967490224,1,-346.1697788401985,1,891.4023755892208,2017-02-28
TRAIN,20,5,up,1764,-529.076595375495,1,-315.3318564109709,2,-213.74473896452412,2017-03-01
TRAIN,20,5,up,1766,-482.1793247784978,1,73.0625429992654,4,-555.2418677777632,2017-03-03
TRAIN,20,5,up,1772,-92.89908579500776,6,-278.8543945369613,2,185.95530874195356,2017-03-14
TRAIN,20,5,up,1773,-285.62329318842563,2,-134.51379455220035,5,-151.10949863622528,2017-03-15
TRAIN,20,5,up,1774,-111.57094782927348,8,126.45259428013375,4,-238.02354210940723,2017-03-16
TRAIN,20,5,up,1775,27.277653908221094,3,940.7614997327213,2,-913.4838458245002,2017-03-17
TRAIN,20,5,up,1776,125.06762594724933,3,378.93565340478153,2,-253.8680274575322,2017-03-20
TRAIN,20,5,up,1777,-100.28438378624949,2,-35.71214553890785,3,-64.57223824734164,2017-03-21
TRAIN,20,5,up,1779,-1190.4263341041737,1,-296.17192452599085,2,-894.254409578183,2017-03-23
TRAIN,20,5,up,1781,88.07515514798445,1,-75.56811403036431,4,163.64326917834876,2017-03-27
TRAIN,20,5,up,1783,429.5141690678213,1,250.34471886275566,2,179.16945020506563,2017-03-29
TRAIN,20,5,up,1784,-312.3351732359808,3,-229.51252858097718,1,-82.82264465500361,2017-03-30
TRAIN,20,5,up,1785,227.02030510551907,2,-78.68276915771699,2,305.7030742632361,2017-03-31
TRAIN,20,5,up,1786,-267.76280370702176,5,-29.940540050736285,5,-237.8222636562855,2017-04-03
TRAIN,20,5,up,1787,-152.55814264809555,2,276.0937843754889,2,-428.65192702358445,2017-04-05
TRAIN,20,5,up,1789,566.3721426244821,1,238.84751476667063,1,327.5246278578114,2017-04-07
TRAIN,20,5,up,1800,155.62381516448391,4,-410.67598743339266,2,566.2998025978766,2017-04-25
TRAIN,20,5,up,1803,7.530585372313861,3,-249.30016665311817,2,256.83075202543205,2017-04-28
TRAIN,20,5,up,1804,-385.5333637266377,1,-192.49274014976766,1,-193.04062357687002,2017-05-02
TRAIN,20,5,up,1809,411.18651712734277,2,-101.71413413564517,1,512.9006512629879,2017-05-09
TRAIN,20,5,up,1810,-532.3973149835855,1,301.6593795491559,3,-834.0566945327414,2017-05-10
TRAIN,20,5,up,1811,-323.17775702263185,1,-152.26584646282623,1,-170.91191055980562,2017-05-11
TRAIN,20,5,up,1813,67.32351312027832,1,-75.00363215705765,3,142.32714527733597,2017-05-15
TRAIN,20,5,up,1815,550.8192934180514,1,-265.14935915302544,2,815.9686525710769,2017-05-17
TRAIN,20,5,up,1821,-339.1351770365539,1,-71.83676831136215,1,-267.29840872519173,2017-05-25
TRAIN,20,5,up,1825,-133.3433452367194,2,121.74550086973625,3,-255.08884610645563,2017-05-31
TRAIN,20,5,up,1826,-245.04215909261586,1,318.8771956085953,1,-563.9193547012112,2017-06-01
TRAIN,20,5,up,1827,-258.3369039297431,1,-95.42796909581598,3,-162.9089348339271,2017-06-02
TRAIN,20,5,up,1828,-115.27123785515957,2,215.0594323845678,2,-330.3306702397274,2017-06-05
TRAIN,20,5,up,1830,230.22693532989393,4,148.42677510232446,1,81.80016022756948,2017-06-07
TRAIN,20,5,up,1833,696.4053724348049,1,129.3283832067479,1,567.0769892280571,2017-06-12
TRAIN,20,5,up,1834,-202.16113272124954,1,531.4258937062773,2,-733.5870264275268,2017-06-13
TRAIN,20,5,up,1835,195.17557296061332,1,209.08923651426855,3,-13.913663553655226,2017-06-14
TRAIN,20,5,up,1836,-25.995434563656364,5,580.9549884738265,3,-606.9504230374828,2017-06-15
TRAIN,20,5,up,1837,-364.6457342726841,1,-403.24235991160623,3,38.59662563892215,2017-06-16
TRAIN,20,5,up,1838,37.46500341090073,1,-378.3770115357239,2,415.84201494662466,2017-06-19
TRAIN,20,5,up,1841,181.73534863545697,5,-406.8601553086945,1,588.5955039441515,2017-06-22
TRAIN,20,5,up,1846,-289.5468643623647,1,-597.9712128881312,2,308.42434852576645,2017-06-30
TRAIN,20,5,up,1847,102.68353066507169,5,134.56689672442417,2,-31.883366059352483,2017-07-03
TRAIN,20,5,up,1848,-567.0470905526967,1,226.20852023609774,1,-793.2556107887945,2017-07-04
TRAIN,20,5,up,1849,-543.8601443300754,3,-169.16885192606028,5,-374.69129240401514,2017-07-05
TRAIN,20,5,up,1851,261.96058748159123,2,-77.27461401490044,1,339.23520149649164,2017-07-07
TRAIN,20,5,up,1852,-405.2026490401252,2,219.66955427271978,6,-624.8722033128449,2017-07-11
TRAIN,20,5,up,1853,-113.73383980819989,2,72.29484397953271,7,-186.0286837877326,2017-07-12
TRAIN,20,5,up,1854,13.407792347824065,3,170.80598211865964,5,-157.3981897708356,2017-07-13
TRAIN,20,5,up,1855,-63.65523711926742,3,783.5206577771281,1,-847.1758948963956,2017-07-14
TRAIN,20,5,up,1856,-216.0832355606126,1,-151.44025144619786,1,-64.64298411441473,2017-07-17
TRAIN,20,5,up,1858,-200.01682944149871,2,-160.6974751357308,9,-39.31935430576792,2017-07-19
TRAIN,20,5,up,1859,-489.55202691191624,2,197.16679632702522,1,-686.7188232389415,2017-07-20
TRAIN,20,5,up,1860,-340.8989786390301,1,-265.5626977061983,3,-75.33628093283176,2017-07-21
TRAIN,20,5,up,1861,-129.58357935422228,3,-178.65938658781238,5,49.0758072335901,2017-07-24
TRAIN,20,5,up,1862,18.69876325385538,1,-210.50956297760612,2,229.2083262314615,2017-07-25
TRAIN,20,5,up,1863,-290.40632388483425,2,-40.93823477500553,3,-249.46808910982872,2017-07-26
TRAIN,20,5,up,1865,-7.950346495981719,2,13.151671121060618,1,-21.102017617042335,2017-07-28
TRAIN,20,5,up,1866,-422.8791505831695,1,-201.97449007061368,2,-220.90466051255584,2017-07-31
TRAIN,20,5,up,1867,-673.5336932215577,1,87.10435357837407,2,-760.6380467999318,2017-08-01
TRAIN,20,5,up,1868,-281.53134374531317,2,-405.5752119009942,1,124.04386815568103,2017-08-02
TRAIN,20,5,up,1869,-10.293571923316383,1,226.34515493058302,1,-236.6387268538994,2017-08-03
TRAIN,20,5,up,1871,-31.602489749524633,1,-725.2514454401629,2,693.6489556906383,2017-08-07
TRAIN,20,5,up,1884,1414.9075483599688,3,-58.85045041143513,3,1473.757998771404,2017-08-28
TRAIN,20,5,up,1887,-216.4910536695121,1,64.66315276159246,1,-281.15420643110457,2017-08-31
TRAIN,20,5,up,1888,256.93859155799095,4,-103.83612220344381,1,360.7747137614348,2017-09-01
TRAIN,20,5,up,1889,-27.269123188720883,1,-15.839882688317346,2,-11.429240500403537,2017-09-04
TRAIN,20,5,up,1890,36.553321450164134,4,-248.36434506603823,3,284.91766651620236,2017-09-05
TRAIN,20,5,up,1892,80.81355382004723,1,-190.77547566535944,7,271.5890294854067,2017-09-07
TRAIN,20,5,up,1893,67.36762205744111,4,-187.58359160954876,4,254.95121366698987,2017-09-08
TRAIN,20,5,up,1894,145.14187874316337,3,87.72754148462737,6,57.41433725853601,2017-09-11
TRAIN,20,5,up,1895,-39.056729028751256,7,-11.377193241629465,10,-27.679535787121793,2017-09-12
TRAIN,20,5,up,1896,-78.93465062600721,5,198.2323119050225,3,-277.1669625310297,2017-09-13
TRAIN,20,5,up,1897,-100.62112387689963,5,-9.91445590124456,6,-90.70666797565507,2017-09-14
TRAIN,20,5,up,1898,380.63602359612884,2,470.0770610022105,1,-89.44103740608165,2017-09-15
TRAIN,20,5,up,1899,-635.1908144786545,1,-251.4054017098862,3,-383.7854127687683,2017-09-18
TRAIN,20,5,up,1902,166.77350478448275,2,360.541917307481,1,-193.76841252299826,2017-09-21
TRAIN,20,5,up,1910,-379.62904196112714,1,-133.57387545245751,1,-246.05516650866963,2017-10-04
TRAIN,20,5,up,1916,-249.83265886995233,1,-425.0807876337731,1,175.2481287638208,2017-10-12
TRAIN,20,5,up,1917,1582.0964080633823,1,-465.6627179266073,1,2047.7591259899896,2017-10-13
TRAIN,20,5,up,1919,533.2801298042916,1,-251.56170528468328,4,784.8418350889749,2017-10-17
TRAIN,20,5,up,1920,322.1163124453068,3,-264.5211490581689,3,586.6374615034756,2017-10-18
TRAIN,20,5,up,1922,-103.48156624678411,2,170.92081360009976,7,-274.4023798468839,2017-10-24
TRAIN,20,5,up,1923,-119.36140571747175,21,339.2213905517499,9,-458.58279626922166,2017-10-25
TRAIN,20,5,up,1924,-117.58209527789911,6,79.83863298563,4,-197.4207282635291,2017-10-26
TRAIN,20,5,up,1925,30.427847096549158,5,-313.75887923260785,3,344.186726329157,2017-10-27
TRAIN,20,5,up,1926,-234.02403206458592,4,-327.456868244841,6,93.4328361802551,2017-10-30
TRAIN,20,5,up,1928,-278.68788415308427,3,615.2572688928715,4,-893.9451530459557,2017-11-01
TRAIN,20,5,up,1930,368.47356338947185,1,-831.7711906216385,2,1200.2447540111104,2017-11-03
TRAIN,20,5,up,1931,11.129991025251792,1,-284.13090916519093,1,295.2609001904427,2017-11-06
TRAIN,20,5,up,1943,-194.8057941414819,2,16.08778664830804,1,-210.89358078978995,2017-11-22
TRAIN,20,5,up,1947,61.06320447900881,4,-20.760964976455913,4,81.82416945546473,2017-11-28
TRAIN,20,5,up,1954,-99.88930457992838,3,188.82561145031912,4,-288.7149160302475,2017-12-07
TRAIN,20,5,up,1955,0.9948381199432959,2,87.30660229685137,8,-86.31176417690807,2017-12-08
TRAIN,20,5,up,1956,-380.9656691448828,2,183.69982507098578,4,-564.6654942158685,2017-12-11
TRAIN,20,5,up,1960,-641.2210481980345,1,-433.825050079774,2,-207.39599811826054,2017-12-15
TRAIN,20,5,up,1961,471.6573424246917,2,-180.7612368482546,2,652.4185792729463,2017-12-18
TRAIN,20,5,up,1962,-84.71031993121366,2,73.54231745255785,9,-158.2526373837715,2017-12-19
TRAIN,20,5,up,1963,1566.1740420877,5,-37.90437513792103,3,1604.078417225621,2017-12-20
TRAIN,20,5,up,1964,157.33835715322274,7,-61.73564944987489,9,219.07400660309764,2017-12-21
TRAIN,20,5,dn,526,188.80584777812342,1,-255.03794283985923,1,443.8437906179827,2012-02-14
TRAIN,20,5,dn,531,-220.34932949914983,1,73.73587214145832,2,-294.08520164060815,2012-02-22
TRAIN,20,5,dn,533,151.13110322731947,1,162.07628258210372,10,-10.945179354784244,2012-02-24
TRAIN,20,5,dn,537,-184.45127757346336,4,-225.98619699288204,2,41.534919419418685,2012-03-01
TRAIN,20,5,dn,540,-596.5825717354561,2,-217.8676682134995,16,-378.71490352195656,2012-03-06
TRAIN,20,5,dn,546,-812.5557901843325,1,273.0061324057112,1,-1085.5619225900437,2012-03-15
TRAIN,20,5,dn,547,-126.13364691501735,2,-64.74494247993036,9,-61.38870443508699,2012-03-16
TRAIN,20,5,dn,548,266.61132247009357,1,40.686637507605994,8,225.92468496248756,2012-03-19
TRAIN,20,5,dn,549,-372.03226319757016,1,264.8583819994023,3,-636.8906451969724,2012-03-20
TRAIN,20,5,dn,556,53.4053918965645,3,65.27807667962277,3,-11.872684783058268,2012-03-29
TRAIN,20,5,dn,562,599.3779394970829,1,448.6578585444419,1,150.720080952641,2012-04-10
TRAIN,20,5,dn,563,-295.2423628457633,1,78.79382793052183,6,-374.03619077628514,2012-04-11
TRAIN,20,5,dn,565,-2.5965414386540724,1,170.6034004781574,4,-173.19994191681147,2012-04-13
TRAIN,20,5,dn,566,-189.91652811165935,1,980.8583332255255,1,-1170.7748613371848,2012-04-16
TRAIN,20,5,dn,573,1340.319303392566,1,-51.40305042525741,3,1391.7223538178234,2012-04-25
TRAIN,20,5,dn,574,-182.74821681838944,2,293.8061076841092,4,-476.5543245024986,2012-04-26
TRAIN,20,5,dn,577,-393.7310058247622,2,913.9791886799953,2,-1307.7101945047575,2012-05-02
TRAIN,20,5,dn,579,-60.23212498994974,2,-27.27701231066536,18,-32.95511267928438,2012-05-04
TRAIN,20,5,dn,582,-95.28807795574488,3,-141.93062486256608,6,46.642546906821195,2012-05-09
TRAIN,20,5,dn,583,-709.5850133721018,1,-339.51998513920415,1,-370.06502823289765,2012-05-10
TRAIN,20,5,dn,584,-333.6002491314008,1,-90.27415609645958,6,-243.3260930349412,2012-05-11
TRAIN,20,5,dn,610,169.64430333277053,1,343.684421740989,2,-174.0401184082185,2012-06-18
TRAIN,20,5,dn,618,275.658213221102,1,153.52866940481033,1,122.12954381629169,2012-06-28
TRAIN,20,5,dn,624,-152.58936350916787,1,662.2365451446678,1,-814.8259086538358,2012-07-06
TRAIN,20,5,dn,628,-166.10698805512826,2,372.3518678554535,2,-538.4588559105817,2012-07-12
TRAIN,20,5,dn,631,37.86124317763399,1,124.04007374247601,10,-86.17883056484203,2012-07-17
TRAIN,20,5,dn,632,22.206379827531958,1,72.58006997407543,4,-50.37369014654347,2012-07-18
TRAIN,20,5,dn,633,-161.51453586026744,1,-203.1320588019836,6,41.617522941716146,2012-07-19
TRAIN,20,5,dn,634,-18.351269958205087,1,126.87033409787175,3,-145.22160405607684,2012-07-20
TRAIN,20,5,dn,635,-260.2603346442547,2,-43.77617409469658,24,-216.48416054955814,2012-07-23
TRAIN,20,5,dn,637,-95.88521475208353,3,-47.88027596827324,16,-48.00493878381029,2012-07-25
TRAIN,20,5,dn,638,150.98792410925046,8,-134.96922395116022,21,285.95714806041065,2012-07-26
TRAIN,20,5,dn,639,47.610807348656536,2,-73.32352159507981,13,120.93432894373635,2012-07-27
TRAIN,20,5,dn,649,211.28379791298397,1,210.58677492221184,1,0.6970229907721261,2012-08-10
TRAIN,20,5,dn,653,-21.787912285738017,1,3.675995990670526,1,-25.463908276408542,2012-08-17
TRAIN,20,5,dn,660,-72.66247109561951,1,-51.57119569048086,20,-21.091275405138646,2012-08-29
TRAIN,20,5,dn,663,-85.13491804356993,2,-311.7191958175586,3,226.58427777398867,2012-09-03
TRAIN,20,5,dn,665,192.04640656157164,1,91.87208302689085,5,100.1743235346808,2012-09-05
TRAIN,20,5,dn,674,258.2877753358824,3,240.1553626093417,2,18.13241272654068,2012-09-18
TRAIN,20,5,dn,675,620.0354597090133,1,362.6196100868309,1,257.41584962218235,2012-09-20
TRAIN,20,5,dn,677,86.63903662095875,1,-299.23096171334845,2,385.8699983343072,2012-09-24
TRAIN,20,5,dn,679,224.209509888375,1,591.3533588651326,1,-367.14384897675757,2012-09-26
TRAIN,20,5,dn,688,106.28611387191683,1,160.08778814158887,4,-53.80167426967205,2012-10-10
TRAIN,20,5,dn,690,-0.9183132611047924,2,-201.99773470430137,4,201.07942144319657,2012-10-12
TRAIN,20,5,dn,693,-784.0399095056672,1,336.44256334663567,5,-1120.4824728523029,2012-10-17
TRAIN,20,5,dn,696,-220.25959004856676,1,-267.62116788941734,9,47.36157784085057,2012-10-22
TRAIN,20,5,dn,697,-251.22739514852486,1,320.0880930333015,15,-571.3154881818264,2012-10-23
TRAIN,20,5,dn,699,-104.99824082471464,4,51.85877210680194,16,-156.85701293151658,2012-10-26
TRAIN,20,5,dn,700,191.79050335382038,2,1.2397727071708522,11,190.55073064664953,2012-10-29
TRAIN,20,5,dn,701,-898.9274695431362,1,-166.41410540535568,15,-732.5133641377805,2012-10-30
TRAIN,20,5,dn,708,24.306615903488606,1,474.6034519445539,1,-450.2968360410653,2012-11-08
TRAIN,20,5,dn,711,-217.99803593703743,3,-95.40980254608773,3,-122.5882333909497,2012-11-15
TRAIN,20,5,dn,713,168.32260551113689,1,-67.44005284477831,7,235.7626583559152,2012-11-19
TRAIN,20,5,dn,715,-526.7410648705578,1,365.5069316892029,1,-892.2479965597606,2012-11-21
TRAIN,20,5,dn,740,-464.2266173565121,1,42.19765765769572,3,-506.42427501420786,2012-12-28
TRAIN,20,5,dn,748,-132.2044138842042,1,-574.3088185557535,2,442.10440467154933,2013-01-09
TRAIN,20,5,dn,749,-81.8194992601494,2,105.31782204317769,3,-187.1373213033271,2013-01-10
TRAIN,20,5,dn,750,-179.36782873784526,1,74.88694343110284,11,-254.25477216894808,2013-01-11
TRAIN,20,5,dn,752,216.8800819708798,1,409.795839566373,1,-192.9157575954932,2013-01-15
TRAIN,20,5,dn,753,70.95398592805164,1,-7.896294163114125,12,78.85028009116576,2013-01-16
TRAIN,20,5,dn,755,-347.1679952801125,2,-125.58687905117868,1,-221.5811162289338,2013-01-18
TRAIN,20,5,dn,756,980.4009853505377,1,-453.17155092876436,3,1433.572536279302,2013-01-21
TRAIN,20,5,dn,758,1930.645428081161,1,39.61035187073181,13,1891.0350762104292,2013-01-23
TRAIN,20,5,dn,759,-1.5925497033749032,2,-90.97521569207032,22,89.38266598869542,2013-01-24
TRAIN,20,5,dn,760,310.87283424023184,1,-67.5149632362286,2,378.38779747646043,2013-01-25
TRAIN,20,5,dn,762,-36.17020505586297,3,-294.02679981341504,6,257.85659475755205,2013-01-29
TRAIN,20,5,dn,763,-238.34091213332815,1,-331.2054334546176,4,92.86452132128946,2013-01-30
TRAIN,20,5,dn,765,138.99696082031704,1,14.68859620536361,2,124.30836461495343,2013-02-01
TRAIN,20,5,dn,768,-286.9098747872442,1,-109.27884948892208,2,-177.6310252983221,2013-02-06
TRAIN,20,5,dn,769,550.7981876756676,1,-255.21217343711064,3,806.0103611127782,2013-02-07
TRAIN,20,5,dn,771,-711.4337306738817,1,-366.02741285376993,1,-345.4063178201117,2013-02-11
TRAIN,20,5,dn,772,-748.3244417617468,1,-173.42804581806428,2,-574.8963959436826,2013-02-12
TRAIN,20,5,dn,774,-78.34044693235779,2,178.84321477767674,4,-257.1836617100345,2013-02-14
TRAIN,20,5,dn,776,-707.7072308191573,1,273.8710309991049,2,-981.5782618182623,2013-02-18
TRAIN,20,5,dn,784,1054.4079406215626,3,-48.35906756451802,5,1102.7670081860806,2013-02-28
TRAIN,20,5,dn,801,301.9410203901718,1,-10.30190156091515,1,312.24292195108694,2013-03-25
TRAIN,20,5,dn,807,-487.27911465322114,1,-33.080564576314316,5,-454.1985500769068,2013-04-04
TRAIN,20,5,dn,808,-1002.3496683536,1,98.86855252328039,4,-1101.2182208768804,2013-04-05
TRAIN,20,5,dn,810,651.3796380074632,1,-11.988815346571016,5,663.3684533540343,2013-04-09
TRAIN,20,5,dn,834,166.70739758477526,1,756.3320577797225,2,-589.6246601949472,2013-05-16
TRAIN,20,5,dn,835,195.65203488384697,1,123.4274466958224,1,72.22458818802457,2013-05-17
TRAIN,20,5,dn,837,390.87318074088813,2,166.87377556762326,5,223.99940517326488,2013-05-21
TRAIN,20,5,dn,838,290.15154944963547,2,163.2511018157118,13,126.90044763392368,2013-05-22
TRAIN,20,5,dn,839,297.7580130256264,6,92.56172971776843,28,205.19628330785795,2013-05-23
TRAIN,20,5,dn,844,-146.07831987292408,1,194.72285031846965,8,-340.80117019139374,2013-05-30
TRAIN,20,5,dn,845,-276.86744582219035,2,-237.65501259296005,13,-39.2124332292303,2013-05-31
TRAIN,20,5,dn,850,525.0235398052052,1,341.8147908714866,1,183.20874893371865,2013-06-07
TRAIN,20,5,dn,851,-332.05320918470267,2,626.2774740955072,5,-958.3306832802098,2013-06-10
TRAIN,20,5,dn,853,999.7066320591761,1,-70.27077220977034,7,1069.9774042689464,2013-06-12
TRAIN,20,5,dn,854,-253.04855881026677,1,198.32036388452897,8,-451.36892269479574,2013-06-13
TRAIN,20,5,dn,861,87.56050738277769,3,-65.66708315061898,4,153.22759053339666,2013-06-24
TRAIN,20,5,dn,875,-113.64185193915712,1,991.3518107990712,1,-1104.9936627382283,2013-07-12
TRAIN,20,5,dn,880,-145.4879201860245,2,-176.40122969906938,2,30.91330951304488,2013-07-19
TRAIN,20,5,dn,883,-240.9161469453247,2,127.46469360226034,3,-368.380840547585,2013-07-24
TRAIN,20,5,dn,884,-276.6566073385331,5,-110.66469981422634,4,-165.99190752430675,2013-07-25
TRAIN,20,5,dn,885,-110.28826108365891,2,-184.6733961968019,18,74.38513511314298,2013-07-26
TRAIN,20,5,dn,886,-316.13968511975145,2,570.7925502220061,5,-886.9322353417575,2013-07-29
TRAIN,20,5,dn,887,-391.4803818959831,2,120.12986259335463,15,-511.61024448933773,2013-07-30
TRAIN,20,5,dn,889,48.744167403029934,1,12.196089254534996,10,36.54807814849494,2013-08-01
TRAIN,20,5,dn,890,910.5855540524118,2,-663.5859705008094,3,1574.1715245532212,2013-08-02
TRAIN,20,5,dn,893,-534.6350046435633,3,-47.77896225664955,2,-486.85604238691377,2013-08-07
TRAIN,20,5,dn,901,-40.09084062814111,1,-629.0382036744527,2,588.9473630463116,2013-08-21
TRAIN,20,5,dn,913,-417.56911503843577,1,181.92706896652817,1,-599.4961840049639,2013-09-06
TRAIN,20,5,dn,927,224.27063130277674,1,22.89598913979387,3,201.37464216298287,2013-09-27
TRAIN,20,5,dn,933,-266.33178332819193,2,-5.071444483128983,1,-261.26033884506296,2013-10-08
TRAIN,20,5,dn,940,361.96423651783607,1,101.17574542055252,3,260.78849109728355,2013-10-18
TRAIN,20,5,dn,944,-940.2490098351369,1,92.80764981726794,1,-1033.056659652405,2013-10-24
TRAIN,20,5,dn,946,953.752405058061,1,127.09151184539748,6,826.6608932126635,2013-10-28
TRAIN,20,5,dn,949,217.44328886631178,1,-416.58272454350015,1,634.0260134098119,2013-10-31
TRAIN,20,5,dn,953,251.49331886518988,1,14.0145577134848,5,237.47876115170507,2013-11-07
TRAIN,20,5,dn,954,765.0815641121625,1,-126.21367215367262,3,891.2952362658351,2013-11-08
TRAIN,20,5,dn,956,339.7046460425905,2,-394.12742493668605,11,733.8320709792765,2013-11-12
TRAIN,20,5,dn,957,106.65769658430429,1,-92.10901067171497,16,198.76670725601926,2013-11-13
TRAIN,20,5,dn,958,-182.96237965340708,2,27.020858538832417,2,-209.9832381922395,2013-11-14
TRAIN,20,5,dn,962,727.5123111396694,1,69.79619731251773,7,657.7161138271516,2013-11-21
TRAIN,20,5,dn,972,-576.731420428816,1,-166.43507170215847,1,-410.2963487266576,2013-12-05
TRAIN,20,5,dn,977,-159.243783776461,1,-72.69073133565304,6,-86.55305244080795,2013-12-12
TRAIN,20,5,dn,995,224.66007261263957,1,-319.60095658958744,4,544.2610292022271,2014-01-08
TRAIN,20,5,dn,997,888.8531225108906,1,6.608013676637595,7,882.245108834253,2014-01-10
TRAIN,20,5,dn,1001,59.513904012389425,1,-35.101113125543996,3,94.61501713793342,2014-01-16
TRAIN,20,5,dn,1005,-567.818323694733,2,-38.02455213352465,2,-529.7937715612084,2014-01-22
TRAIN,20,5,dn,1006,-227.64866403270844,2,496.4881678331152,2,-724.1368318658236,2014-01-23
TRAIN,20,5,dn,1007,-264.72460295337964,1,218.49649008883637,18,-483.221093042216,2014-01-24
TRAIN,20,5,dn,1008,96.0545903035559,5,59.033083197092,22,37.0215071064639,2014-01-27
TRAIN,20,5,dn,1009,-6.427472752170722,1,142.47173739421856,2,-148.8992101463893,2014-01-28
TRAIN,20,5,dn,1021,478.96707990443656,1,70.27904484043114,3,408.6880350640054,2014-02-13
TRAIN,20,5,dn,1023,-77.0320044276965,1,-473.1956062032197,1,396.1636017755232,2014-02-17
TRAIN,20,5,dn,1031,-500.0738025543467,1,696.7953629750773,1,-1196.869165529424,2014-02-28
TRAIN,20,5,dn,1032,485.6904384944629,1,-200.70605557754783,4,686.3964940720107,2014-03-03
TRAIN,20,5,dn,1037,-84.87984736871195,1,92.54148965364458,2,-177.4213370223565,2014-03-10
TRAIN,20,5,dn,1040,287.7780468953358,2,-32.66971145389236,1,320.4477583492282,2014-03-13
TRAIN,20,5,dn,1041,-15.065939322918537,1,141.70008202264208,5,-156.7660213455606,2014-03-14
TRAIN,20,5,dn,1046,495.15568734716254,1,395.4271720878484,1,99.72851525931412,2014-03-24
TRAIN,20,5,dn,1066,-322.6764156827612,1,-144.2621381827351,5,-178.41427750002612,2014-04-25
TRAIN,20,5,dn,1068,919.0813199412395,1,99.28380096547029,10,819.7975189757692,2014-04-29
TRAIN,20,5,dn,1069,-5.8040665095076065,2,-128.19980781220326,6,122.39574130269565,2014-04-30
TRAIN,20,5,dn,1072,59.00071569926953,1,-20.732235725626595,5,79.73295142489613,2014-05-06
TRAIN,20,5,dn,1074,-667.1263398375614,3,-13.9056269708336,5,-653.2207128667278,2014-05-08
TRAIN,20,5,dn,1078,743.012021957178,1,982.934984102143,1,-239.9229621449649,2014-05-14
TRAIN,20,5,dn,1081,-262.02409762548496,2,-111.5183120206377,4,-150.50578560484726,2014-05-19
TRAIN,20,5,dn,1118,-310.67214545649347,1,61.67698355033188,17,-372.34912900682536,2014-07-09
TRAIN,20,5,dn,1119,-206.38107139061702,2,226.5468041745663,1,-432.9278755651833,2014-07-10
TRAIN,20,5,dn,1120,93.48790065441932,1,-53.407592970216534,16,146.89549362463586,2014-07-11
TRAIN,20,5,dn,1121,331.93658659784217,2,-198.56861982133518,2,530.5052064191773,2014-07-14
TRAIN,20,5,dn,1130,-1029.689137850232,1,-45.63756538032944,5,-984.0515724699027,2014-07-25
TRAIN,20,5,dn,1132,-181.23048172781233,1,-143.58228245285568,2,-37.64819927495665,2014-07-30
TRAIN,20,5,dn,1137,84.48213671014861,1,-367.77971724661546,2,452.26185395676407,2014-08-06
TRAIN,20,5,dn,1142,-972.3435462528226,2,-31.121874175157295,18,-941.2216720776654,2014-08-13
TRAIN,20,5,dn,1164,-6.761059904633986,1,-10.589938196517162,20,3.828878291883176,2014-09-16
TRAIN,20,5,dn,1165,149.9070931528766,1,54.98578146843423,3,94.92131168444237,2014-09-17
TRAIN,20,5,dn,1166,1753.1168193656542,1,-279.6158811700901,1,2032.7327005357442,2014-09-18
TRAIN,20,5,dn,1171,-210.5413317712641,4,-74.77626549476658,14,-135.76506627649752,2014-09-25
TRAIN,20,5,dn,1172,-1256.2616773592815,1,-346.71204321229715,1,-909.5496341469843,2014-09-26
TRAIN,20,5,dn,1176,769.7488480692261,1,-197.64489377155311,8,967.3937418407793,2014-10-07
TRAIN,20,5,dn,1177,135.49386735987366,1,129.25070697089797,8,6.243160388975696,2014-10-08
TRAIN,20,5,dn,1182,-442.36109684827824,1,-46.745589464890266,7,-395.615507383388,2014-10-16
TRAIN,20,5,dn,1183,399.9731698646707,2,622.1629337002482,2,-222.18976383557754,2014-10-17
TRAIN,20,5,dn,1198,136.23847054371382,1,187.77205985245587,1,-51.53358930874205,2014-11-13
TRAIN,20,5,dn,1206,-182.66969508094752,4,-73.51627564155898,11,-109.15341943938854,2014-11-25
TRAIN,20,5,dn,1207,975.933466215356,1,-245.54965438698423,2,1221.4831206023403,2014-11-26
TRAIN,20,5,dn,1208,-432.26695076657285,1,585.5384593286077,1,-1017.8054100951806,2014-11-27
TRAIN,20,5,dn,1210,115.78854846697149,1,144.94228974215702,7,-29.153741275185524,2014-12-01
TRAIN,20,5,dn,1212,2.5248564459314644,1,-11.870933960858935,1,14.395790406790399,2014-12-03
TRAIN,20,5,dn,1215,-51.174973577533606,1,382.84159274581776,12,-434.01656632335136,2014-12-08
TRAIN,20,5,dn,1218,150.2394507548452,1,-145.78972066196062,3,296.0291714168058,2014-12-11
TRAIN,20,5,dn,1221,-73.18122170617059,1,-57.598012114058506,26,-15.583209592112084,2014-12-16
TRAIN,20,5,dn,1243,-1067.1000803849038,1,230.7098294404624,3,-1297.8099098253663,2015-01-16
TRAIN,20,5,dn,1244,1224.1090864306625,2,478.14573243203427,2,745.9633539986282,2015-01-19
TRAIN,20,5,dn,1246,151.03198260130748,1,-196.8045052013477,1,347.83648780265514,2015-01-21
TRAIN,20,5,dn,1247,-21.024559767212224,1,109.77873545010826,2,-130.80329521732048,2015-01-22
TRAIN,20,5,dn,1248,-1017.4137915192858,1,398.3833878307048,2,-1415.7971793499905,2015-01-23
TRAIN,20,5,dn,1251,369.0197789172935,2,605.304293601228,4,-236.2845146839345,2015-01-29
TRAIN,20,5,dn,1252,544.2705370230176,1,404.2412797483936,4,140.029257274624,2015-01-30
TRAIN,20,5,dn,1253,289.28299298906336,1,-534.7016290838475,1,823.9846220729108,2015-02-02
TRAIN,20,5,dn,1257,419.6854421397148,2,63.09219684836778,14,356.593245291347,2015-02-06
TRAIN,20,5,dn,1258,225.7243393265671,1,121.59093130609517,14,104.13340802047193,2015-02-09
TRAIN,20,5,dn,1264,-305.45140977228135,1,-197.97214248997028,1,-107.47926728231107,2015-02-18
TRAIN,20,5,dn,1268,-197.18392331044606,2,-451.32713528670934,2,254.14321197626327,2015-02-24
TRAIN,20,5,dn,1270,17.433390504022622,1,-1.3424208218465925,3,18.775811325869213,2015-02-26
TRAIN,20,5,dn,1280,-232.47966872031304,1,106.83349592338851,23,-339.31316464370155,2015-03-13
TRAIN,20,5,dn,1284,-517.678139346009,1,-4.102094681625961,6,-513.576044664383,2015-03-19
TRAIN,20,5,dn,1285,-274.7835406228313,2,-236.87585143339706,9,-37.90768918943425,2015-03-20
TRAIN,20,5,dn,1288,590.795222300396,1,-559.4329910148421,2,1150.228213315238,2015-03-25
TRAIN,20,5,dn,1289,-242.07962911410166,3,250.91800490351852,10,-492.99763401762016,2015-03-26
TRAIN,20,5,dn,1301,569.592830699282,1,210.22299485043473,1,359.3698358488473,2015-04-16
TRAIN,20,5,dn,1302,-425.92176451287327,1,-73.71902860987272,8,-352.20273590300053,2015-04-17
TRAIN,20,5,dn,1303,-251.60037138829784,1,-806.0011844698874,4,554.4008130815896,2015-04-20
TRAIN,20,5,dn,1304,-654.5756623921189,2,158.80439610950606,8,-813.380058501625,2015-04-21
TRAIN,20,5,dn,1305,-618.5426614281121,1,13.634557525652388,1,-632.1772189537645,2015-04-22
TRAIN,20,5,dn,1307,-214.4195861597759,1,-40.45295053199884,9,-173.96663562777707,2015-04-24
TRAIN,20,5,dn,1308,572.711441670688,1,-255.8267767211239,14,828.5382183918119,2015-04-27
TRAIN,20,5,dn,1311,125.45874663290101,4,-526.8001773616261,6,652.2589239945271,2015-04-30
TRAIN,20,5,dn,1314,209.12312883254563,1,62.54136753130267,20,146.58176130124298,2015-05-06
TRAIN,20,5,dn,1328,361.0754511112119,1,-225.18088391146046,1,586.2563350226724,2015-05-26
TRAIN,20,5,dn,1332,2893.8770688594136,3,-71.40618953235497,3,2965.2832583917684,2015-06-01
TRAIN,20,5,dn,1334,664.6934713677527,1,64.4300672672113,6,600.2634041005415,2015-06-03
TRAIN,20,5,dn,1336,-142.68265008359586,1,-23.58659693121455,4,-119.0960531523813,2015-06-05
TRAIN,20,5,dn,1337,-1149.3735315865235,1,-103.72883434927076,10,-1045.6446972372528,2015-06-08
TRAIN,20,5,dn,1338,-189.22321487660017,1,-115.88556445098632,7,-73.33765042561384,2015-06-09
TRAIN,20,5,dn,1343,-231.31123307900765,1,50.62107813608413,1,-281.9323112150918,2015-06-16
TRAIN,20,5,dn,1353,250.34692609227508,1,391.54966681809276,1,-141.20274072581768,2015-06-30
TRAIN,20,5,dn,1367,69.54894636914261,2,65.29062660829035,5,4.25831976085226,2015-07-20
TRAIN,20,5,dn,1368,-277.70722198743704,1,225.82564837232877,4,-503.5328703597658,2015-07-21
TRAIN,20,5,dn,1369,-340.3299723636497,1,-97.48110753856821,2,-242.84886482508148,2015-07-22
TRAIN,20,5,dn,1371,969.8297685257464,1,54.162431047448884,7,915.6673374782976,2015-07-24
TRAIN,20,5,dn,1372,848.9713232654715,1,-138.4135776461216,16,987.3849009115931,2015-07-27
TRAIN,20,5,dn,1373,-562.1845177340215,1,288.54670961849536,8,-850.7312273525168,2015-07-28
TRAIN,20,5,dn,1381,-282.967216971438,1,43.98308451618493,2,-326.95030148762294,2015-08-07
TRAIN,20,5,dn,1383,-285.0073863780243,2,113.25218450881961,7,-398.2595708868439,2015-08-11
TRAIN,20,5,dn,1385,174.3559633685972,2,-30.27631850626834,8,204.63228187486555,2015-08-13
TRAIN,20,5,dn,1387,-225.55085423723114,1,194.93870194223743,2,-420.48955617946854,2015-08-17
TRAIN,20,5,dn,1392,141.96296807826675,10,-9.312398644471807,19,151.27536672273857,2015-08-24
TRAIN,20,5,dn,1393,-65.9542586754654,1,-356.08018286067033,2,290.12592418520495,2015-08-25
TRAIN,20,5,dn,1401,379.6481062744664,1,238.60005442551247,3,141.04805184895392,2015-09-04
TRAIN,20,5,dn,1402,709.6498186383463,1,159.36210592588884,8,550.2877127124575,2015-09-07
TRAIN,20,5,dn,1418,171.73307003169225,1,575.2323063137212,1,-403.49923628202896,2015-10-01
TRAIN,20,5,dn,1424,156.94702295460232,1,-40.86552098156989,2,197.8125439361722,2015-10-12
TRAIN,20,5,dn,1426,981.3924886186894,1,-221.74092866021837,1,1203.1334172789077,2015-10-14
TRAIN,20,5,dn,1431,367.3700339293142,2,146.78333270716846,2,220.58670122214576,2015-10-21
TRAIN,20,5,dn,1433,634.6822351893508,1,22.497945108267135,6,612.1842900810836,2015-10-26
TRAIN,20,5,dn,1434,273.6441006468629,3,306.90784947925124,2,-33.26374883238833,2015-10-27
TRAIN,20,5,dn,1435,95.41473185272622,1,-241.0175989463645,4,336.4323307990907,2015-10-28
TRAIN,20,5,dn,1436,-118.84206763719979,7,-166.67516956765587,4,47.83310193045608,2015-10-29
TRAIN,20,5,dn,1437,50.99587557112175,6,-147.80789409946277,11,198.80376967058453,2015-10-30
TRAIN,20,5,dn,1438,648.1090031020195,1,329.9969330027423,7,318.1120700992772,2015-11-02
TRAIN,20,5,dn,1442,700.6598792758372,3,-262.95332659363476,11,963.6132058694719,2015-11-06
TRAIN,20,5,dn,1443,204.82909153162157,2,-16.171437476986576,3,221.00052900860814,2015-11-09
TRAIN,20,5,dn,1444,-6.589975478264876,2,-156.30633358587116,8,149.71635810760628,2015-11-10
TRAIN,20,5,dn,1445,107.08178603288646,3,-132.26573561303715,2,239.34752164592362,2015-11-13
TRAIN,20,5,dn,1446,-530.4959167945532,1,20.338770015350292,2,-550.8346868099035,2015-11-16
TRAIN,20,5,dn,1447,792.2285953672947,1,-266.84458483301034,1,1059.0731802003052,2015-11-17
TRAIN,20,5,dn,1462,183.02371237158866,1,340.58483073500344,12,-157.56111836341478,2015-12-09
TRAIN,20,5,dn,1464,21.17729443475956,1,-269.6935812030985,4,290.8708756378581,2015-12-11
TRAIN,20,5,dn,1465,71.00090639015754,1,-19.585218142248245,2,90.58612453240579,2015-12-14
TRAIN,20,5,dn,1482,258.628195256933,4,60.545107464768144,11,198.08308779216486,2016-01-07
TRAIN,20,5,dn,1483,-542.9554979274477,1,-482.8385252588344,5,-60.1169726686133,2016-01-08
TRAIN,20,5,dn,1485,-265.5172781053237,4,-30.898501919676487,16,-234.61877618564725,2016-01-12
TRAIN,20,5,dn,1486,45.256810491772704,5,72.56893767522702,15,-27.312127183454315,2016-01-13
TRAIN,20,5,dn,1488,13.822917660137028,1,47.36433461346684,29,-33.54141695332981,2016-01-15
TRAIN,20,5,dn,1489,1721.8688567485804,3,34.00711491394544,13,1687.8617418346348,2016-01-18
TRAIN,20,5,dn,1516,1231.983986554435,2,-251.24364743938017,5,1483.227633993815,2016-02-25
TRAIN,20,5,dn,1518,-116.33401951322412,2,482.93652153997544,1,-599.2705410531996,2016-02-29
TRAIN,20,5,dn,1530,-242.6931366791243,1,-57.90179156181432,3,-184.79134511731,2016-03-17
TRAIN,20,5,dn,1536,121.83743318402087,1,-239.19785601755137,2,361.03528920157225,2016-03-29
TRAIN,20,5,dn,1540,332.52990088065155,1,639.0525157053283,2,-306.5226148246768,2016-04-04
TRAIN,20,5,dn,1542,-3.0809380805838864,3,200.96019341642236,3,-204.04113149700623,2016-04-06
TRAIN,20,5,dn,1544,-194.64440303349346,2,-137.0406349044163,3,-57.60376812907717,2016-04-08
TRAIN,20,5,dn,1545,-302.950587434277,1,-369.4751513707656,2,66.52456393648862,2016-04-11
TRAIN,20,5,dn,1552,321.9351384764714,1,392.3308667236367,3,-70.39572824716527,2016-04-25
TRAIN,20,5,dn,1555,88.75208292229507,1,-79.14634042914739,1,167.89842335144246,2016-04-28
TRAIN,20,5,dn,1556,120.59376493606402,1,-226.92657321999772,6,347.5203381560617,2016-04-29
TRAIN,20,5,dn,1558,-359.53768510226234,2,206.6429585742098,9,-566.1806436764722,2016-05-03
TRAIN,20,5,dn,1559,283.7151748943009,1,61.87995595364669,11,221.83521894065422,2016-05-04
TRAIN,20,5,dn,1561,-120.90737306242079,1,-167.78585551506845,3,46.87848245264766,2016-05-06
TRAIN,20,5,dn,1564,-632.4808954509103,1,-58.31406016085207,7,-574.1668352900583,2016-05-11
TRAIN,20,5,dn,1566,285.5173390261807,2,-14.188671455737516,4,299.7060104819182,2016-05-13
TRAIN,20,5,dn,1567,532.4997864042087,1,-171.90767923039684,3,704.4074656346056,2016-05-16
TRAIN,20,5,dn,1571,180.09040812333257,2,-73.57079303048327,11,253.66120115381585,2016-05-20
TRAIN,20,5,dn,1572,642.2119553787917,2,-269.62222266656494,6,911.8341780453566,2016-05-23
TRAIN,20,5,dn,1573,65.25432793272606,1,-198.61459866554603,10,263.8689265982721,2016-05-24
TRAIN,20,5,dn,1581,750.6773078617106,1,320.6151475093176,2,430.062160352393,2016-06-03
TRAIN,20,5,dn,1591,-550.3634435356574,1,-43.56373942388191,2,-506.79970411177555,2016-06-17
TRAIN,20,5,dn,1596,38.783246073939445,10,-125.82978324440607,15,164.61302931834553,2016-06-24
TRAIN,20,5,dn,1597,269.2671268830856,2,219.1708563462421,4,50.09627053684352,2016-06-27
TRAIN,20,5,dn,1609,-76.64356973619833,1,120.32596342865855,2,-196.9695331648569,2016-07-14
TRAIN,20,5,dn,1611,-506.0687526180328,1,293.70435069910616,2,-799.773103317139,2016-07-18
TRAIN,20,5,dn,1613,-87.36148896295236,1,80.03575780413463,1,-167.39724676708698,2016-07-20
TRAIN,20,5,dn,1617,-258.857585528201,1,281.62752700488574,1,-540.4851125330867,2016-07-26
TRAIN,20,5,dn,1618,7.523264066983081,1,-511.64113096400126,2,519.1643950309843,2016-07-27
TRAIN,20,5,dn,1621,2.6770211943077675,1,-170.26052466001835,4,172.93754585432612,2016-08-01
TRAIN,20,5,dn,1622,164.49272988675673,1,21.734177266475598,9,142.75855262028114,2016-08-02
TRAIN,20,5,dn,1625,-29.731415871799577,1,194.06749305908158,2,-223.79890893088117,2016-08-05
TRAIN,20,5,dn,1626,510.9275145408821,3,-315.1313699541884,1,826.0588844950705,2016-08-08
TRAIN,20,5,dn,1627,300.7245025967053,2,1214.194493096325,2,-913.4699904996197,2016-08-09
TRAIN,20,5,dn,1628,207.11972335455008,1,112.54036374567805,9,94.57935960887202,2016-08-10
TRAIN,20,5,dn,1629,-251.65471939614457,2,-103.55644105787026,7,-148.09827833827433,2016-08-11
TRAIN,20,5,dn,1636,-106.43484038446559,1,40.17955162628985,1,-146.61439201075544,2016-08-23
TRAIN,20,5,dn,1643,-214.74707424188728,1,966.8891204742497,1,-1181.636194716137,2016-09-01
TRAIN,20,5,dn,1649,75.01141459014774,5,-39.42937733466552,13,114.44079192481325,2016-09-12
TRAIN,20,5,dn,1651,119.87056472902457,1,-35.26227447210074,2,155.1328392011253,2016-09-15
TRAIN,20,5,dn,1652,-102.38365134165325,2,49.00029859595582,3,-151.38394993760906,2016-09-16
TRAIN,20,5,dn,1657,118.02034760511744,1,247.44347485890952,2,-129.42312725379207,2016-09-23
TRAIN,20,5,dn,1661,26.22723584858138,20,14.02458261890312,27,12.20265322967826,2016-09-29
TRAIN,20,5,dn,1669,40.91391294948909,2,12.801597555432716,6,28.112315394056374,2016-10-13
TRAIN,20,5,dn,1671,-7.118158521685035,1,-187.62122162991733,5,180.50306310823228,2016-10-17
TRAIN,20,5,dn,1675,-36.92372507358834,2,-133.6806442842884,3,96.75691921070006,2016-10-21
TRAIN,20,5,dn,1678,-213.3644035066989,1,-201.07317163062032,5,-12.29123187607857,2016-10-26
TRAIN,20,5,dn,1679,55.85162404162452,2,-675.9467051861062,6,731.7983292277307,2016-10-27
TRAIN,20,5,dn,1682,744.2894933065178,1,161.68718479343408,25,582.6023085130837,2016-11-02
TRAIN,20,5,dn,1683,-429.8226816810496,1,-24.385998347229503,19,-405.43668333382004,2016-11-03
TRAIN,20,5,dn,1684,-32.736198314350304,4,-24.35210054616063,13,-8.384097768189672,2016-11-04
TRAIN,20,5,dn,1687,294.64404921950006,6,373.7941425292737,5,-79.15009330977364,2016-11-09
TRAIN,20,5,dn,1689,1148.8309929229508,2,-294.87492851217417,2,1443.705921435125,2016-11-11
TRAIN,20,5,dn,1690,14.5980942341474,2,159.47074145836126,8,-144.87264722421386,2016-11-15
TRAIN,20,5,dn,1712,253.96388042269777,1,-111.07263376362044,2,365.0365141863182,2016-12-15
TRAIN,20,5,dn,1716,-284.3884241874654,2,-39.30968488089461,5,-245.07873930657075,2016-12-21
TRAIN,20,5,dn,1718,440.8605266278811,1,-34.24900512733435,11,475.1095317552154,2016-12-23
TRAIN,20,5,dn,1719,-424.608547429564,3,-94.5233850395347,31,-330.08516239002927,2016-12-26
TRAIN,20,5,dn,1743,1189.9417470395883,1,-581.5723706283744,1,1771.5141176679626,2017-01-30
TRAIN,20,5,dn,1744,105.88949680829393,3,-168.22347736335652,6,274.1129741716504,2017-01-31
TRAIN,20,5,dn,1746,11.656453903217887,1,-222.20294351428618,1,233.85939741750406,2017-02-02
TRAIN,20,5,dn,1749,234.78933176708227,1,-132.69191976717065,1,367.4812515342529,2017-02-07
TRAIN,20,5,dn,1753,73.22254517914185,3,170.25219671796216,3,-97.02965153882032,2017-02-13
TRAIN,20,5,dn,1754,-93.88858508325,1,115.55728331631647,2,-209.44586839956648,2017-02-14
TRAIN,20,5,dn,1760,-352.64910982023076,2,151.71044392297992,3,-504.35955374321065,2017-02-22
TRAIN,20,5,dn,1761,65.03594039215739,1,429.09038402659354,1,-364.05444363443615,2017-02-23
TRAIN,20,5,dn,1762,221.70609720066423,1,97.21074604368629,3,124.49535115697795,2017-02-27
TRAIN,20,5,dn,1763,140.9850716492567,1,-191.0205431083889,3,332.0056147576456,2017-02-28
TRAIN,20,5,dn,1764,1.52131458131647,1,91.31225272605019,2,-89.79093814473372,2017-03-01
TRAIN,20,5,dn,1765,-486.25550153427787,1,-21.796623811000842,8,-464.45887772327706,2017-03-02
TRAIN,20,5,dn,1766,67.47813500492028,1,57.74787625919368,7,9.730258745726594,2017-03-03
TRAIN,20,5,dn,1771,265.78011189589256,1,12.580622956265008,9,253.19948893962754,2017-03-10
TRAIN,20,5,dn,1772,306.24752383319947,1,575.4594118978072,1,-269.2118880646077,2017-03-14
TRAIN,20,5,dn,1777,-91.47489498671325,1,-90.62574083230346,2,-0.8491541544097885,2017-03-21
TRAIN,20,5,dn,1790,216.99101673099824,1,134.07789287754738,2,82.91312385345086,2017-04-10
TRAIN,20,5,dn,1791,836.3832365042082,1,10.981800770293034,2,825.4014357339152,2017-04-11
TRAIN,20,5,dn,1794,-236.10886076271612,1,164.6610117313257,5,-400.7698724940418,2017-04-17
TRAIN,20,5,dn,1802,339.0237501443425,1,197.05195210875567,3,141.97179803558683,2017-04-27
TRAIN,20,5,dn,1805,-1042.7157974924726,1,-179.03050463793684,5,-863.6852928545358,2017-05-03
TRAIN,20,5,dn,1812,242.32794212048285,1,-68.22267384905254,2,310.5506159695354,2017-05-12
TRAIN,20,5,dn,1813,-701.5511579974317,1,-135.07825982580042,3,-566.4728981716313,2017-05-15
TRAIN,20,5,dn,1816,-854.901727394774,1,-175.37651436265256,9,-679.5252130321214,2017-05-18
TRAIN,20,5,dn,1817,280.6717661621765,2,-204.09896418244367,13,484.7707303446201,2017-05-19
TRAIN,20,5,dn,1818,-394.3194027557691,1,-132.7433523845631,14,-261.57605037120595,2017-05-22
TRAIN,20,5,dn,1819,1159.8170741509164,6,-54.92446919668059,16,1214.741543347597,2017-05-23
TRAIN,20,5,dn,1820,308.3260028193978,2,18.745001396368913,13,289.58100142302885,2017-05-24
TRAIN,20,5,dn,1842,145.1503764042434,2,106.91628862011234,16,38.23408778413105,2017-06-23
TRAIN,20,5,dn,1843,397.87277723740135,1,-3.3928277749640534,14,401.2656050123654,2017-06-27
TRAIN,20,5,dn,1845,164.17971142765856,1,-54.49010003501207,1,218.66981146267062,2017-06-29
TRAIN,20,5,dn,1847,42.986741411569085,2,511.15943920886957,2,-468.1726977973005,2017-07-03
TRAIN,20,5,dn,1864,90.33929166581959,3,-185.18673262966715,2,275.52602429548676,2017-07-27
TRAIN,20,5,dn,1866,512.0045305246288,1,215.4777234840764,1,296.5268070405524,2017-07-31
TRAIN,20,5,dn,1868,-295.9818722765134,2,155.8845530844936,7,-451.86642536100703,2017-08-02
TRAIN,20,5,dn,1869,-76.82542740442464,2,363.9440360960987,12,-440.7694635005234,2017-08-03
TRAIN,20,5,dn,1870,90.7051104411014,3,-62.40806170994599,3,153.1131721510474,2017-08-04
TRAIN,20,5,dn,1873,241.05540382909493,4,-102.07506134750979,21,343.13046517660473,2017-08-09
TRAIN,20,5,dn,1874,-176.50205993392566,7,-41.59102839437385,13,-134.9110315395518,2017-08-10
TRAIN,20,5,dn,1875,-22.452741077966593,4,52.218017030645264,8,-74.67075810861186,2017-08-11
TRAIN,20,5,dn,1896,263.7117347680429,2,-294.519641097457,2,558.2313758654999,2017-09-13
TRAIN,20,5,dn,1901,-209.93911863713063,1,-229.81113289631136,4,19.87201425918073,2017-09-20
TRAIN,20,5,dn,1903,-60.33081792269138,2,99.6198578686003,29,-159.9506757912917,2017-09-22
TRAIN,20,5,dn,1904,-536.6542852515626,2,104.68959667768611,21,-641.3438819292487,2017-09-25
TRAIN,20,5,dn,1905,356.7914148960762,1,44.652261614969895,6,312.1391532811063,2017-09-26
TRAIN,20,5,dn,1906,377.04214316563457,1,-34.300807220312684,25,411.34295038594723,2017-09-27
TRAIN,20,5,dn,1907,-24.185807475899033,2,-139.34046163338306,6,115.15465415748403,2017-09-28
TRAIN,20,5,dn,1908,-169.6052865926034,1,-248.5708032971756,1,78.9655167045722,2017-09-29
TRAIN,20,5,dn,1920,-314.2557194775205,1,-2637.5491208042804,1,2323.29340132676,2017-10-18
TRAIN,20,5,dn,1923,-149.37423894673293,1,-96.73476020262535,2,-52.63947874410758,2017-10-25
TRAIN,20,5,dn,1927,-132.74967031807742,1,68.43870551032313,1,-201.18837582840055,2017-10-31
TRAIN,20,5,dn,1929,301.1364903409247,1,115.45252210258485,2,185.68396823833984,2017-11-02
TRAIN,20,5,dn,1932,181.97271995019398,2,176.90161324585657,10,5.07110670433741,2017-11-07
TRAIN,20,5,dn,1933,-192.69540766485804,1,57.72425771932386,10,-250.41966538418188,2017-11-08
TRAIN,20,5,dn,1934,218.5000703936905,2,-583.3839229873902,2,801.8839933810807,2017-11-09
TRAIN,20,5,dn,1936,475.7839944629533,2,48.503754472221196,11,427.28023999073207,2017-11-13
TRAIN,20,5,dn,1937,451.57988795767164,1,113.99864953561551,2,337.5812384220561,2017-11-14
TRAIN,20,5,dn,1938,-98.84490506678313,2,-27.966548554950865,11,-70.87835651183227,2017-11-15
TRAIN,20,5,dn,1939,-564.2803580750552,1,-81.97382931498719,1,-482.30652876006803,2017-11-16
TRAIN,20,5,dn,1945,2.867747225124458,1,-123.5592172905679,1,126.42696451569236,2017-11-24
TRAIN,20,5,dn,1949,-12.451558820262381,1,-28.523784958197734,2,16.072226137935353,2017-11-30
TRAIN,20,20,up,519,-939.1946823213495,2,-16.336599510878386,3,-922.8580828104712,2012-02-03
TRAIN,20,20,up,523,-558.4841604819993,1,-860.7070066610449,1,302.22284617904563,2012-02-09
TRAIN,20,20,up,550,525.9129589855038,3,-488.1887277580728,5,1014.1016867435766,2012-03-21
TRAIN,20,20,up,556,1272.4847249378981,1,961.6966444245205,1,310.7880805133776,2012-03-29
TRAIN,20,20,up,557,268.77909691724716,1,177.9462168411933,7,90.83288007605387,2012-03-30
TRAIN,20,20,up,558,-813.868835074569,1,-43.87183856601412,5,-769.9969965085548,2012-04-02
TRAIN,20,20,up,559,409.03845287530214,1,212.95777679239228,5,196.08067608290986,2012-04-03
TRAIN,20,20,up,560,6.20688883379821,2,-955.7390248666289,1,961.9459137004271,2012-04-04
TRAIN,20,20,up,566,-600.0176958223092,1,-802.2515903539268,2,202.23389453161758,2012-04-16
TRAIN,20,20,up,567,-72.9594948067828,3,-437.9554032857918,2,364.995908479009,2012-04-17
TRAIN,20,20,up,568,83.96165956150307,4,366.0445945569499,2,-282.08293499544686,2012-04-18
TRAIN,20,20,up,569,120.03285856351798,2,-29.665171177369576,5,149.69802974088756,2012-04-19
TRAIN,20,20,up,574,997.7027031166891,1,571.8041013057268,1,425.8986018109623,2012-04-26
TRAIN,20,20,up,582,599.4311662768564,1,-383.1023490719504,1,982.5335153488068,2012-05-09
TRAIN,20,20,up,593,-864.9225930447113,4,59.01101679130931,1,-923.9336098360207,2012-05-24
TRAIN,20,20,up,594,-1371.5872104085802,1,-505.32205511030884,2,-866.2651552982713,2012-05-25
TRAIN,20,20,up,597,55.22006564810292,1,524.4908415171014,2,-469.2707758689985,2012-05-30
TRAIN,20,20,up,598,24.739439422955947,2,-72.66452424047901,1,97.40396366343495,2012-05-31
TRAIN,20,20,up,601,-975.1038156664602,1,-4.226620762466666,4,-970.8771949039935,2012-06-05
TRAIN,20,20,up,602,128.24988305556298,8,-131.77380276700998,20,260.02368582257293,2012-06-06
TRAIN,20,20,up,603,468.15666202641825,3,287.0694107854867,15,181.08725124093155,2012-06-07
TRAIN,20,20,up,604,105.1534450191333,3,-235.47186996549036,14,340.6253149846236,2012-06-08
TRAIN,20,20,up,605,510.12776420563955,4,-390.41245133962383,6,900.5402155452634,2012-06-11
TRAIN,20,20,up,607,-771.9547019526821,6,327.4259497004539,1,-1099.3806516531358,2012-06-13
TRAIN,20,20,up,608,-1144.707692550182,2,48.22921342450548,1,-1192.9369059746875,2012-06-14
TRAIN,20,20,up,609,-1156.2756414549144,2,-324.1667977930391,5,-832.1088436618753,2012-06-15
TRAIN,20,20,up,612,444.4866286491248,4,-49.77681971809981,3,494.2634483672246,2012-06-20
TRAIN,20,20,up,613,631.563568202462,1,1533.145687173598,1,-901.582118971136,2012-06-21
TRAIN,20,20,up,614,1176.605998199093,1,604.9169336818699,3,571.6890645172231,2012-06-22
TRAIN,20,20,up,619,55.17801886188496,6,244.46724488035244,10,-189.28922601846747,2012-06-29
TRAIN,20,20,up,620,-1122.7709267426865,2,308.0298512270426,6,-1430.800777969729,2012-07-02
TRAIN,20,20,up,621,-101.18126868244335,2,404.3439214415398,7,-505.5251901239832,2012-07-03
TRAIN,20,20,up,622,-118.07118323270576,2,974.8573647023062,1,-1092.928547935012,2012-07-04
TRAIN,20,20,up,628,47.15350913813691,1,34.33659776034041,1,12.816911377796501,2012-07-12
TRAIN,20,20,up,642,1795.275374670382,1,259.58497249833067,2,1535.6904021720513,2012-08-01
TRAIN,20,20,up,644,849.0869965720971,3,305.4426812099596,2,543.6443153621375,2012-08-03
TRAIN,20,20,up,645,338.36147099603295,2,431.3321783416123,2,-92.97070734557934,2012-08-06
TRAIN,20,20,up,646,-765.0140454310922,1,36.586855389512266,3,-801.6009008206045,2012-08-07
TRAIN,20,20,up,647,-103.14163885217336,3,-119.345684098177,3,16.204045246003645,2012-08-08
TRAIN,20,20,up,648,291.4689183341471,3,19.935902954366227,2,271.53301537978086,2012-08-09
TRAIN,20,20,up,649,33.16528121109485,2,262.71133664813846,3,-229.5460554370436,2012-08-10
TRAIN,20,20,up,651,963.5779266379005,1,-164.7355133183772,1,1128.3134399562778,2012-08-14
TRAIN,20,20,up,652,-281.53680484998347,1,192.13933500306328,3,-473.6761398530467,2012-08-16
TRAIN,20,20,up,653,373.7975743387622,3,29.718317037666157,1,344.07925730109605,2012-08-17
TRAIN,20,20,up,654,-796.3935276670609,1,-139.6747031756648,3,-656.718824491396,2012-08-21
TRAIN,20,20,up,656,-354.23687698125667,2,-409.5322552645532,2,55.29537828329654,2012-08-23
TRAIN,20,20,up,659,-1350.7332846357706,1,1330.3451635906922,1,-2681.0784482264626,2012-08-28
TRAIN,20,20,up,663,736.9442657055869,1,837.4650990389221,1,-100.52083333333519,2012-09-03
TRAIN,20,20,up,664,-661.0768574142855,1,-827.2206322547783,2,166.1437748404927,2012-09-04
TRAIN,20,20,up,666,-293.8578518769684,1,-560.2994761080281,1,266.4416242310597,2012-09-06
TRAIN,20,20,up,668,-1166.9861621379832,2,-1130.6186193434264,1,-36.36754279455681,2012-09-10
TRAIN,20,20,up,669,273.9569760368726,1,59.749201982690124,2,214.2077740541825,2012-09-11
TRAIN,20,20,up,672,-608.330125548614,5,-379.56803592919977,5,-228.7620896194142,2012-09-14
TRAIN,20,20,up,673,304.2132122659668,28,40.88346108517203,7,263.32975118079474,2012-09-17
TRAIN,20,20,up,674,71.35149689528377,12,28.68936358161318,7,42.662133313670594,2012-09-18
TRAIN,20,20,up,675,-591.8484635934013,1,-218.59518268378017,1,-373.25328090962114,2012-09-20
TRAIN,20,20,up,676,13.045205784023024,8,785.1955859408504,2,-772.1503801568274,2012-09-21
TRAIN,20,20,up,677,159.92837878030596,6,-360.3819018121967,3,520.3102805925026,2012-09-24
TRAIN,20,20,up,678,699.1764630479455,1,-657.5172850301939,1,1356.6937480781394,2012-09-25
TRAIN,20,20,up,679,-494.3261041040722,2,-47.82451349320503,1,-446.5015906108672,2012-09-26
TRAIN,20,20,up,685,1059.4368797056516,1,195.86067110910355,1,863.576208596548,2012-10-05
TRAIN,20,20,up,690,-678.8861910055815,1,1074.053057415968,2,-1752.9392484215496,2012-10-12
TRAIN,20,20,up,702,-421.05693335418636,1,302.80078898916656,2,-723.8577223433529,2012-10-31
TRAIN,20,20,up,704,-1455.862496556578,1,98.87133032194372,5,-1554.7338268785218,2012-11-02
TRAIN,20,20,up,706,588.2560647730326,2,-273.3997044163353,3,861.6557691893679,2012-11-06
TRAIN,20,20,up,707,659.0032632686149,2,25.208398038747134,4,633.7948652298678,2012-11-07
TRAIN,20,20,up,708,-372.3668530248207,3,-421.9901016611202,2,49.62324863629948,2012-11-08
TRAIN,20,20,up,710,1136.1658294842605,1,68.07971280250806,2,1068.0861166817524,2012-11-12
TRAIN,20,20,up,711,1672.5314610896864,4,1203.107765363799,1,469.42369572588746,2012-11-15
TRAIN,20,20,up,717,-1111.2676200814249,1,-185.33439871391943,1,-925.9332213675054,2012-11-23
TRAIN,20,20,up,718,-1184.3495613821344,1,-788.4715195799558,4,-395.8780418021786,2012-11-26
TRAIN,20,20,up,719,-922.1476324694764,3,-168.64950598844078,6,-753.4981264810357,2012-11-27
TRAIN,20,20,up,720,709.7153212598,11,-85.07950727188377,4,794.7948285316838,2012-11-29
TRAIN,20,20,up,721,297.78323767041303,7,406.5654198516075,8,-108.78218218119446,2012-11-30
TRAIN,20,20,up,722,-117.41687642314359,8,785.1335864215098,3,-902.5504628446533,2012-12-03
TRAIN,20,20,up,723,12.114351289279,2,-359.33930404846865,5,371.45365533774765,2012-12-04
TRAIN,20,20,up,724,-469.7974633458821,4,404.7919515735766,6,-874.5894149194587,2012-12-05
TRAIN,20,20,up,725,-503.7404054936426,2,103.95104456211803,5,-607.6914500557606,2012-12-06
TRAIN,20,20,up,726,-426.17186410168955,1,-503.462726286166,2,77.29086218447645,2012-12-07
TRAIN,20,20,up,730,188.1054107587181,2,-49.70528638449059,2,237.8106971432087,2012-12-13
TRAIN,20,20,up,731,153.00236611683073,1,-181.95115983087913,1,334.95352594770986,2012-12-14
TRAIN,20,20,up,733,-136.7164473286903,1,17.927775199959626,2,-154.64422252864992,2012-12-18
TRAIN,20,20,up,734,-214.11602126466215,2,-620.9339787184405,1,406.8179574537783,2012-12-19
TRAIN,20,20,up,743,-214.22771746805577,1,-370.77078875649596,2,156.5430712884402,2013-01-02
TRAIN,20,20,up,744,-60.01625194561743,4,-403.070795633086,1,343.0545436874686,2013-01-03
TRAIN,20,20,up,745,398.3100167445408,2,876.7863362543427,3,-478.4763195098019,2013-01-04
TRAIN,20,20,up,746,-638.0369858227665,4,-347.91173423363284,1,-290.12525158913365,2013-01-07
TRAIN,20,20,up,748,223.35591433571318,5,-3253.1648483496942,1,3476.5207626854076,2013-01-09
TRAIN,20,20,up,755,124.32873338498894,2,70.64517220215991,1,53.683561182829024,2013-01-18
TRAIN,20,20,up,756,422.3622079617363,1,-447.6669439487889,3,870.0291519105252,2013-01-21
TRAIN,20,20,up,760,-765.5803928323576,1,660.9417647910079,1,-1426.5221576233655,2013-01-25
TRAIN,20,20,up,772,-3764.9417451310514,1,1182.6087058477922,1,-4947.550450978843,2013-02-12
TRAIN,20,20,up,778,1785.9122389351642,1,973.4507461301714,2,812.4614928049928,2013-02-20
TRAIN,20,20,up,780,378.9333807098623,1,1534.7134568309589,1,-1155.7800761210965,2013-02-22
TRAIN,20,20,up,784,-74.2606455271861,1,787.4719317574469,1,-861.732577284633,2013-02-28
TRAIN,20,20,up,789,-878.1327777694336,2,554.4084502299207,2,-1432.5412279993543,2013-03-07
TRAIN,20,20,up,790,-1054.349336730003,2,245.78020875915985,8,-1300.1295454891629,2013-03-08
TRAIN,20,20,up,791,-245.75126226975829,1,-28.602768391695736,5,-217.14849387806254,2013-03-11
TRAIN,20,20,up,792,189.69533105585606,1,470.8985340459673,1,-281.20320299011127,2013-03-12
TRAIN,20,20,up,794,-425.02408370118115,3,-293.3290436398497,3,-131.69504006133144,2013-03-14
TRAIN,20,20,up,795,161.54233373494412,2,645.6951511098978,1,-484.15281737495366,2013-03-15
TRAIN,20,20,up,805,-331.63977943675263,3,302.1285716141358,3,-633.7683510508884,2013-04-02
TRAIN,20,20,up,814,-574.6775570042487,2,874.2364619860863,2,-1448.914018990335,2013-04-15
TRAIN,20,20,up,815,-351.4708072489126,2,17.762583869027836,11,-369.2333911179404,2013-04-16
TRAIN,20,20,up,816,-246.9540442393853,5,85.7712690696515,6,-332.7253133090368,2013-04-17
TRAIN,20,20,up,817,517.5054950831128,3,36.87285604720478,27,480.632639035908,2013-04-18
TRAIN,20,20,up,818,273.6259739107515,5,-108.22920056043411,19,381.8551744711856,2013-04-22
TRAIN,20,20,up,819,-492.9370214456557,2,-667.3576354473681,2,174.4206140017124,2013-04-23
TRAIN,20,20,up,820,389.39137395325776,6,-48.86427068786901,6,438.25564464112676,2013-04-25
TRAIN,20,20,up,822,-441.30631594568206,2,-658.9222801100054,2,217.61596416432337,2013-04-29
TRAIN,20,20,up,823,-22.45783399273314,5,411.47462341587504,4,-433.9324574086082,2013-04-30
TRAIN,20,20,up,824,134.04517946435104,3,225.56694849811294,2,-91.5217690337619,2013-05-02
TRAIN,20,20,up,825,-1186.6688011688234,1,1534.5591064647888,2,-2721.227907633612,2013-05-03
TRAIN,20,20,up,826,1708.3565373840825,1,-230.5937213515686,5,1938.950258735651,2013-05-06
TRAIN,20,20,up,827,109.72833230179005,3,93.59635072982897,5,16.131981571961077,2013-05-07
TRAIN,20,20,up,828,-1147.0597899039356,4,492.81211138517335,1,-1639.8719012891088,2013-05-08
TRAIN,20,20,up,833,-327.0505416493053,1,-125.35120963726665,1,-201.6993320120386,2013-05-15
TRAIN,20,20,up,848,498.8272214521847,1,-671.2933132740698,1,1170.1205347262544,2013-06-05
TRAIN,20,20,up,856,749.8682437444385,1,595.150578726308,2,154.71766501813045,2013-06-17
TRAIN,20,20,up,858,-310.65497197403016,1,-307.7119063097791,4,-2.943065664251037,2013-06-19
TRAIN,20,20,up,864,968.1736984407105,1,625.1670676544683,1,343.0066307862422,2013-06-27
TRAIN,20,20,up,865,-157.74721912342162,3,509.23447100852326,4,-666.9816901319449,2013-06-28
TRAIN,20,20,up,866,-1035.724635028012,1,537.7429036158424,10,-1573.4675386438544,2013-07-01
TRAIN,20,20,up,867,55.312203481483884,1,846.3910711474085,3,-791.0788676659247,2013-07-02
TRAIN,20,20,up,869,829.9221954552008,2,1344.2424215309557,4,-514.3202260757548,2013-07-04
TRAIN,20,20,up,871,421.12654277534926,1,-644.763846644451,2,1065.8903894198002,2013-07-08
TRAIN,20,20,up,872,384.97882085792247,1,157.8939365501705,9,227.08488430775196,2013-07-09
TRAIN,20,20,up,873,-4086.528649474307,1,3087.462314831709,1,-7173.990964306016,2013-07-10
TRAIN,20,20,up,874,-146.71332386553797,1,545.0999430924848,10,-691.8132669580227,2013-07-11
TRAIN,20,20,up,875,155.52703462904356,1,407.4230534136437,9,-251.89601878460013,2013-07-12
TRAIN,20,20,up,876,-944.0747840368887,1,-173.80605664645103,6,-770.2687273904377,2013-07-15
TRAIN,20,20,up,879,-695.3330480753895,2,1107.9644169472397,2,-1803.2974650226292,2013-07-18
TRAIN,20,20,up,880,1092.1654875575814,1,743.1966109683996,1,348.96887658918183,2013-07-19
TRAIN,20,20,up,894,1097.5405717664905,2,-924.1920241571627,1,2021.7325959236532,2013-08-08
TRAIN,20,20,up,896,-1303.036507710089,1,-573.8819685555493,1,-729.1545391545396,2013-08-13
TRAIN,20,20,up,897,134.81616340983223,1,-789.6296040161799,1,924.4457674260121,2013-08-14
TRAIN,20,20,up,900,454.1241171733988,3,-1658.4612804388505,1,2112.5853976122494,2013-08-20
TRAIN,20,20,up,902,-323.5094935137597,2,63.925828662648456,1,-387.43532217640814,2013-08-22
TRAIN,20,20,up,909,-200.20815092067542,3,-938.140639021986,5,737.9324881013106,2013-09-02
TRAIN,20,20,up,911,-1096.2855748288298,1,-176.3024902983629,2,-919.9830845304668,2013-09-04
TRAIN,20,20,up,912,-714.0436485987855,2,-465.049241135414,12,-248.9944074633715,2013-09-05
TRAIN,20,20,up,913,-810.6046795810679,6,-100.24913061899615,9,-710.3555489620718,2013-09-06
TRAIN,20,20,up,914,25.51109901077611,1,-179.52465072299083,12,205.03574973376695,2013-09-10
TRAIN,20,20,up,915,-105.27893638800764,13,219.9209980802905,11,-325.1999344682981,2013-09-11
TRAIN,20,20,up,916,186.32500104749212,1,-492.58302840314457,2,678.9080294506367,2013-09-12
TRAIN,20,20,up,917,-180.1201772189388,3,-138.0502557063951,4,-42.069921512543715,2013-09-13
TRAIN,20,20,up,920,974.9337551715812,1,-51.240320314302586,5,1026.1740754858838,2013-09-18
TRAIN,20,20,up,921,-34.69192450841651,6,-219.75694372153583,14,185.0650192131193,2013-09-19
TRAIN,20,20,up,924,-912.2731804454834,2,432.43192369075297,1,-1344.7051041362363,2013-09-24
TRAIN,20,20,up,927,-364.39775078935,1,143.433471807414,1,-507.83122259676406,2013-09-27
TRAIN,20,20,up,929,54.949267933364624,2,-1210.812796947494,1,1265.7620648808586,2013-10-01
TRAIN,20,20,up,930,-229.6744212989095,2,-1078.2097018805555,1,848.535280581646,2013-10-03
TRAIN,20,20,up,931,-1574.3129557860489,1,-1066.008835223135,4,-508.3041205629138,2013-10-04
TRAIN,20,20,up,933,-822.6414394793289,1,3111.9569131854796,1,-3934.5983526648088,2013-10-08
TRAIN,20,20,up,935,-644.3953422114126,1,1284.9420191515014,2,-1929.3373613629142,2013-10-10
TRAIN,20,20,up,939,70.32164879606395,1,-908.8175694735884,1,979.1392182696524,2013-10-17
TRAIN,20,20,up,940,-22.03501823485317,2,47.70612528366816,1,-69.74114351852133,2013-10-18
TRAIN,20,20,up,941,-612.7969720133954,2,12.408506734638417,3,-625.2054787480338,2013-10-21
TRAIN,20,20,up,942,-1348.9694294363792,1,-245.89413835857349,4,-1103.0752910778058,2013-10-22
TRAIN,20,20,up,943,-749.7234060996676,3,-105.43349028908324,7,-644.2899158105844,2013-10-23
TRAIN,20,20,up,946,-373.5802816629923,3,-676.93354721294,2,303.35326554994765,2013-10-28
TRAIN,20,20,up,947,-465.7085803003237,2,-239.19350768935078,5,-226.51507261097294,2013-10-29
TRAIN,20,20,up,948,-987.5586594021363,1,-567.2876312531815,3,-420.27102814895477,2013-10-30
TRAIN,20,20,up,949,-96.0790786884943,9,-947.3037322155423,1,851.224653527048,2013-10-31
TRAIN,20,20,up,950,-0.8942720054974794,3,1019.9614750308577,3,-1020.8557470363552,2013-11-01
TRAIN,20,20,up,951,-23.646837575870677,2,-112.2623243802455,2,88.61548680437483,2013-11-05
TRAIN,20,20,up,959,-751.4169979399987,1,-198.57795069303737,1,-552.8390472469614,2013-11-18
TRAIN,20,20,up,968,-1296.2655042935542,1,20.333380247027563,2,-1316.5988845405818,2013-11-29
TRAIN,20,20,up,969,-68.51395208872145,2,-38.828381275926034,5,-29.68557081279542,2013-12-02
TRAIN,20,20,up,972,-765.1766889167503,4,-167.0362182751996,13,-598.1404706415508,2013-12-05
TRAIN,20,20,up,973,-567.0407664954084,2,-754.124912297267,8,187.08414580185854,2013-12-06
TRAIN,20,20,up,974,-453.14367567705057,3,-455.2216752141242,9,2.0779995370736515,2013-12-09
TRAIN,20,20,up,975,44.76510050351408,2,211.0311848675909,2,-166.26608436407682,2013-12-10
TRAIN,20,20,up,976,444.36828876170784,2,-33.22455854240636,3,477.59284730411423,2013-12-11
TRAIN,20,20,up,977,-683.7525851360664,1,717.9546237805797,2,-1401.707208916646,2013-12-12
TRAIN,20,20,up,981,-714.4904441363448,2,308.2380709639771,1,-1022.7285151003218,2013-12-18
TRAIN,20,20,up,982,609.3661081544465,1,-130.22313017458615,3,739.5892383290326,2013-12-19
TRAIN,20,20,up,983,242.13245799294972,6,420.01145104888843,4,-177.8789930559387,2013-12-20
TRAIN,20,20,up,985,1023.2498975277191,5,117.95587492133052,4,905.2940226063886,2013-12-24
TRAIN,20,20,up,986,-3.594749351343438,2,-151.64858249156157,1,148.05383314021813,2013-12-26
TRAIN,20,20,up,987,358.4243622189477,3,451.3680212241517,1,-92.94365900520398,2013-12-27
TRAIN,20,20,up,996,200.24563476057264,1,826.8928748214474,1,-626.6472400608748,2014-01-09
TRAIN,20,20,up,1005,1213.6826206428473,1,13.762811270956325,3,1199.919809371891,2014-01-22
TRAIN,20,20,up,1006,-539.1693717731314,1,-477.0208412428265,1,-62.14853053030487,2014-01-23
TRAIN,20,20,up,1010,620.8612172471979,1,382.79067164526856,1,238.07054560192938,2014-01-29
TRAIN,20,20,up,1013,483.6405043999114,1,-1043.7191480756037,2,1527.359652475515,2014-02-03
TRAIN,20,20,up,1017,-966.3101012921019,4,378.21868440051,4,-1344.528785692612,2014-02-07
TRAIN,20,20,up,1019,-1486.4446438130828,1,1537.0182267988864,1,-3023.4628706119693,2014-02-11
TRAIN,20,20,up,1025,-796.4819077603913,4,-745.7625371413437,1,-50.719370619047595,2014-02-19
TRAIN,20,20,up,1027,418.8499352294789,5,21.383040763475854,4,397.46689446600305,2014-02-21
TRAIN,20,20,up,1028,-80.79844842399098,1,100.04082964438363,14,-180.8392780683746,2014-02-24
TRAIN,20,20,up,1029,540.7235585204994,2,-675.0524299745199,3,1215.7759884950192,2014-02-25
TRAIN,20,20,up,1030,690.5365942548383,3,-260.99290927968445,3,951.5295035345227,2014-02-26
TRAIN,20,20,up,1031,-2857.1819647364173,1,207.0987578838779,8,-3064.2807226202954,2014-02-28
TRAIN,20,20,up,1032,578.2378904969107,1,-1587.7917916675224,1,2166.0296821644333,2014-03-03
TRAIN,20,20,up,1033,1864.8817737103475,3,408.022364274943,9,1456.8594094354044,2014-03-04
TRAIN,20,20,up,1034,420.643900039769,11,-170.08203872876214,2,590.7259387685311,2014-03-05
TRAIN,20,20,up,1035,479.88130890807935,12,403.3062876428478,9,76.57502126523156,2014-03-06
TRAIN,20,20,up,1036,828.8474725382896,8,230.75195013117,1,598.0955224071196,2014-03-07
TRAIN,20,20,up,1037,1253.5229027029452,1,-504.4279425622342,1,1757.9508452651794,2014-03-10
TRAIN,20,20,up,1038,1029.1272553993492,1,-524.6455898347091,1,1553.7728452340584,2014-03-11
TRAIN,20,20,up,1039,-509.5424683002542,2,837.9180488956971,3,-1347.4605171959513,2014-03-12
TRAIN,20,20,up,1048,1576.3353412892557,2,25.906083730662527,1,1550.4292575585932,2014-03-26
TRAIN,20,20,up,1049,424.2125193736199,4,577.2217008119059,1,-153.00918143828596,2014-03-27
TRAIN,20,20,up,1050,-468.84811786893806,1,-586.8192442635028,3,117.97112639456475,2014-03-28
TRAIN,20,20,up,1051,150.33321117968762,3,-568.4508589900998,4,718.7840701697875,2014-03-31
TRAIN,20,20,up,1052,-125.39074568239,2,-356.4113262512176,1,231.0205805688276,2014-04-01
TRAIN,20,20,up,1053,849.0233387606905,2,1489.1550637955024,4,-640.1317250348119,2014-04-02
TRAIN,20,20,up,1058,-1404.0734184436315,2,-867.4229878758704,4,-536.6504305677611,2014-04-10
TRAIN,20,20,up,1059,-1228.8070977951359,1,-719.3084853402763,1,-509.49861245485954,2014-04-11
TRAIN,20,20,up,1060,-1277.3700905238477,1,-1712.7220320264962,2,435.3519415026485,2014-04-15
TRAIN,20,20,up,1063,-2262.086138352372,1,0.1342006272184051,3,-2262.2203389795905,2014-04-21
TRAIN,20,20,up,1071,-2348.140218029376,1,-82.49878942252099,1,-2265.641428606855,2014-05-05
TRAIN,20,20,up,1075,-1636.7822969512633,1,1736.0932694224657,3,-3372.8755663737293,2014-05-09
TRAIN,20,20,up,1076,-658.6358287180358,2,-1295.2394905794126,3,636.6036618613768,2014-05-12
TRAIN,20,20,up,1077,-1373.6624594081018,2,-70.88956598277726,5,-1302.7728934253246,2014-05-13
TRAIN,20,20,up,1078,-956.7395402065547,2,5505.66029068684,2,-6462.399830893395,2014-05-14
TRAIN,20,20,up,1079,249.4418369607726,1,-1449.5309509289373,1,1698.97278788971,2014-05-15
TRAIN,20,20,up,1080,156.5298300422013,9,75.48833109420625,4,81.04149894799505,2014-05-16
TRAIN,20,20,up,1081,555.6446789888391,9,-309.3842530769716,5,865.0289320658107,2014-05-19
TRAIN,20,20,up,1084,-82.15977592372609,2,-13.611121375548814,3,-68.54865454817727,2014-05-22
TRAIN,20,20,up,1085,-422.31520129176954,1,-812.8682188645201,2,390.5530175727506,2014-05-23
TRAIN,20,20,up,1091,583.5047514407719,1,507.46991501955705,1,76.03483642121483,2014-06-02
TRAIN,20,20,up,1093,2598.1683688468615,1,-478.8594097440116,1,3077.027778590873,2014-06-04
TRAIN,20,20,up,1094,1097.2436865496002,2,-387.17459145180345,4,1484.4182780014037,2014-06-05
TRAIN,20,20,up,1095,-153.81487158082987,3,-906.2778258106495,1,752.4629542298196,2014-06-06
TRAIN,20,20,up,1096,-592.8637817056713,1,1465.2910771341187,1,-2058.15485883979,2014-06-09
TRAIN,20,20,up,1097,787.3197714817487,3,1228.18626243121,4,-440.8664909494613,2014-06-10
TRAIN,20,20,up,1109,96.6460946207058,1,1385.0742763429444,1,-1288.4281817222386,2014-06-26
TRAIN,20,20,up,1116,182.06492145198877,2,-647.6664436504686,2,829.7313651024574,2014-07-07
TRAIN,20,20,up,1124,-347.56916827737336,3,107.51286372491346,3,-455.08203200228684,2014-07-17
TRAIN,20,20,up,1125,170.66295265648637,1,398.45634425671255,1,-227.7933916002262,2014-07-18
TRAIN,20,20,up,1136,475.1475143509282,2,-93.15935646065532,3,568.3068708115835,2014-08-05
TRAIN,20,20,up,1137,695.4728870940302,1,748.6061516166259,2,-53.13326452259571,2014-08-06
TRAIN,20,20,up,1142,939.4218593719755,1,-241.33568853133946,1,1180.757547903315,2014-08-13
TRAIN,20,20,up,1144,-475.8140366322911,3,-67.11501920176872,3,-408.6990174305224,2014-08-18
TRAIN,20,20,up,1145,-45.30257962404679,4,28.70756331789869,5,-74.01014294194547,2014-08-19
TRAIN,20,20,up,1146,768.8094524906874,3,-426.02508320064214,4,1194.8345356913296,2014-08-20
TRAIN,20,20,up,1147,-304.74347318585325,1,-379.984020496401,1,75.24054731054775,2014-08-21
TRAIN,20,20,up,1148,-293.2754807448504,1,106.23607759356676,7,-399.5115583384172,2014-08-22
TRAIN,20,20,up,1150,-933.6196097604015,1,-474.5775452262935,2,-459.042064534108,2014-08-26
TRAIN,20,20,up,1151,166.21546893562748,4,-152.6776993986527,2,318.8931683342802,2014-08-27
TRAIN,20,20,up,1153,2241.5172541332904,3,-284.2757949412531,9,2525.7930490745434,2014-09-01
TRAIN,20,20,up,1154,5.690698268547749,4,121.92089262856854,1,-116.23019436002079,2014-09-02
TRAIN,20,20,up,1155,-601.5158852779027,3,227.195140334765,2,-828.7110256126678,2014-09-03
TRAIN,20,20,up,1157,1490.6151898498474,6,146.40000021091132,3,1344.2151896389362,2014-09-05
TRAIN,20,20,up,1158,-372.67474893670317,4,194.2071713554057,2,-566.8819202921088,2014-09-08
TRAIN,20,20,up,1159,-562.1150345442576,3,191.4726094791004,2,-753.587644023358,2014-09-09
TRAIN,20,20,up,1160,-964.126458772123,3,1334.3575569012805,1,-2298.4840156734035,2014-09-10
TRAIN,20,20,up,1161,-904.1284449287159,3,1014.9729139946319,1,-1919.1013589233478,2014-09-11
TRAIN,20,20,up,1162,-2516.241434108094,1,-874.3370014336328,1,-1641.904432674461,2014-09-12
TRAIN,20,20,up,1163,-104.21230635826382,1,-492.7777643954794,2,388.56545803721554,2014-09-15
TRAIN,20,20,up,1184,-1246.2739208183864,3,248.56886691374038,8,-1494.8427877321267,2014-10-20
TRAIN,20,20,up,1186,34.30351759060096,3,442.6690788304149,4,-408.3655612398139,2014-10-22
TRAIN,20,20,up,1187,-643.2412680402401,5,418.07562347929496,6,-1061.3168915195351,2014-10-27
TRAIN,20,20,up,1188,535.6027470256998,3,509.43028089008624,5,26.172466135613604,2014-10-28
TRAIN,20,20,up,1189,-58.23035344816924,2,-312.4741774944043,6,254.24382404623503,2014-10-29
TRAIN,20,20,up,1190,-208.3478257593448,8,31.035093594485392,7,-239.3829193538302,2014-10-30
TRAIN,20,20,up,1191,-429.70990144829426,11,-132.74103474521493,21,-296.96886670307936,2014-10-31
TRAIN,20,20,up,1192,-1233.1153383274163,3,-997.5055178672328,6,-235.60982046018353,2014-11-03
TRAIN,20,20,up,1193,-613.146489335113,3,92.29732873903356,6,-705.4438180741465,2014-11-05
TRAIN,20,20,up,1196,14.071919452536136,1,455.9266463406091,2,-441.854726888073,2014-11-11
TRAIN,20,20,up,1197,565.5010860489925,1,654.4654472973485,1,-88.964361248356,2014-11-12
TRAIN,20,20,up,1211,63.437766419115604,2,-867.128309878503,1,930.5660762976187,2014-12-02
TRAIN,20,20,up,1213,208.86208890896077,2,47.899164989468176,4,160.9629239194926,2014-12-04
TRAIN,20,20,up,1214,-119.38232719114355,1,620.9414727795192,3,-740.3237999706628,2014-12-05
TRAIN,20,20,up,1226,-817.4184570286412,2,1150.6707030096732,1,-1968.0891600383143,2014-12-23
TRAIN,20,20,up,1228,-1155.0505989498417,1,-600.9608891873075,1,-554.0897097625342,2014-12-26
TRAIN,20,20,up,1229,583.2998432709082,1,505.83535772234205,2,77.46448554856619,2014-12-29
TRAIN,20,20,up,1231,-2116.8257095908248,2,75.87835160210744,2,-2192.7040611929324,2014-12-31
TRAIN,20,20,up,1232,588.1555087906357,1,-744.6663183755983,3,1332.821827166234,2015-01-01
TRAIN,20,20,up,1233,373.60484665256746,3,375.1335840682201,10,-1.5287374156526425,2015-01-02
TRAIN,20,20,up,1234,-120.96627441719681,2,-202.43364515396655,2,81.46737073676974,2015-01-05
TRAIN,20,20,up,1236,-1532.8092950347013,1,-555.8968624382097,1,-976.9124325964916,2015-01-07
TRAIN,20,20,up,1237,430.8799493824714,7,511.44454034856705,4,-80.56459096609564,2015-01-08
TRAIN,20,20,up,1238,974.2668191344483,3,-871.9026191719212,3,1846.1694383063696,2015-01-09
TRAIN,20,20,up,1239,-202.3871112794399,3,678.4354505325035,8,-880.8225618119434,2015-01-12
TRAIN,20,20,up,1240,476.4979063980445,1,570.9228624769772,3,-94.42495607893272,2015-01-13
TRAIN,20,20,up,1242,782.4548230913573,6,-425.42261124943553,4,1207.877434340793,2015-01-15
TRAIN,20,20,up,1243,161.1819657230055,6,442.9859927080898,6,-281.8040269850843,2015-01-16
TRAIN,20,20,up,1244,-625.116446035683,2,1041.0180894061364,2,-1666.1345354418195,2015-01-19
TRAIN,20,20,up,1245,-266.4856228750337,3,-1130.7714454128907,2,864.285822537857,2015-01-20
TRAIN,20,20,up,1246,-685.8934807646867,1,-369.6176738142386,4,-316.27580695044816,2015-01-21
TRAIN,20,20,up,1247,-2255.729562311479,1,-251.06019590205224,2,-2004.6693664094269,2015-01-22
TRAIN,20,20,up,1250,-385.80553218950956,1,-737.0019056668211,1,351.19637347731157,2015-01-28
TRAIN,20,20,up,1251,341.83766743317324,1,-151.13525679795714,2,492.9729242311304,2015-01-29
TRAIN,20,20,up,1255,347.3915361377097,2,597.5871512094959,3,-250.19561507178622,2015-02-04
TRAIN,20,20,up,1261,1213.1536738427972,2,-1811.282609687913,1,3024.43628353071,2015-02-12
TRAIN,20,20,up,1262,-827.2271151846189,2,-1026.8729005155524,1,199.64578533093345,2015-02-13
TRAIN,20,20,up,1264,398.1608825103825,1,790.3755758391488,2,-392.2146933287663,2015-02-18
TRAIN,20,20,up,1271,47.56566878692574,1,483.4562895705126,5,-435.8906207835868,2015-02-27
TRAIN,20,20,up,1272,-177.77119120002286,6,466.8652037216247,11,-644.6363949216476,2015-03-02
TRAIN,20,20,up,1273,-318.06157805454893,5,-281.627344089126,3,-36.43423396542295,2015-03-03
TRAIN,20,20,up,1274,-518.5951499407306,1,-383.9777941243468,2,-134.6173558163838,2015-03-04
TRAIN,20,20,up,1277,2854.453573137739,1,1032.308441621607,2,1822.145131516132,2015-03-10
TRAIN,20,20,up,1278,939.199366379597,4,-289.42301815462895,1,1228.622384534226,2015-03-11
TRAIN,20,20,up,1279,-876.3018856075569,3,304.08475267243637,1,-1180.3866382799933,2015-03-12
TRAIN,20,20,up,1282,36.3376836384847,1,-658.5253280949539,1,694.8630117334386,2015-03-17
TRAIN,20,20,up,1292,-59.23500573006017,2,-1445.3663523820774,1,1386.131346652017,2015-03-31
TRAIN,20,20,up,1293,-391.7493883396847,1,48.843107160273235,2,-440.5924954999579,2015-04-01
TRAIN,20,20,up,1294,-458.13571813651345,5,-466.1258556221963,3,7.990137485682851,2015-04-06
TRAIN,20,20,up,1295,348.6166532904035,1,-187.33175842757439,8,535.9484117179779,2015-04-07
TRAIN,20,20,up,1296,-122.01357967585768,8,-121.47139634303153,8,-0.5421833328261556,2015-04-08
TRAIN,20,20,up,1297,173.90805414109047,2,205.70034485805175,11,-31.792290716961276,2015-04-09
TRAIN,20,20,up,1298,-530.5657775583646,5,449.7701380282799,6,-980.3359155866445,2015-04-10
TRAIN,20,20,up,1299,-691.8279561641026,2,606.0919155317965,5,-1297.919871695899,2015-04-13
TRAIN,20,20,up,1300,-252.02594491762352,5,-53.153157946228276,4,-198.87278697139524,2015-04-15
TRAIN,20,20,up,1320,1069.8004296034069,1,-48.37493422390054,4,1118.1753638273074,2015-05-14
TRAIN,20,20,up,1322,231.6296212755041,3,207.58068743672277,6,24.048933838781323,2015-05-18
TRAIN,20,20,up,1323,38.92161270075217,1,80.23437250783365,14,-41.312759807081484,2015-05-19
TRAIN,20,20,up,1325,-709.1728323035458,2,-188.65730476621465,6,-520.5155275373311,2015-05-21
TRAIN,20,20,up,1326,807.9574334350275,2,497.6474788013205,5,310.309954633707,2015-05-22
TRAIN,20,20,up,1327,1206.5519731459112,1,-445.8070868091063,4,1652.3590599550175,2015-05-25
TRAIN,20,20,up,1328,604.2179636998346,2,-346.92378480974526,4,951.1417485095799,2015-05-26
TRAIN,20,20,up,1329,-400.4071627541365,2,611.1085236859409,4,-1011.5156864400774,2015-05-27
TRAIN,20,20,up,1331,972.8111421937987,5,-1764.3261061097035,3,2737.137248303502,2015-05-29
TRAIN,20,20,up,1332,-252.46523419500141,1,769.4056946447872,2,-1021.8709288397886,2015-06-01
TRAIN,20,20,up,1345,304.8735977161235,2,59.581110956569425,2,245.2924867595541,2015-06-18
TRAIN,20,20,up,1346,-699.2473876186493,1,34.32661633936644,4,-733.5740039580157,2015-06-19
TRAIN,20,20,up,1347,-683.1099115479616,2,330.83008419713343,5,-1013.9399957450951,2015-06-22
TRAIN,20,20,up,1348,2301.1505189237296,1,231.07236430662883,3,2070.0781546171006,2015-06-23
TRAIN,20,20,up,1350,-765.9185223958386,2,-202.22527008643175,2,-563.693252309407,2015-06-25
TRAIN,20,20,up,1351,-294.0685919500255,2,-604.4493406088094,3,310.3807486587839,2015-06-26
TRAIN,20,20,up,1352,-253.16263255093583,1,448.826347690641,1,-701.9889802415769,2015-06-29
TRAIN,20,20,up,1353,1830.5020431464661,4,324.7947857192452,11,1505.7072574272208,2015-06-30
TRAIN,20,20,up,1354,659.2653814714428,3,66.99900445286893,8,592.2663770185738,2015-07-01
TRAIN,20,20,up,1355,1192.1837932145631,3,-59.427288885209165,8,1251.6110820997724,2015-07-02
TRAIN,20,20,up,1356,723.4259138607272,1,-330.6698836336738,5,1054.095797494401,2015-07-03
TRAIN,20,20,up,1357,1060.3486455497844,3,6.832290643892968,8,1053.5163549058914,2015-07-06
TRAIN,20,20,up,1358,648.5086347517322,4,854.9035934431862,3,-206.394958691454,2015-07-07
TRAIN,20,20,up,1362,-823.2651182534325,1,-616.5433016121088,4,-206.7218166413237,2015-07-13
TRAIN,20,20,up,1364,237.32748649832106,3,338.23581748699814,1,-100.90833098867708,2015-07-15
TRAIN,20,20,up,1365,161.03392475004537,3,-516.3050786112638,3,677.3390033613091,2015-07-16
TRAIN,20,20,up,1371,2234.5233960563,1,34.08588692477159,1,2200.4375091315283,2015-07-24
TRAIN,20,20,up,1372,1291.043317051292,1,1066.7706646088354,1,224.27265244245655,2015-07-27
TRAIN,20,20,up,1376,-316.18572028670025,1,1117.0898625768111,1,-1433.2755828635113,2015-07-31
TRAIN,20,20,up,1377,491.6551139576598,3,-733.3203946854763,1,1224.9755086431362,2015-08-03
TRAIN,20,20,up,1378,-422.0190997774277,3,341.837500644978,3,-763.8566004224057,2015-08-04
TRAIN,20,20,up,1379,-468.29700124989904,3,1377.1738247884043,1,-1845.4708260383034,2015-08-05
TRAIN,20,20,up,1380,-641.2365270785194,1,-1036.0486234143277,1,394.8120963358083,2015-08-06
TRAIN,20,20,up,1387,-1793.315119060098,1,-704.2523824271204,2,-1089.0627366329775,2015-08-17
TRAIN,20,20,up,1389,-635.8848053907091,2,66.4867680117298,3,-702.3715734024388,2015-08-19
TRAIN,20,20,up,1390,535.9677424566775,1,4.143400716677056,1,531.8243417400004,2015-08-20
TRAIN,20,20,up,1405,988.5825269896104,2,-59.59651270844358,2,1048.179039698054,2015-09-10
TRAIN,20,20,up,1409,-843.2724320388227,1,-715.0587184082322,1,-128.21371363059052,2015-09-16
TRAIN,20,20,up,1411,-101.14371926691722,6,122.02093809518185,12,-223.16465736209906,2015-09-21
TRAIN,20,20,up,1412,-592.3742165748776,3,-1073.5189674567948,4,481.1447508819173,2015-09-22
TRAIN,20,20,up,1413,-383.13459262330827,2,-417.95243377546257,2,34.8178411521543,2015-09-23
TRAIN,20,20,up,1414,-716.2681509314149,6,379.3120050417765,3,-1095.5801559731913,2015-09-24
TRAIN,20,20,up,1415,1181.0220703899615,1,106.72939574974116,4,1074.2926746402204,2015-09-28
TRAIN,20,20,up,1416,-32.30345139424352,3,-74.84939178192062,2,42.5459403876771,2015-09-29
TRAIN,20,20,up,1417,-933.3281135426982,2,-16.376163251991596,14,-916.9519502907067,2015-09-30
TRAIN,20,20,up,1419,250.09279648079965,3,50.82286404025401,19,199.26993244054563,2015-10-05
TRAIN,20,20,up,1420,-397.4762391231386,6,22.81174545597772,13,-420.2879845791163,2015-10-06
TRAIN,20,20,up,1421,216.2281527472116,5,-427.6734020745605,6,643.9015548217722,2015-10-07
TRAIN,20,20,up,1423,-950.3172459025236,2,448.92702594036075,2,-1399.2442718428842,2015-10-09
TRAIN,20,20,up,1425,2150.6496052498433,1,-9.072294328634001,2,2159.7218995784774,2015-10-13
TRAIN,20,20,up,1428,414.37002170050044,2,-550.9759572489811,6,965.3459789494816,2015-10-16
TRAIN,20,20,up,1430,484.8123658598999,1,389.960810423378,3,94.85155543652189,2015-10-20
TRAIN,20,20,up,1431,154.1044443062309,2,-873.9406944610104,1,1028.0451387672413,2015-10-21
TRAIN,20,20,up,1432,977.1806439723251,1,-126.69577456453136,3,1103.8764185368566,2015-10-23
TRAIN,20,20,up,1440,-1812.1078898627463,1,-348.9961355795934,3,-1463.111754283153,2015-11-04
TRAIN,20,20,up,1442,522.9197298531992,1,-390.79348026615094,1,913.7132101193502,2015-11-06
TRAIN,20,20,up,1446,1055.9407271861805,1,-1305.5158649699042,1,2361.4565921560848,2015-11-16
TRAIN,20,20,up,1449,386.57907147183494,2,-304.7711487255687,2,691.3502201974036,2015-11-19
TRAIN,20,20,up,1450,36.28912986524904,2,-288.2852872242081,1,324.57441708945714,2015-11-20
TRAIN,20,20,up,1451,-399.625089025583,2,-176.5882022526215,2,-223.0368867729615,2015-11-23
TRAIN,20,20,up,1452,548.6198875819179,5,-410.59178507918637,3,959.2116726611042,2015-11-24
TRAIN,20,20,up,1453,-48.536037009969526,4,181.02926080520677,2,-229.5652978151763,2015-11-26
TRAIN,20,20,up,1454,26.464664294646298,2,-647.2181026658297,5,673.6827669604761,2015-11-27
TRAIN,20,20,up,1455,-1405.6929692164401,1,-138.8727104749686,3,-1266.8202587414714,2015-11-30
TRAIN,20,20,up,1456,-15.439405101293554,3,-119.20088340750283,6,103.76147830620927,2015-12-01
TRAIN,20,20,up,1457,-224.3642215008073,2,530.7441450577167,3,-755.1083665585239,2015-12-02
TRAIN,20,20,up,1458,415.75397282637425,2,-499.4332320337108,1,915.1872048600851,2015-12-03
TRAIN,20,20,up,1467,1311.1480295004612,1,167.8533002142429,4,1143.2947292862184,2015-12-16
TRAIN,20,20,up,1468,-195.33789028091692,3,83.7537401732698,9,-279.0916304541867,2015-12-17
TRAIN,20,20,up,1470,40.88846902808821,1,325.8455460649138,3,-284.9570770368256,2015-12-21
TRAIN,20,20,up,1473,91.3779709658355,1,225.9342963555669,2,-134.5563253897314,2015-12-24
TRAIN,20,20,up,1474,588.9260038444759,1,172.64690963080298,7,416.2790942136729,2015-12-28
TRAIN,20,20,up,1475,-698.3369847546634,1,56.79620546330349,6,-755.1331902179669,2015-12-29
TRAIN,20,20,up,1476,9.690593683776699,1,-913.1514978632903,1,922.842091547067,2015-12-30
TRAIN,20,20,up,1477,-108.8675367303903,5,-395.64420081171284,7,286.77666408132256,2015-12-31
TRAIN,20,20,up,1479,-386.1675549350327,4,1323.0134555885304,1,-1709.1810105235631,2016-01-04
TRAIN,20,20,up,1480,261.265981973898,3,-629.3396261080417,4,890.6056080819396,2016-01-05
TRAIN,20,20,up,1481,-367.03363216370593,4,-176.9607483030637,2,-190.07288386064224,2016-01-06
TRAIN,20,20,up,1496,95.1694631562934,1,2676.326319998083,1,-2581.1568568417897,2016-01-28
TRAIN,20,20,up,1497,189.4845755587543,1,619.799310534198,3,-430.3147349754437,2016-01-29
TRAIN,20,20,up,1499,-1516.58377513919,1,-681.3186381509897,1,-835.2651369882003,2016-02-02
TRAIN,20,20,up,1502,389.6345652235491,4,183.019388915826,6,206.6151763077231,2016-02-05
TRAIN,20,20,up,1508,-165.97812293817475,2,398.8549385243038,2,-564.8330614624786,2016-02-15
TRAIN,20,20,up,1519,199.78924735333314,3,58.32986455123095,7,141.4593828021022,2016-03-01
TRAIN,20,20,up,1520,486.2537369078221,2,-184.229187770343,10,670.4829246781651,2016-03-02
TRAIN,20,20,up,1521,-288.07661988400196,7,362.2864005151623,8,-650.3630203991643,2016-03-03
TRAIN,20,20,up,1522,-3084.3757519872515,2,213.11432936967933,6,-3297.4900813569307,2016-03-04
TRAIN,20,20,up,1523,-745.9267982393844,2,85.32395244421838,9,-831.2507506836027,2016-03-08
TRAIN,20,20,up,1524,-227.08459058503516,2,-162.39775368884287,7,-64.68683689619229,2016-03-09
TRAIN,20,20,up,1525,-71.96100279765574,3,-341.64614410592134,5,269.6851413082656,2016-03-10
TRAIN,20,20,up,1526,-1416.1271570544066,1,71.38725762009561,7,-1487.5144146745022,2016-03-11
TRAIN,20,20,up,1529,-612.1321939434321,1,-884.1592021086931,1,272.027008165261,2016-03-16
TRAIN,20,20,up,1530,367.9524517417839,2,431.89868435613744,3,-63.94623261435356,2016-03-17
TRAIN,20,20,up,1531,-361.90552667990937,3,-516.6217817855221,6,154.71625510561273,2016-03-18
TRAIN,20,20,up,1532,-322.5326959236214,2,-357.1661204994641,6,34.633424575842696,2016-03-21
TRAIN,20,20,up,1533,-480.9234802070576,3,-217.17435819217866,7,-263.74912201487894,2016-03-22
TRAIN,20,20,up,1535,1706.5593896795895,1,295.3266141034156,3,1411.232775576174,2016-03-28
TRAIN,20,20,up,1540,-877.679699832972,1,142.17583022535587,1,-1019.8555300583279,2016-04-04
TRAIN,20,20,up,1547,-92.07166718329069,1,-405.7340396285755,2,313.6623724452848,2016-04-13
TRAIN,20,20,up,1548,122.57046576069196,1,-207.3009375904241,4,329.87140335111604,2016-04-18
TRAIN,20,20,up,1549,-634.3559283907797,3,499.5178717958023,2,-1133.873800186582,2016-04-20
TRAIN,20,20,up,1550,171.2296530043345,1,-325.77892462799855,2,497.0085776323331,2016-04-21
TRAIN,20,20,up,1551,-625.3688851048731,1,3140.8933801699013,1,-3766.2622652747746,2016-04-22
TRAIN,20,20,up,1553,-38.58831433848464,1,-48.85366516832615,3,10.265350829841509,2016-04-26
TRAIN,20,20,up,1554,-722.6094134358033,1,51.24200013367976,1,-773.851413569483,2016-04-27
TRAIN,20,20,up,1560,-776.6228911972166,1,523.882552036335,1,-1300.5054432335517,2016-05-05
TRAIN,20,20,up,1565,229.06448869475298,1,-315.9324886755876,2,544.9969773703406,2016-05-12
TRAIN,20,20,up,1569,949.3938418983811,1,-688.3307518045962,1,1637.7245937029772,2016-05-18
TRAIN,20,20,up,1572,-1.0390918715221318,3,-1138.815332530669,1,1137.7762406591469,2016-05-23
TRAIN,20,20,up,1574,-292.90176147052455,2,-1865.9340849586017,1,1573.032323488077,2016-05-25
TRAIN,20,20,up,1575,445.09537656121756,3,36.11132032735062,5,408.98405623386697,2016-05-26
TRAIN,20,20,up,1576,-31.909006572082745,4,96.0559594838847,5,-127.96496605596745,2016-05-27
TRAIN,20,20,up,1577,645.2144525565524,6,-159.31367086193936,6,804.5281234184918,2016-05-30
TRAIN,20,20,up,1578,-497.041335060798,2,85.77569915196916,3,-582.8170342127672,2016-05-31
TRAIN,20,20,up,1579,539.314613665526,2,-315.6853442706655,2,854.9999579361915,2016-06-01
TRAIN,20,20,up,1580,-95.7330574782339,1,-799.9089080021093,4,704.1758505238754,2016-06-02
TRAIN,20,20,up,1583,-562.7053964808214,2,1817.442785840251,1,-2380.1481823210725,2016-06-07
TRAIN,20,20,up,1584,178.26812481460564,4,1652.495254929899,5,-1474.2271301152932,2016-06-08
TRAIN,20,20,up,1585,-139.5472661712266,3,554.6569453341102,5,-694.2042115053368,2016-06-09
TRAIN,20,20,up,1587,5318.872028441896,2,-589.2362778786184,1,5908.108306320514,2016-06-13
TRAIN,20,20,up,1588,-299.2191325839727,3,344.7755636612536,1,-643.9946962452264,2016-06-14
TRAIN,20,20,up,1589,-150.77636501167765,1,-122.83368507432598,2,-27.94267993735167,2016-06-15
TRAIN,20,20,up,1590,519.6282165612329,1,-402.4406257357485,3,922.0688422969813,2016-06-16
TRAIN,20,20,up,1592,-1342.0004256182312,2,581.4433415084127,2,-1923.443767126644,2016-06-20
TRAIN,20,20,up,1594,-863.5783572499065,1,-202.21223819648387,2,-661.3661190534226,2016-06-22
TRAIN,20,20,up,1597,266.5283122362705,1,-343.77146302750793,1,610.2997752637784,2016-06-27
TRAIN,20,20,up,1598,-975.732518945526,1,-625.2255962223271,4,-350.50692272319884,2016-06-28
TRAIN,20,20,up,1599,-420.47066395738904,2,-455.8741648964462,3,35.40350093905715,2016-06-29
TRAIN,20,20,up,1600,199.415357556985,8,-716.1220681526612,1,915.5374257096462,2016-06-30
TRAIN,20,20,up,1601,-583.0338140870317,4,91.24927823918624,5,-674.2830923262179,2016-07-01
TRAIN,20,20,up,1603,2370.2576963961396,2,132.53756007428854,4,2237.720136321851,2016-07-05
TRAIN,20,20,up,1604,951.2454537039462,3,1839.216095378422,1,-887.9706416744759,2016-07-07
TRAIN,20,20,up,1606,854.9137164752784,1,122.39401040241398,4,732.5197060728644,2016-07-11
TRAIN,20,20,up,1607,-957.6768844981249,1,572.5351570577725,3,-1530.2120415558975,2016-07-12
TRAIN,20,20,up,1608,-930.5665265186842,1,-401.9010133189312,1,-528.665513199753,2016-07-13
TRAIN,20,20,up,1615,1863.747515195104,1,1691.6582044465374,3,172.0893107485665,2016-07-22
TRAIN,20,20,up,1618,-1052.4476809122393,1,261.21645239375124,3,-1313.6641333059906,2016-07-27
TRAIN,20,20,up,1625,360.82896481085163,1,283.6031145586866,1,77.225850252165,2016-08-05
TRAIN,20,20,up,1626,-1559.664937102389,1,2578.4452022605824,1,-4138.1101393629715,2016-08-08
TRAIN,20,20,up,1634,-402.2479696126082,2,178.9434095893237,2,-581.1913792019319,2016-08-19
TRAIN,20,20,up,1635,-941.868251683893,1,638.6824192284521,2,-1580.5506709123451,2016-08-22
TRAIN,20,20,up,1638,-438.58930678085784,1,1115.9975947892963,2,-1554.5869015701542,2016-08-25
TRAIN,20,20,up,1640,-210.82664830835756,1,-405.8415698082917,1,195.01492149993413,2016-08-29
TRAIN,20,20,up,1641,18.787536370929587,2,-63.04439816124685,6,81.83193453217643,2016-08-30
TRAIN,20,20,up,1642,176.96618638721853,3,-466.135612712371,3,643.1017990995896,2016-08-31
TRAIN,20,20,up,1643,316.24141914900116,1,-496.1236004369305,2,812.3650195859316,2016-09-01
TRAIN,20,20,up,1646,-1479.6434013474925,1,-1168.8885347613918,2,-310.75486658610066,2016-09-07
TRAIN,20,20,up,1647,-1202.2607990017068,3,-516.4747212386544,5,-685.7860777630524,2016-09-08
TRAIN,20,20,up,1652,-696.2992053352119,1,-203.51544054669557,2,-492.78376478851635,2016-09-16
TRAIN,20,20,up,1654,2665.9430140871164,1,-688.6928141622119,1,3354.6358282493284,2016-09-20
TRAIN,20,20,up,1656,-502.0358292873279,2,328.077239769994,3,-830.1130690573218,2016-09-22
TRAIN,20,20,up,1657,258.3947608833088,3,882.9686653761503,1,-624.5739044928415,2016-09-23
TRAIN,20,20,up,1660,568.4015284522052,1,1024.6833240909295,1,-456.28179563872436,2016-09-28
TRAIN,20,20,up,1663,-199.15031867526878,1,1545.4034017017993,4,-1744.5537203770682,2016-10-03
TRAIN,20,20,up,1664,779.8052388636531,1,-467.93679189004257,1,1247.7420307536956,2016-10-04
TRAIN,20,20,up,1666,905.4843836589349,1,-184.35083056226486,3,1089.8352142211997,2016-10-06
TRAIN,20,20,up,1670,-817.9674716156209,2,-881.2173720014471,2,63.24990038582621,2016-10-14
TRAIN,20,20,up,1672,-1800.3270799600093,1,-220.95309767184352,2,-1579.3739822881657,2016-10-18
TRAIN,20,20,up,1673,-654.8810789762299,2,-467.3200994637125,4,-187.5609795125174,2016-10-19
TRAIN,20,20,up,1674,173.5057864155087,2,240.2772073301024,3,-66.7714209145937,2016-10-20
TRAIN,20,20,up,1675,-487.0734741515088,5,233.21930805316663,4,-720.2927822046754,2016-10-21
TRAIN,20,20,up,1676,-346.3598418750619,1,920.0608079218747,1,-1266.4206497969367,2016-10-24
TRAIN,20,20,up,1678,-207.2364884803283,3,-379.6169871230981,1,172.38049864276982,2016-10-26
TRAIN,20,20,up,1680,204.8746479305301,1,1970.08373399862,2,-1765.2090860680898,2016-10-28
TRAIN,20,20,up,1681,-120.01139803445001,3,634.412527122055,2,-754.4239251565051,2016-11-01
TRAIN,20,20,up,1686,-510.28870834051025,1,-1255.3129336533484,1,745.0242253128381,2016-11-08
TRAIN,20,20,up,1688,-56.914724011300116,3,-67.02346195837832,2,10.108737947078204,2016-11-10
TRAIN,20,20,up,1697,-126.26247415158053,1,508.1640902099882,2,-634.4265643615688,2016-11-24
TRAIN,20,20,up,1700,83.45983982553021,3,120.05562345728137,2,-36.59578363175116,2016-11-29
TRAIN,20,20,up,1702,97.39745664082614,2,-232.63167129554841,4,330.02912793637455,2016-12-01
TRAIN,20,20,up,1705,-329.11218161629097,2,-154.70633408578382,2,-174.40584753050715,2016-12-06
TRAIN,20,20,up,1707,808.5309591172353,1,7.446422401719935,9,801.0845367155154,2016-12-08
TRAIN,20,20,up,1708,-274.12902052184666,4,-429.1498605052516,1,155.02083998340493,2016-12-09
TRAIN,20,20,up,1710,126.42785495348265,2,87.11219702545999,4,39.31565792802266,2016-12-13
TRAIN,20,20,up,1712,-754.5230822999479,2,-266.686028914504,6,-487.8370533854439,2016-12-15
TRAIN,20,20,up,1720,-882.9871428770336,1,-131.32203968754197,1,-751.6651031894917,2016-12-27
TRAIN,20,20,up,1722,-339.70119302438275,2,36.93283953258005,4,-376.6340325569628,2016-12-29
TRAIN,20,20,up,1723,596.0483501174347,5,-200.44283866812967,10,796.4911887855643,2016-12-30
TRAIN,20,20,up,1724,-20.85222121578796,3,204.89620898764275,5,-225.7484302034307,2017-01-02
TRAIN,20,20,up,1725,853.4564946191662,1,-67.86812263615172,7,921.3246172553179,2017-01-03
TRAIN,20,20,up,1726,-366.45831403362195,4,-365.01369863680276,5,-1.444615396819188,2017-01-04
TRAIN,20,20,up,1727,-229.11647452423898,5,-336.6182603592569,3,107.50178583501793,2017-01-05
TRAIN,20,20,up,1728,-318.42220397231415,2,-673.7742327123594,4,355.3520287400453,2017-01-06
TRAIN,20,20,up,1729,-633.2124581742314,3,-251.12882041390904,3,-382.0836377603224,2017-01-09
TRAIN,20,20,up,1730,-929.8251640556216,2,-27.439661235442877,7,-902.3855028201788,2017-01-10
TRAIN,20,20,up,1731,170.95846024558716,12,131.60029352601293,15,39.35816671957423,2017-01-11
TRAIN,20,20,up,1732,-273.7122755248936,4,-243.30706580621973,4,-30.40520971867386,2017-01-12
TRAIN,20,20,up,1733,437.52735705738706,1,-455.3502053240066,5,892.8775623813937,2017-01-13
TRAIN,20,20,up,1736,-881.8257428316329,1,250.54662798465225,3,-1132.3723708162852,2017-01-18
TRAIN,20,20,up,1737,-330.1874842129906,3,-1.7086769491956868,3,-328.4788072637949,2017-01-19
TRAIN,20,20,up,1740,4306.089108145834,1,239.77515386528702,1,4066.313954280547,2017-01-24
TRAIN,20,20,up,1741,494.9004547577335,2,-1009.4022332177749,1,1504.3026879755084,2017-01-25
TRAIN,20,20,up,1748,1588.9342975635182,2,-1340.5706033934096,1,2929.5049009569275,2017-02-06
TRAIN,20,20,up,1758,475.3584878642196,1,793.5860511012364,1,-318.2275632370168,2017-02-20
TRAIN,20,20,up,1759,-688.7193291747637,1,-543.0894964629865,2,-145.62983271177723,2017-02-21
TRAIN,20,20,up,1761,-104.25737945904369,1,240.1005971946538,1,-344.3579766536975,2017-02-23
TRAIN,20,20,up,1762,-15.760597665758922,2,131.89582026726137,1,-147.6564179330203,2017-02-27
TRAIN,20,20,up,1763,587.2107526315564,1,836.2579828468632,1,-249.04723021530685,2017-02-28
TRAIN,20,20,up,1764,8.181469743200852,1,592.9557909614397,2,-584.7743212182388,2017-03-01
TRAIN,20,20,up,1766,-748.0574523844932,1,-528.4515659739789,4,-219.60588641051436,2017-03-03
TRAIN,20,20,up,1772,199.8348132200629,6,-637.5235667212231,2,837.358379941286,2017-03-14
TRAIN,20,20,up,1773,-779.1886126961123,2,11.630985627715138,5,-790.8195983238274,2017-03-15
TRAIN,20,20,up,1774,-132.14142427681665,8,86.08429495434234,4,-218.225719231159,2017-03-16
TRAIN,20,20,up,1775,134.36909084199252,3,425.74244650458587,2,-291.3733556625933,2017-03-17
TRAIN,20,20,up,1776,559.4260551182457,3,712.750451612274,2,-153.3243964940283,2017-03-20
TRAIN,20,20,up,1777,-520.9193812134463,2,574.4084267924768,3,-1095.327808005923,2017-03-21
TRAIN,20,20,up,1779,-1937.0429498445276,1,-370.8595898837427,2,-1566.1833599607849,2017-03-23
TRAIN,20,20,up,1781,-541.164810883193,1,20.590541302229354,4,-561.7553521854223,2017-03-27
TRAIN,20,20,up,1783,876.3436283608754,1,1204.9938119771123,2,-328.65018361623686,2017-03-29
TRAIN,20,20,up,1784,-129.0255613531355,3,665.3854126741021,1,-794.4109740272376,2017-03-30
TRAIN,20,20,up,1785,203.01088900898395,2,176.9600867374034,2,26.05080227158055,2017-03-31
TRAIN,20,20,up,1786,-288.51863240754335,5,-637.8381493486288,5,349.31951694108545,2017-04-03
TRAIN,20,20,up,1787,-494.3296440069809,2,1134.1546033006139,2,-1628.4842473075948,2017-04-05
TRAIN,20,20,up,1789,196.65279803072053,1,-642.8117095210941,1,839.4645075518147,2017-04-07
TRAIN,20,20,up,1800,910.9552737440476,4,468.0929021611504,2,442.86237158289725,2017-04-25
TRAIN,20,20,up,1803,-1915.3722661733443,3,1021.4306449384619,2,-2936.802911111806,2017-04-28
TRAIN,20,20,up,1804,-376.2329279080974,1,74.44539405804404,1,-450.6783219661414,2017-05-02
TRAIN,20,20,up,1809,-249.65615935324715,2,715.0106182833492,1,-964.6667776365964,2017-05-09
TRAIN,20,20,up,1810,-1160.4054580533923,1,1059.395733581763,3,-2219.801191635155,2017-05-10
TRAIN,20,20,up,1811,-170.1982940932849,1,219.0650507239618,1,-389.26334481724666,2017-05-11
TRAIN,20,20,up,1813,59.87664380976424,1,-156.3394193792733,3,216.21606318903753,2017-05-15
TRAIN,20,20,up,1815,485.8917722462356,1,-1291.574081799781,2,1777.4658540460166,2017-05-17
TRAIN,20,20,up,1821,-793.4428280738784,1,-91.88135241978736,1,-701.561475654091,2017-05-25
TRAIN,20,20,up,1825,-400.9417716569058,2,31.6428882729325,3,-432.5846599298383,2017-05-31
TRAIN,20,20,up,1826,180.5853594710338,1,-13.47220119908848,1,194.05756067012229,2017-06-01
TRAIN,20,20,up,1827,-26.1492620299534,1,332.3707157443508,3,-358.51997777430415,2017-06-02
TRAIN,20,20,up,1828,237.72094931625716,2,-47.93742347207724,2,285.6583727883344,2017-06-05
TRAIN,20,20,up,1830,665.4617188816952,4,-251.78369610489025,1,917.2454149865855,2017-06-07
TRAIN,20,20,up,1833,-211.9123851761839,1,1126.5092463726523,1,-1338.4216315488363,2017-06-12
TRAIN,20,20,up,1834,-126.53343428770579,1,2867.9516646089396,2,-2994.4850988966455,2017-06-13
TRAIN,20,20,up,1835,-81.48652743918058,1,67.530609612947,3,-149.01713705212757,2017-06-14
TRAIN,20,20,up,1836,94.05074694411829,5,89.73075419547179,3,4.319992748646499,2017-06-15
TRAIN,20,20,up,1837,84.81246788561377,1,-696.4530388245117,3,781.2655067101255,2017-06-16
TRAIN,20,20,up,1838,-67.83962834990747,1,-474.75228077605095,2,406.9126524261435,2017-06-19
TRAIN,20,20,up,1841,-159.9985604980575,5,-485.13431264748107,1,325.1357521494236,2017-06-22
TRAIN,20,20,up,1846,-49.43643575533729,1,-736.0830870415436,2,686.6466512862064,2017-06-30
TRAIN,20,20,up,1847,198.75620104349383,5,45.42753281646647,2,153.32866822702738,2017-07-03
TRAIN,20,20,up,1848,-425.72117499713744,1,-316.67900901268985,1,-109.04216598444759,2017-07-04
TRAIN,20,20,up,1849,-1071.5467943093497,3,-59.226151984701005,5,-1012.3206423246487,2017-07-05
TRAIN,20,20,up,1851,244.83446576625005,2,-304.86742465750933,1,549.7018904237593,2017-07-07
TRAIN,20,20,up,1852,-531.5466602415243,2,271.87738850538136,6,-803.4240487469056,2017-07-11
TRAIN,20,20,up,1853,440.9742594397359,2,20.720063180257366,7,420.25419625947853,2017-07-12
TRAIN,20,20,up,1854,896.7334795019523,3,455.23452521246145,5,441.4989542894908,2017-07-13
TRAIN,20,20,up,1855,-50.397430905722445,3,100.23199875447045,1,-150.6294296601929,2017-07-14
TRAIN,20,20,up,1856,-735.4289381131232,1,451.68617998398855,1,-1187.1151180971117,2017-07-17
TRAIN,20,20,up,1858,-396.7358268599859,2,53.89655192568229,9,-450.63237878566815,2017-07-19
TRAIN,20,20,up,1859,-664.9312680093051,2,-468.09959860925414,1,-196.83166940005094,2017-07-20
TRAIN,20,20,up,1860,-871.5603165553129,1,189.19145755985406,3,-1060.7517741151669,2017-07-21
TRAIN,20,20,up,1861,109.87135306176644,3,-974.5231651442324,5,1084.3945182059988,2017-07-24
TRAIN,20,20,up,1862,118.90641619493145,1,-89.51340281588186,2,208.4198190108133,2017-07-25
TRAIN,20,20,up,1863,264.0997482994891,2,138.90872750392626,3,125.19102079556282,2017-07-26
TRAIN,20,20,up,1865,-1084.5933793584165,2,81.7756920009556,1,-1166.3690713593721,2017-07-28
TRAIN,20,20,up,1866,-1417.426769247949,1,-165.4832909086422,2,-1251.943478339307,2017-07-31
TRAIN,20,20,up,1867,-692.8463283856901,1,-752.5769880291234,2,59.73065964343334,2017-08-01
TRAIN,20,20,up,1868,-206.65830164414768,2,-754.1059486425862,1,547.4476469984386,2017-08-02
TRAIN,20,20,up,1869,75.85893366914553,1,-171.13067679649555,1,246.98961046564108,2017-08-03
TRAIN,20,20,up,1871,-76.70670842784988,1,-868.5165567363882,2,791.8098483085383,2017-08-07
TRAIN,20,20,up,1884,4996.844051711352,3,-369.4712821007735,3,5366.315333812126,2017-08-28
TRAIN,20,20,up,1887,-216.3410956515717,1,-89.95285980572268,1,-126.38823584584901,2017-08-31
TRAIN,20,20,up,1888,565.861766694075,4,530.4151874325566,1,35.44657926151831,2017-09-01
TRAIN,20,20,up,1889,-458.3821024677293,1,268.7182024136325,2,-727.1003048813618,2017-09-04
TRAIN,20,20,up,1890,-22.544932862637864,4,-262.78824147566456,3,240.2433086130267,2017-09-05
TRAIN,20,20,up,1892,967.4832770203583,1,-169.29623627298315,7,1136.7795132933416,2017-09-07
TRAIN,20,20,up,1893,-282.1349238210892,4,-95.15617143116484,4,-186.97875238992438,2017-09-08
TRAIN,20,20,up,1894,414.8509358023901,3,362.30557149614174,6,52.54536430624836,2017-09-11
TRAIN,20,20,up,1895,-138.55682489838333,7,-191.9555855052084,10,53.39876060682508,2017-09-12
TRAIN,20,20,up,1896,-253.40317540381685,5,-631.6221591864247,3,378.2189837826079,2017-09-13
TRAIN,20,20,up,1897,-142.88034846704258,5,130.3142666551647,6,-273.19461512220727,2017-09-14
TRAIN,20,20,up,1898,-61.425086118991544,2,794.8572253173938,1,-856.2823114363854,2017-09-15
TRAIN,20,20,up,1899,636.1391884467721,1,-145.5366204404057,3,781.6758088871778,2017-09-18
TRAIN,20,20,up,1902,-238.18064100790582,2,189.24983375213134,1,-427.43047476003716,2017-09-21
TRAIN,20,20,up,1910,-1323.7502858912042,1,-147.98094142671414,1,-1175.7693444644901,2017-10-04
TRAIN,20,20,up,1916,154.9068624018741,1,-1929.1798552432333,1,2084.0867176451075,2017-10-12
TRAIN,20,20,up,1917,1309.2730438779251,1,-804.5719193415281,1,2113.8449632194533,2017-10-13
TRAIN,20,20,up,1919,504.8665297424107,1,-1000.0544530456526,4,1504.9209827880634,2017-10-17
TRAIN,20,20,up,1920,47.13820729952712,3,-183.1464888618083,3,230.28469616133543,2017-10-18
TRAIN,20,20,up,1922,743.4528683385445,2,-0.723518476082664,7,744.1763868146271,2017-10-24
TRAIN,20,20,up,1923,-141.60728643294559,21,683.0549416686958,9,-824.6622281016414,2017-10-25
TRAIN,20,20,up,1924,-245.17239524813888,6,238.9185784098026,4,-484.0909736579415,2017-10-26
TRAIN,20,20,up,1925,518.9201410872613,5,-410.15197850754686,3,929.0721195948081,2017-10-27
TRAIN,20,20,up,1926,81.91879260362481,4,-386.96803920603656,6,468.8868318096614,2017-10-30
TRAIN,20,20,up,1928,-369.14824493660757,3,430.61305440044316,4,-799.7612993370508,2017-11-01
TRAIN,20,20,up,1930,318.3853246994785,1,-1434.9169597092305,2,1753.302284408709,2017-11-03
TRAIN,20,20,up,1931,16.40561216616321,1,-638.2065252861174,1,654.6121374522806,2017-11-06
TRAIN,20,20,up,1943,-734.1959284573412,2,-149.25875989977902,1,-584.9371685575622,2017-11-22
TRAIN,20,20,up,1947,-249.5985879869829,4,664.9074452880953,4,-914.5060332750783,2017-11-28
TRAIN,20,20,dn,526,384.930942063804,1,-586.5773883154941,1,971.5083303792981,2012-02-14
TRAIN,20,20,dn,531,-218.41533419685956,1,-627.3775555331315,2,408.9622213362719,2012-02-22
TRAIN,20,20,dn,533,126.47386912137473,1,130.5539845935117,10,-4.080115472136967,2012-02-24
TRAIN,20,20,dn,537,-147.14956347954137,4,-373.7648974409594,2,226.615333961418,2012-03-01
TRAIN,20,20,dn,540,-1435.619647366429,2,-58.70139483119065,16,-1376.9182525352385,2012-03-06
TRAIN,20,20,dn,546,-3540.922419618741,1,84.89821733265454,1,-3625.8206369513955,2012-03-15
TRAIN,20,20,dn,547,276.8360525010185,2,-493.08973617291224,9,769.9257886739308,2012-03-16
TRAIN,20,20,dn,548,-79.71056040528394,1,-132.72808151647723,8,53.01752111119329,2012-03-19
TRAIN,20,20,dn,549,-827.7761385015438,1,311.2318469267145,3,-1139.0079854282583,2012-03-20
TRAIN,20,20,dn,556,471.4613814926831,3,622.2607418548461,3,-150.799360362163,2012-03-29
TRAIN,20,20,dn,562,13.332045765233335,1,-185.20068765122326,1,198.5327334164566,2012-04-10
TRAIN,20,20,dn,563,413.44587820757533,1,-238.056338365198,6,651.5022165727734,2012-04-11
TRAIN,20,20,dn,565,-673.9763731379147,1,454.4496944626283,4,-1128.426067600543,2012-04-13
TRAIN,20,20,dn,566,-1471.744109409917,1,203.18248853349542,1,-1674.9265979434124,2012-04-16
TRAIN,20,20,dn,573,2708.580217320654,1,346.3931654895875,3,2362.1870518310666,2012-04-25
TRAIN,20,20,dn,574,-1052.0568334187924,2,925.157516878065,4,-1977.2143502968574,2012-04-26
TRAIN,20,20,dn,577,-470.95371252644594,2,1669.520158642371,2,-2140.473871168817,2012-05-02
TRAIN,20,20,dn,579,-23.99866589069751,2,-122.95308417849508,18,98.95441828779757,2012-05-04
TRAIN,20,20,dn,582,128.75230618353217,3,-245.5699192633467,6,374.32222544687886,2012-05-09
TRAIN,20,20,dn,583,-441.31494279106965,1,-107.07213986595647,1,-334.2428029251132,2012-05-10
TRAIN,20,20,dn,584,-19.287971351978282,1,158.16892840136975,6,-177.45689975334804,2012-05-11
TRAIN,20,20,dn,610,404.3407766768906,1,284.88423138795264,2,119.45654528893795,2012-06-18
TRAIN,20,20,dn,618,477.1425330449461,1,1082.7444278034668,1,-605.6018947585208,2012-06-28
TRAIN,20,20,dn,624,-665.014107062828,1,583.1918917931044,1,-1248.2059988559324,2012-07-06
TRAIN,20,20,dn,628,-566.8284459041195,2,3557.313751576009,2,-4124.142197480129,2012-07-12
TRAIN,20,20,dn,631,165.85327668147028,1,340.7318687420123,10,-174.87859206054202,2012-07-17
TRAIN,20,20,dn,632,431.85054053413666,1,425.72612436707675,4,6.1244161670599055,2012-07-18
TRAIN,20,20,dn,633,651.9904053589157,1,-144.1310402738092,6,796.1214456327249,2012-07-19
TRAIN,20,20,dn,634,-536.815205744882,1,122.86910417753624,3,-659.6843099224182,2012-07-20
TRAIN,20,20,dn,635,-426.3050413773048,2,-86.43592250125742,24,-339.86911887604737,2012-07-23
TRAIN,20,20,dn,637,252.93137595164,3,550.4960352207341,16,-297.56465926909414,2012-07-25
TRAIN,20,20,dn,638,260.7140272152289,8,-268.4867618186874,21,529.2007890339163,2012-07-26
TRAIN,20,20,dn,639,-689.9467866794004,2,70.39424258205494,13,-760.3410292614553,2012-07-27
TRAIN,20,20,dn,649,-263.64453575117955,1,-447.02281504978,1,183.37827929860043,2012-08-10
TRAIN,20,20,dn,653,302.1354682059493,1,193.62207844256096,1,108.51338976338832,2012-08-17
TRAIN,20,20,dn,660,-1499.0588152489327,1,27.139072912085442,20,-1526.197888161018,2012-08-29
TRAIN,20,20,dn,663,-220.81224403464498,2,-211.3947264302063,3,-9.417517604438672,2012-09-03
TRAIN,20,20,dn,665,87.87038038688993,1,254.23278288579428,5,-166.36240249890434,2012-09-05
TRAIN,20,20,dn,674,241.96810492892868,3,83.6565530143677,2,158.311551914561,2012-09-18
TRAIN,20,20,dn,675,200.10105359465632,1,204.71783817147266,1,-4.616784576816343,2012-09-20
TRAIN,20,20,dn,677,-147.5167083905964,1,-268.11857192337743,2,120.60186353278104,2012-09-24
TRAIN,20,20,dn,679,388.3802456101345,1,519.1094639348167,1,-130.72921832468222,2012-09-26
TRAIN,20,20,dn,688,837.3200839690218,1,214.62318742646752,4,622.6968965425542,2012-10-10
TRAIN,20,20,dn,690,-177.71346267473572,2,-293.4955026420677,4,115.782039967332,2012-10-12
TRAIN,20,20,dn,693,-1702.5574640092477,1,403.2278387458696,5,-2105.7853027551173,2012-10-17
TRAIN,20,20,dn,696,-128.8535593678795,1,-149.23032578874802,9,20.376766420868506,2012-10-22
TRAIN,20,20,dn,697,92.66151225818753,1,530.73870019466,15,-438.0771879364725,2012-10-23
TRAIN,20,20,dn,699,-467.20240816953185,4,302.5153989843223,16,-769.7178071538542,2012-10-26
TRAIN,20,20,dn,700,-2897.472080640755,2,-534.2547822380006,11,-2363.2172984027543,2012-10-29
TRAIN,20,20,dn,701,-1820.7553121362414,1,-157.68917956970307,15,-1663.0661325665383,2012-10-30
TRAIN,20,20,dn,708,89.54596408158731,1,533.5979097520601,1,-444.0519456704728,2012-11-08
TRAIN,20,20,dn,711,27.09100407622481,3,490.0715270466376,3,-462.9805229704128,2012-11-15
TRAIN,20,20,dn,713,455.01691676724226,1,54.38447931718157,7,400.6324374500607,2012-11-19
TRAIN,20,20,dn,715,-217.7132222155144,1,1112.5359047488157,1,-1330.2491269643301,2012-11-21
TRAIN,20,20,dn,740,172.38682972407796,1,679.3318260299524,3,-506.9449963058744,2012-12-28
TRAIN,20,20,dn,748,-229.0827911482183,1,-1086.5188042309346,2,857.4360130827163,2013-01-09
TRAIN,20,20,dn,749,-587.2935176581806,2,629.5709803436946,3,-1216.8644980018753,2013-01-10
TRAIN,20,20,dn,750,-991.7209069462152,1,68.90813201449055,11,-1060.6290389607057,2013-01-11
TRAIN,20,20,dn,752,516.2299581758135,1,1333.254283292228,1,-817.0243251164144,2013-01-15
TRAIN,20,20,dn,753,-444.5046992508851,1,170.38673739932656,12,-614.8914366502116,2013-01-16
TRAIN,20,20,dn,755,-853.0683317377418,2,367.3564410263126,1,-1220.4247727640545,2013-01-18
TRAIN,20,20,dn,756,2794.702594265235,1,-915.5632706696489,3,3710.2658649348837,2013-01-21
TRAIN,20,20,dn,758,2186.495107566454,1,46.32671362049545,13,2140.1683939459585,2013-01-23
TRAIN,20,20,dn,759,-124.74481065471429,2,87.29260651949765,22,-212.03741717421195,2013-01-24
TRAIN,20,20,dn,760,296.66882343998475,1,-602.5568541164857,2,899.2256775564705,2013-01-25
TRAIN,20,20,dn,762,-164.98640282134508,3,-339.507407485156,6,174.52100466381094,2013-01-29
TRAIN,20,20,dn,763,-673.8314096863768,1,270.92827014041836,4,-944.7596798267951,2013-01-30
TRAIN,20,20,dn,765,67.36579734208229,1,0.44723996485987527,2,66.91855737722241,2013-02-01
TRAIN,20,20,dn,768,-792.2510199278646,1,-251.06944962932116,2,-541.1815702985434,2013-02-06
TRAIN,20,20,dn,769,417.39445867726846,1,-486.534344640317,3,903.9288033175854,2013-02-07
TRAIN,20,20,dn,771,-2301.8083274839873,1,-365.41655833359664,1,-1936.3917691503907,2013-02-11
TRAIN,20,20,dn,772,92.87467649204697,1,-183.54911340309678,2,276.4237898951437,2013-02-12
TRAIN,20,20,dn,774,-555.3790086496863,2,-35.78674074416497,4,-519.5922679055213,2013-02-14
TRAIN,20,20,dn,776,-100.96694776706342,1,-665.0067220387431,2,564.0397742716797,2013-02-18
TRAIN,20,20,dn,784,1403.2852286235945,3,-380.2315638154448,5,1783.5167924390394,2013-02-28
TRAIN,20,20,dn,801,421.27495152151846,1,2951.4564480645568,1,-2530.1814965430385,2013-03-25
TRAIN,20,20,dn,807,-1655.313871731035,1,322.37587170916316,5,-1977.6897434401983,2013-04-04
TRAIN,20,20,dn,808,-2429.0149597286177,1,-658.6074880880276,4,-1770.40747164059,2013-04-05
TRAIN,20,20,dn,810,1943.822547359953,1,-168.56003637594807,5,2112.382583735901,2013-04-09
TRAIN,20,20,dn,834,1221.7161082053212,1,359.15269394809934,2,862.5634142572219,2013-05-16
TRAIN,20,20,dn,835,-292.1579402656775,1,20.07468327791487,1,-312.23262354359235,2013-05-17
TRAIN,20,20,dn,837,197.2242666573418,2,-339.9734172838927,5,537.1976839412345,2013-05-21
TRAIN,20,20,dn,838,597.3084959461476,2,12.26138332956112,13,585.0471126165864,2013-05-22
TRAIN,20,20,dn,839,451.68472360985334,6,366.98307247214797,28,84.70165113770537,2013-05-23
TRAIN,20,20,dn,844,-311.8056930055876,1,-76.95128628520817,8,-234.85440672037944,2013-05-30
TRAIN,20,20,dn,845,-541.4567552901389,2,-291.87381894457786,13,-249.582936345561,2013-05-31
TRAIN,20,20,dn,850,1421.7940920942158,1,-35.82041145954021,1,1457.614503553756,2013-06-07
TRAIN,20,20,dn,851,-422.1739883883072,2,1362.4851489226248,5,-1784.659137310932,2013-06-10
TRAIN,20,20,dn,853,-238.55451224469311,1,188.49540521062892,7,-427.04991745532203,2013-06-12
TRAIN,20,20,dn,854,-1590.4876773243518,1,-143.27091066513256,8,-1447.2167666592193,2013-06-13
TRAIN,20,20,dn,861,-910.0237486022669,3,-180.6340801720166,4,-729.3896684302503,2013-06-24
TRAIN,20,20,dn,875,-615.7595557311311,1,893.805230328221,1,-1509.5647860593522,2013-07-12
TRAIN,20,20,dn,880,438.3761940787978,2,510.1264091989317,2,-71.75021512013387,2013-07-19
TRAIN,20,20,dn,883,576.9294575388853,2,242.74740786093204,3,334.1820496779533,2013-07-24
TRAIN,20,20,dn,884,-105.44469800283692,5,118.25553678618402,4,-223.70023478902095,2013-07-25
TRAIN,20,20,dn,885,-2134.912825612555,2,-316.5670071377655,18,-1818.3458184747897,2013-07-26
TRAIN,20,20,dn,886,-834.1644029678341,2,49.807888651308545,5,-883.9722916191427,2013-07-29
TRAIN,20,20,dn,887,-553.969316758344,2,24.092434528149887,15,-578.0617512864939,2013-07-30
TRAIN,20,20,dn,889,870.177938493273,1,-147.55690205249257,10,1017.7348405457656,2013-08-01
TRAIN,20,20,dn,890,1008.7202195220696,2,-317.48560416983315,3,1326.2058236919027,2013-08-02
TRAIN,20,20,dn,893,104.23645161919546,3,889.5449740801865,2,-785.3085224609911,2013-08-07
TRAIN,20,20,dn,901,140.99150332102462,1,111.25778545362621,2,29.73371786739841,2013-08-21
TRAIN,20,20,dn,913,-1171.3191680302048,1,-45.27098408504182,1,-1126.048183945163,2013-09-06
TRAIN,20,20,dn,927,853.3073404615762,1,445.8230681770756,3,407.48427228450066,2013-09-27
TRAIN,20,20,dn,933,-285.74445938411645,2,-208.73162767453115,1,-77.0128317095853,2013-10-08
TRAIN,20,20,dn,940,-1255.5595190367835,1,25.817078443061177,3,-1281.3765974798448,2013-10-18
TRAIN,20,20,dn,944,-188.78689138852573,1,131.15699451280688,1,-319.9438859013326,2013-10-24
TRAIN,20,20,dn,946,790.4046041605233,1,-442.28071446248333,6,1232.6853186230067,2013-10-28
TRAIN,20,20,dn,949,1410.4777896400126,1,81.73766855968296,1,1328.7401210803296,2013-10-31
TRAIN,20,20,dn,953,547.0747062589076,1,186.12371642072577,5,360.9509898381818,2013-11-07
TRAIN,20,20,dn,954,1192.8617904168166,1,-302.33759047350117,3,1495.1993808903178,2013-11-08
TRAIN,20,20,dn,956,409.3626229242275,2,-338.8633927917704,11,748.2260157159978,2013-11-12
TRAIN,20,20,dn,957,339.15224828768373,1,-9.566281271726538,16,348.7185295594103,2013-11-13
TRAIN,20,20,dn,958,-3.3451813250296993,2,462.23951991502406,2,-465.58470124005373,2013-11-14
TRAIN,20,20,dn,962,664.5604971931524,1,-283.28942578229095,7,947.8499229754434,2013-11-21
TRAIN,20,20,dn,972,5969.656359175932,1,-1433.5038078378948,1,7403.160167013827,2013-12-05
TRAIN,20,20,dn,977,196.3919915066008,1,-405.1501430564131,6,601.5421345630139,2013-12-12
TRAIN,20,20,dn,995,788.593765966235,1,-132.40643253807514,4,921.0001985043101,2014-01-08
TRAIN,20,20,dn,997,231.66591595626375,1,97.62421071976236,7,134.0417052365014,2014-01-10
TRAIN,20,20,dn,1001,-133.80265505958485,1,-231.99257248866573,3,98.18991742908088,2014-01-16
TRAIN,20,20,dn,1005,-455.41564069760443,2,1021.9786083444694,2,-1477.3942490420739,2014-01-22
TRAIN,20,20,dn,1006,-294.02924726716884,2,858.3479284804127,2,-1152.3771757475815,2014-01-23
TRAIN,20,20,dn,1007,-210.57530825917416,1,370.0055735176734,18,-580.5808817768475,2014-01-24
TRAIN,20,20,dn,1008,-233.09039704322907,5,241.91404750538615,22,-475.0044445486152,2014-01-27
TRAIN,20,20,dn,1009,-797.6993305625343,1,433.8743178859114,2,-1231.5736484484457,2014-01-28
TRAIN,20,20,dn,1021,706.4285380887666,1,203.72381388104114,3,502.70472420772546,2014-02-13
TRAIN,20,20,dn,1023,-110.96992113248189,1,823.9671957561237,1,-934.9371168886056,2014-02-17
TRAIN,20,20,dn,1031,-1355.7427753239556,1,1214.3441295077198,1,-2570.0869048316754,2014-02-28
TRAIN,20,20,dn,1032,1436.5000755656524,1,268.38794639701985,4,1168.1121291686327,2014-03-03
TRAIN,20,20,dn,1037,615.519197786559,1,766.126606516129,2,-150.60740872957,2014-03-10
TRAIN,20,20,dn,1040,499.71583512219865,2,90.3126797323757,1,409.4031553898229,2014-03-13
TRAIN,20,20,dn,1041,-2795.9328394730132,1,-385.3484980597921,5,-2410.584341413221,2014-03-14
TRAIN,20,20,dn,1046,266.52136904548,1,-738.9832181104854,1,1005.5045871559654,2014-03-24
TRAIN,20,20,dn,1066,256.3841666897429,1,986.9140046276119,5,-730.5298379378689,2014-04-25
TRAIN,20,20,dn,1068,1660.980656733199,1,-208.6520956954816,10,1869.6327524286808,2014-04-29
TRAIN,20,20,dn,1069,349.0614002808137,2,-608.4839879768708,6,957.5453882576845,2014-04-30
TRAIN,20,20,dn,1072,1999.6016645850762,1,-215.30461543328437,5,2214.9062800183606,2014-05-06
TRAIN,20,20,dn,1074,-2189.7165845370782,3,-802.0889357047864,5,-1387.627648832292,2014-05-08
TRAIN,20,20,dn,1078,-264.45652276338603,1,1461.2926572304348,1,-1725.7491799938207,2014-05-14
TRAIN,20,20,dn,1081,-928.2860346744986,2,-1008.507735430883,4,80.2217007563844,2014-05-19
TRAIN,20,20,dn,1118,1283.1591237750406,1,56.64018301529765,17,1226.518940759743,2014-07-09
TRAIN,20,20,dn,1119,-100.19825904364635,2,-759.7801592102262,1,659.5819001665799,2014-07-10
TRAIN,20,20,dn,1120,664.7872056055419,1,134.26753772282365,16,530.5196678827183,2014-07-11
TRAIN,20,20,dn,1121,534.621553419008,2,107.89248792711766,2,426.72906549189037,2014-07-14
TRAIN,20,20,dn,1130,-2756.1677304087866,1,-41.71088361762959,5,-2714.456846791157,2014-07-25
TRAIN,20,20,dn,1132,-803.1018961001946,1,-600.8329503994264,2,-202.2689457007682,2014-07-30
TRAIN,20,20,dn,1137,-396.37388843891176,1,-491.86772667712046,2,95.4938382382087,2014-08-06
TRAIN,20,20,dn,1142,-993.7488846934066,2,188.6475112820154,18,-1182.396395975422,2014-08-13
TRAIN,20,20,dn,1164,99.35364501010729,1,187.11091644657193,20,-87.75727143646465,2014-09-16
TRAIN,20,20,dn,1165,-478.76858811411125,1,-526.456671368288,3,47.68808325417672,2014-09-17
TRAIN,20,20,dn,1166,645.9894621827128,1,-1010.9512641384727,1,1656.9407263211856,2014-09-18
TRAIN,20,20,dn,1171,-365.2266312251994,4,-479.4541790514101,14,114.2275478262107,2014-09-25
TRAIN,20,20,dn,1172,1464.4289003964477,1,-3094.8351556218827,1,4559.26405601833,2014-09-26
TRAIN,20,20,dn,1176,1049.648494916793,1,-72.41389928968135,8,1122.0623942064744,2014-10-07
TRAIN,20,20,dn,1177,-92.95316705995663,1,125.09645562285549,8,-218.04962268281213,2014-10-08
TRAIN,20,20,dn,1182,-1765.4568606433124,1,456.804736795884,7,-2222.2615974391965,2014-10-16
TRAIN,20,20,dn,1183,189.59995887469356,2,714.2267662591164,2,-524.6268073844228,2014-10-17
TRAIN,20,20,dn,1198,45.04417684511937,1,1455.5476432991477,1,-1410.5034664540283,2014-11-13
TRAIN,20,20,dn,1206,19.952087306368803,4,571.5323452545152,11,-551.5802579481465,2014-11-25
TRAIN,20,20,dn,1207,1052.7999200680024,1,-830.8492604106485,2,1883.649180478651,2014-11-26
TRAIN,20,20,dn,1208,-691.6047201817846,1,1268.059439373351,1,-1959.6641595551357,2014-11-27
TRAIN,20,20,dn,1210,97.32344628203923,1,691.7295174133222,7,-594.406071131283,2014-12-01
TRAIN,20,20,dn,1212,-460.7721210714971,1,49.995233659423896,1,-510.767354730921,2014-12-03
TRAIN,20,20,dn,1215,-129.9490088908,1,435.3648190431686,12,-565.3138279339686,2014-12-08
TRAIN,20,20,dn,1218,358.86596106503555,1,-542.1816038879015,3,901.047564952937,2014-12-11
TRAIN,20,20,dn,1221,-788.0402052554921,1,26.31682303634019,26,-814.3570282918323,2014-12-16
TRAIN,20,20,dn,1243,-406.18846330735187,1,187.40960117280528,3,-593.5980644801572,2015-01-16
TRAIN,20,20,dn,1244,636.6674334867814,2,382.06727529508123,2,254.6001581917002,2015-01-19
TRAIN,20,20,dn,1246,549.4040124756473,1,-418.5234926362445,1,967.9275051118918,2015-01-21
TRAIN,20,20,dn,1247,596.8365525557737,1,749.8521843579733,2,-153.01563180219966,2015-01-22
TRAIN,20,20,dn,1248,-866.2514741825,1,273.0779160183166,2,-1139.3293902008168,2015-01-23
TRAIN,20,20,dn,1251,1255.2788707766176,2,1140.7162155809267,4,114.56265519569092,2015-01-29
TRAIN,20,20,dn,1252,729.2638330899994,1,339.6014226791517,4,389.66241041084766,2015-01-30
TRAIN,20,20,dn,1253,756.9901515257587,1,-348.91013454813213,1,1105.9002860738908,2015-02-02
TRAIN,20,20,dn,1257,561.510319552998,2,40.97380861139989,14,520.5365109415981,2015-02-06
TRAIN,20,20,dn,1258,-3452.061919141609,1,104.81090059372436,14,-3556.8728197353335,2015-02-09
TRAIN,20,20,dn,1264,436.07639523803164,1,-755.7457644151093,1,1191.822159653141,2015-02-18
TRAIN,20,20,dn,1268,-825.6920740802975,2,-664.7643739545578,2,-160.92770012573976,2015-02-24
TRAIN,20,20,dn,1270,4.7960624216178065,1,-152.68165921851124,3,157.47772164012906,2015-02-26
TRAIN,20,20,dn,1280,-331.47622654372987,1,-174.5247790114682,23,-156.95144753226165,2015-03-13
TRAIN,20,20,dn,1284,663.3091233376051,1,118.71126759352178,6,544.5978557440833,2015-03-19
TRAIN,20,20,dn,1285,-371.78710783576946,2,-169.85690712601274,9,-201.93020070975672,2015-03-20
TRAIN,20,20,dn,1288,-173.6279917445297,1,1440.8148152372555,2,-1614.4428069817852,2015-03-25
TRAIN,20,20,dn,1289,-726.2569350795526,3,-97.71862218066443,10,-628.5383128988882,2015-03-26
TRAIN,20,20,dn,1301,1966.2171292381015,1,808.9113852245954,1,1157.3057440135062,2015-04-16
TRAIN,20,20,dn,1302,-196.05219530778672,1,-568.653029119635,8,372.60083381184825,2015-04-17
TRAIN,20,20,dn,1303,-145.41197415052275,1,-1539.607229191021,4,1394.195255040498,2015-04-20
TRAIN,20,20,dn,1304,-472.53500134365174,2,-122.4863745776879,8,-350.04862676596383,2015-04-21
TRAIN,20,20,dn,1305,-434.1116863705152,1,-499.5259547901121,1,65.41426841959691,2015-04-22
TRAIN,20,20,dn,1307,-726.1618343955117,1,66.8267132984077,9,-792.9885476939194,2015-04-24
TRAIN,20,20,dn,1308,825.5003807467754,1,-426.4279558687238,14,1251.9283366154991,2015-04-27
TRAIN,20,20,dn,1311,278.1033028724095,4,-250.4193156176852,6,528.5226184900947,2015-04-30
TRAIN,20,20,dn,1314,-138.2287024025279,1,39.08358301893666,20,-177.31228542146454,2015-05-06
TRAIN,20,20,dn,1328,-324.531105761502,1,-747.5105669511516,1,422.97946118964967,2015-05-26
TRAIN,20,20,dn,1332,2790.318233860901,3,53.61832674823048,3,2736.69990711267,2015-06-01
TRAIN,20,20,dn,1334,-867.6845350175121,1,103.23269925068303,6,-970.9172342681951,2015-06-03
TRAIN,20,20,dn,1336,-55.444761770504364,1,-353.5690744714269,4,298.12431270092253,2015-06-05
TRAIN,20,20,dn,1337,169.05135632556002,1,-447.3161052220081,10,616.3674615475682,2015-06-08
TRAIN,20,20,dn,1338,-237.13006718261806,1,-339.42965807605333,7,102.29959089343527,2015-06-09
TRAIN,20,20,dn,1343,-766.3033002460483,1,-537.9486271593557,1,-228.35467308669251,2015-06-16
TRAIN,20,20,dn,1353,434.86429219230865,1,-608.6604221983525,1,1043.5247143906613,2015-06-30
TRAIN,20,20,dn,1367,191.9817598008725,2,-398.9335540024798,5,590.9153138033523,2015-07-20
TRAIN,20,20,dn,1368,-810.2833500180567,1,151.97432675007838,4,-962.2576767681351,2015-07-21
TRAIN,20,20,dn,1369,-228.75473193732384,1,-599.5937846955044,2,370.8390527581805,2015-07-22
TRAIN,20,20,dn,1371,116.1611342899906,1,100.39559095421775,7,15.765543335772847,2015-07-24
TRAIN,20,20,dn,1372,78.92419800927864,1,-161.64382798742704,16,240.56802599670567,2015-07-27
TRAIN,20,20,dn,1373,-287.22407283833655,1,162.49980758345865,8,-449.72388042179523,2015-07-28
TRAIN,20,20,dn,1381,758.5103538294746,1,-314.65721762995895,2,1073.1675714594335,2015-08-07
TRAIN,20,20,dn,1383,-122.14977237958823,2,81.03680720731585,7,-203.1865795869041,2015-08-11
TRAIN,20,20,dn,1385,-693.1480456197609,2,322.578133740661,8,-1015.7261793604218,2015-08-13
TRAIN,20,20,dn,1387,-730.1248604406055,1,-127.57603430907287,2,-602.5488261315327,2015-08-17
TRAIN,20,20,dn,1392,210.62317407059976,10,-51.13848466959863,19,261.7616587401984,2015-08-24
TRAIN,20,20,dn,1393,-319.52759795275983,1,7.530845999857149,2,-327.058443952617,2015-08-25
TRAIN,20,20,dn,1401,572.5487141691278,1,-42.119832229663295,3,614.6685463987911,2015-09-04
TRAIN,20,20,dn,1402,1571.9835550490136,1,229.81894073398135,8,1342.1646143150322,2015-09-07
TRAIN,20,20,dn,1418,-276.575920013015,1,60.76998022944783,1,-337.3459002424628,2015-10-01
TRAIN,20,20,dn,1424,-331.85480814237553,1,-525.4322010329611,2,193.57739289058554,2015-10-12
TRAIN,20,20,dn,1426,995.4597601868034,1,-759.6719914003957,1,1755.131751587199,2015-10-14
TRAIN,20,20,dn,1431,203.67875315237677,2,-794.9386087641161,2,998.6173619164929,2015-10-21
TRAIN,20,20,dn,1433,267.5297314064151,1,52.88153152002689,6,214.64819988638823,2015-10-26
TRAIN,20,20,dn,1434,360.6620592288713,3,317.35586348538084,2,43.30619574349049,2015-10-27
TRAIN,20,20,dn,1435,231.30495633270417,1,-174.23788625449265,4,405.5428425871968,2015-10-28
TRAIN,20,20,dn,1436,-549.4002070270159,7,-227.8328793796412,4,-321.56732764737467,2015-10-29
TRAIN,20,20,dn,1437,36.052033169022174,6,-352.7594011623428,11,388.811434331365,2015-10-30
TRAIN,20,20,dn,1438,-2944.37671611325,1,299.6304307994097,7,-3244.0071469126597,2015-11-02
TRAIN,20,20,dn,1442,1094.5241849963963,3,258.7792919917968,11,835.7448930045996,2015-11-06
TRAIN,20,20,dn,1443,169.12330698508345,2,115.83773758285922,3,53.285569402224226,2015-11-09
TRAIN,20,20,dn,1444,-168.3331145451197,2,-405.64729153095556,8,237.31417698583584,2015-11-10
TRAIN,20,20,dn,1445,415.7630766456245,3,-404.5846151902268,2,820.3476918358513,2015-11-13
TRAIN,20,20,dn,1446,-19.89665864105956,1,-956.4454485082449,2,936.5487898671854,2015-11-16
TRAIN,20,20,dn,1447,532.9288129272023,1,118.97954436458679,1,413.94926856261554,2015-11-17
TRAIN,20,20,dn,1462,316.2148449848587,1,739.9699771916306,12,-423.7551322067719,2015-12-09
TRAIN,20,20,dn,1464,409.23751548569663,1,-401.3203490459774,4,810.5578645316741,2015-12-11
TRAIN,20,20,dn,1465,699.1766669263659,1,609.4012570424544,2,89.7754098839115,2015-12-14
TRAIN,20,20,dn,1482,447.39577100774017,4,451.1551413345227,11,-3.7593703267825163,2016-01-07
TRAIN,20,20,dn,1483,-36.234170051181316,1,-59.29048124647488,5,23.056311195293567,2016-01-08
TRAIN,20,20,dn,1485,-228.09318114573068,4,-223.41967942734428,16,-4.6735017183864045,2016-01-12
TRAIN,20,20,dn,1486,615.1170440606863,5,114.82685688546238,15,500.290187175224,2016-01-13
TRAIN,20,20,dn,1488,-244.81216099400336,1,-4.906939906257748,29,-239.90522108774562,2016-01-15
TRAIN,20,20,dn,1489,1187.5064095419698,3,-386.4822552293596,13,1573.9886647713295,2016-01-18
TRAIN,20,20,dn,1516,1403.3083026972417,2,-789.272915739804,5,2192.5812184370457,2016-02-25
TRAIN,20,20,dn,1518,-697.5775133631304,2,-849.726685554766,1,152.14917219163567,2016-02-29
TRAIN,20,20,dn,1530,-738.0136120060516,1,0.7924951720362211,3,-738.8061071780878,2016-03-17
TRAIN,20,20,dn,1536,-1.4820785714298594,1,735.7272545978204,2,-737.2093331692503,2016-03-29
TRAIN,20,20,dn,1540,-775.3297556681846,1,629.2976433610639,2,-1404.6273990292484,2016-04-04
TRAIN,20,20,dn,1542,682.3858226996969,3,-484.5039023141885,3,1166.8897250138853,2016-04-06
TRAIN,20,20,dn,1544,-554.1395171497779,2,-381.0658305371597,3,-173.07368661261825,2016-04-08
TRAIN,20,20,dn,1545,-1553.3753767827247,1,-363.49089343000236,2,-1189.8844833527223,2016-04-11
TRAIN,20,20,dn,1552,541.1832142518509,1,343.12214734676405,3,198.06106690508688,2016-04-25
TRAIN,20,20,dn,1555,239.76912132153743,1,240.630241310174,1,-0.8611199886365739,2016-04-28
TRAIN,20,20,dn,1556,507.3499433937371,1,497.5769670731299,6,9.7729763206072,2016-04-29
TRAIN,20,20,dn,1558,257.4932313868405,2,93.44225236970381,9,164.05097901713668,2016-05-03
TRAIN,20,20,dn,1559,343.9148863198236,1,366.7554034838793,11,-22.84051716405571,2016-05-04
TRAIN,20,20,dn,1561,125.65846255237555,1,501.26291389536044,3,-375.6044513429849,2016-05-06
TRAIN,20,20,dn,1564,248.97589295248056,1,246.30456212343614,7,2.6713308290444218,2016-05-11
TRAIN,20,20,dn,1566,435.42506163248197,2,-826.2893719833086,4,1261.7144336157905,2016-05-13
TRAIN,20,20,dn,1567,-41.95629411292354,1,449.6585292566685,3,-491.61482336959205,2016-05-16
TRAIN,20,20,dn,1571,923.4074006333592,2,-40.82635915234395,11,964.2337597857031,2016-05-20
TRAIN,20,20,dn,1572,1076.8424516101177,2,-23.679738668665994,6,1100.5221902787837,2016-05-23
TRAIN,20,20,dn,1573,-389.349568695559,1,45.15887175710994,10,-434.50844045266894,2016-05-24
TRAIN,20,20,dn,1581,2113.684105505879,1,253.6780666633924,2,1860.0060388424865,2016-06-03
TRAIN,20,20,dn,1591,-1182.0050581302876,1,324.25065654904563,2,-1506.2557146793333,2016-06-17
TRAIN,20,20,dn,1596,-199.45221237828548,10,172.07065635948317,15,-371.52286873776865,2016-06-24
TRAIN,20,20,dn,1597,311.6106441325617,2,284.6672882379678,4,26.94335589459388,2016-06-27
TRAIN,20,20,dn,1609,-1057.6622907569097,1,1330.4753719391695,2,-2388.137662696079,2016-07-14
TRAIN,20,20,dn,1611,667.9524536044705,1,433.4837056140049,2,234.4687479904656,2016-07-18
TRAIN,20,20,dn,1613,539.4580337325156,1,438.1291697948259,1,101.32886393768968,2016-07-20
TRAIN,20,20,dn,1617,-255.82733556087547,1,-898.9606956774012,1,643.1333601165258,2016-07-26
TRAIN,20,20,dn,1618,-58.468759708121475,1,-387.17930519364035,2,328.7105454855189,2016-07-27
TRAIN,20,20,dn,1621,366.4767700319721,1,-361.85244098881935,4,728.3292110207915,2016-08-01
TRAIN,20,20,dn,1622,-362.1509560864905,1,106.81142553763395,9,-468.9623816241245,2016-08-02
TRAIN,20,20,dn,1625,-500.3823938379644,1,880.8787647597243,2,-1381.2611585976888,2016-08-05
TRAIN,20,20,dn,1626,1446.8969371040755,3,-549.7819949465214,1,1996.6789320505968,2016-08-08
TRAIN,20,20,dn,1627,1219.10456247737,2,1012.4224343888882,2,206.68212808848193,2016-08-09
TRAIN,20,20,dn,1628,-119.44056684542632,1,119.11105897270811,9,-238.55162581813443,2016-08-10
TRAIN,20,20,dn,1629,52.656293911023326,2,-154.7415552813666,7,207.3978491923899,2016-08-11
TRAIN,20,20,dn,1636,-254.3800632525138,1,606.621740338096,1,-861.0018035906097,2016-08-23
TRAIN,20,20,dn,1643,186.19596594820632,1,1896.6941292787767,1,-1710.4981633305704,2016-09-01
TRAIN,20,20,dn,1649,-772.467516493376,5,-198.78705669941408,13,-573.680459793962,2016-09-12
TRAIN,20,20,dn,1651,-176.75577523444463,1,-728.1279446788576,2,551.372169444413,2016-09-15
TRAIN,20,20,dn,1652,-670.6703158127852,2,-894.3236093174249,3,223.6532935046397,2016-09-16
TRAIN,20,20,dn,1657,703.7273073963225,1,493.34944938962974,2,210.3778580066928,2016-09-23
TRAIN,20,20,dn,1661,-201.70947168982948,20,167.52468892790682,27,-369.2341606177363,2016-09-29
TRAIN,20,20,dn,1669,-308.2021978723934,2,31.30967674313078,6,-339.5118746155242,2016-10-13
TRAIN,20,20,dn,1671,-395.9928292499215,1,86.61212477095702,5,-482.6049540208785,2016-10-17
TRAIN,20,20,dn,1675,129.20371613186126,2,-1450.5109275360535,3,1579.7146436679147,2016-10-21
TRAIN,20,20,dn,1678,-624.7702177002145,1,163.66233204715817,5,-788.4325497473727,2016-10-26
TRAIN,20,20,dn,1679,374.8673611793042,2,-748.0405179881809,6,1122.9078791674851,2016-10-27
TRAIN,20,20,dn,1682,891.2608295484404,1,78.57348365978947,25,812.687345888651,2016-11-02
TRAIN,20,20,dn,1683,-336.1238691868437,1,-74.14365472893684,19,-261.98021445790687,2016-11-03
TRAIN,20,20,dn,1684,371.98075552162584,4,31.355732012691387,13,340.6250235089345,2016-11-04
TRAIN,20,20,dn,1687,305.73547254396993,6,-290.83086367387943,5,596.5663362178493,2016-11-09
TRAIN,20,20,dn,1689,1541.4279543522036,2,-43.01288804182853,2,1584.4408423940322,2016-11-11
TRAIN,20,20,dn,1690,274.6426776824759,2,-72.56960756542254,8,347.2122852478984,2016-11-15
TRAIN,20,20,dn,1712,502.95299057366816,1,445.07705558114696,2,57.875934992521195,2016-12-15
TRAIN,20,20,dn,1716,757.1117734275601,2,-873.2664654090853,5,1630.3782388366453,2016-12-21
TRAIN,20,20,dn,1718,1804.1425041498205,1,74.54383800759983,11,1729.5986661422207,2016-12-23
TRAIN,20,20,dn,1719,-483.61883048794044,3,-333.03966112161623,31,-150.5791693663242,2016-12-26
TRAIN,20,20,dn,1743,1991.8242367302944,1,-242.7153055015538,1,2234.5395422318484,2017-01-30
TRAIN,20,20,dn,1744,-190.01223603596918,3,-177.5788270517281,6,-12.433408984241083,2017-01-31
TRAIN,20,20,dn,1746,684.4653212368936,1,855.0625235324451,1,-170.59720229555148,2017-02-02
TRAIN,20,20,dn,1749,-54.80134403397018,1,171.97854866112795,1,-226.7798926950981,2017-02-07
TRAIN,20,20,dn,1753,112.62242907883514,3,79.18456928512539,3,33.43785979370975,2017-02-13
TRAIN,20,20,dn,1754,572.744125355064,1,514.5882142453306,2,58.15591110973344,2017-02-14
TRAIN,20,20,dn,1760,-407.65433379825635,2,70.0725402187926,3,-477.72687401704894,2017-02-22
TRAIN,20,20,dn,1761,-264.3235410610437,1,517.3994028053472,1,-781.722943866391,2017-02-23
TRAIN,20,20,dn,1762,227.61724629923114,1,162.95541960767008,3,64.66182669156106,2017-02-27
TRAIN,20,20,dn,1763,194.13214143496268,1,-294.3174378699159,3,488.4495793048786,2017-02-28
TRAIN,20,20,dn,1764,360.2914543151453,1,289.7184521239882,2,70.57300219115712,2017-03-01
TRAIN,20,20,dn,1765,357.169502757332,1,-174.8902630561254,8,532.0597658134574,2017-03-02
TRAIN,20,20,dn,1766,34.56808186409734,1,-112.94462171477414,7,147.51270357887148,2017-03-03
TRAIN,20,20,dn,1771,433.69929295348635,1,40.77244692442441,9,392.92684602906195,2017-03-10
TRAIN,20,20,dn,1772,701.3378376121216,1,284.55399591061365,1,416.7838417015079,2017-03-14
TRAIN,20,20,dn,1777,318.03359745555343,1,118.70603014170062,2,199.3275673138528,2017-03-21
TRAIN,20,20,dn,1790,-9.173071524220532,1,19.4133557858772,2,-28.586427310097733,2017-04-10
TRAIN,20,20,dn,1791,1895.0210760609248,1,701.0200515100289,2,1194.0010245508959,2017-04-11
TRAIN,20,20,dn,1794,464.22023218663344,1,130.664512399847,5,333.5557197867864,2017-04-17
TRAIN,20,20,dn,1802,240.2639164505514,1,675.5651478516787,3,-435.3012314011273,2017-04-27
TRAIN,20,20,dn,1805,-697.5815558745211,1,180.61897691982878,5,-878.2005327943499,2017-05-03
TRAIN,20,20,dn,1812,-118.02931658187507,1,-618.2846507006938,2,500.2553341188187,2017-05-12
TRAIN,20,20,dn,1813,94.84417706511535,1,-659.6525026435371,3,754.4966797086524,2017-05-15
TRAIN,20,20,dn,1816,-564.4597902521134,1,121.28735238018284,9,-685.7471426322962,2017-05-18
TRAIN,20,20,dn,1817,94.69694717712078,2,-151.58886569914802,13,246.28581287626878,2017-05-19
TRAIN,20,20,dn,1818,31.066676033592692,1,-59.363020957888075,14,90.42969699148077,2017-05-22
TRAIN,20,20,dn,1819,1398.053946676695,6,-277.77106188188145,16,1675.8250085585764,2017-05-23
TRAIN,20,20,dn,1820,-267.7597128116136,2,84.2422644218691,13,-352.0019772334827,2017-05-24
TRAIN,20,20,dn,1842,773.9251720048054,2,62.59003559671593,16,711.3351364080895,2017-06-23
TRAIN,20,20,dn,1843,92.304825428641,1,27.744794794402814,14,64.56003063423819,2017-06-27
TRAIN,20,20,dn,1845,-75.01986283388356,1,-457.3390512790096,1,382.31918844512603,2017-06-29
TRAIN,20,20,dn,1847,140.09596815134265,2,832.7686295804643,2,-692.6726614291217,2017-07-03
TRAIN,20,20,dn,1864,761.8344449661048,3,363.696944632432,2,398.1375003336728,2017-07-27
TRAIN,20,20,dn,1866,671.8093588240336,1,2423.2373493398095,1,-1751.427990515776,2017-07-31
TRAIN,20,20,dn,1868,-303.6775359547527,2,-253.62242902658517,7,-50.05510692816756,2017-08-02
TRAIN,20,20,dn,1869,230.2990097794978,2,233.13419950123185,12,-2.8351897217340536,2017-08-03
TRAIN,20,20,dn,1870,421.1190980079229,3,354.86154836626673,3,66.25754964165617,2017-08-04
TRAIN,20,20,dn,1873,110.34260969259392,4,-225.8002132078222,21,336.14282290041615,2017-08-09
TRAIN,20,20,dn,1874,-34.671841253111324,7,-168.29674724127173,13,133.6249059881604,2017-08-10
TRAIN,20,20,dn,1875,93.00134586544436,4,397.841716190474,8,-304.84037032502965,2017-08-11
TRAIN,20,20,dn,1896,561.6472096609842,2,315.2949034235501,2,246.3523062374341,2017-09-13
TRAIN,20,20,dn,1901,378.77443611954106,1,122.72512822981032,4,256.04930788973076,2017-09-20
TRAIN,20,20,dn,1903,-429.0360212377714,2,-153.84771677449675,29,-275.1883044632747,2017-09-22
TRAIN,20,20,dn,1904,-234.83061013407706,2,191.04897946280624,21,-425.8795895968833,2017-09-25
TRAIN,20,20,dn,1905,-201.90177818032555,1,496.8285242213787,6,-698.7303024017042,2017-09-26
TRAIN,20,20,dn,1906,637.1901204068081,1,-219.3040583113181,25,856.4941787181262,2017-09-27
TRAIN,20,20,dn,1907,592.8831802403421,2,96.20510759847662,6,496.67807264186547,2017-09-28
TRAIN,20,20,dn,1908,128.1805039914967,1,1838.101125939316,1,-1709.9206219478194,2017-09-29
TRAIN,20,20,dn,1920,-1483.632087225043,1,-3253.9172639312396,1,1770.2851767061966,2017-10-18
TRAIN,20,20,dn,1923,-25.117252802260154,1,-1795.7240242152673,2,1770.6067714130072,2017-10-25
TRAIN,20,20,dn,1927,61.059900674065375,1,84.48910085618662,1,-23.42920018212125,2017-10-31
TRAIN,20,20,dn,1929,523.0667548967064,1,-22.135775971231794,2,545.2025308679381,2017-11-02
TRAIN,20,20,dn,1932,240.67139274285722,2,226.9880071645759,10,13.683385578281332,2017-11-07
TRAIN,20,20,dn,1933,-683.5846486605885,1,-172.51192429233873,10,-511.0727243682498,2017-11-08
TRAIN,20,20,dn,1934,677.7221690104307,2,-491.7317735335492,2,1169.4539425439798,2017-11-09
TRAIN,20,20,dn,1936,533.8037598711264,2,328.29205246025333,11,205.5117074108731,2017-11-13
TRAIN,20,20,dn,1937,1090.7914808142411,1,238.11209798017498,2,852.6793828340661,2017-11-14
TRAIN,20,20,dn,1938,99.08651608509398,2,-168.12221859359482,11,267.2087346786888,2017-11-15
TRAIN,20,20,dn,1939,-363.8531682864792,1,41.74894664477133,1,-405.6021149312505,2017-11-16
TRAIN,20,20,dn,1945,-767.3725140007051,1,-62.87546361516551,1,-704.4970503855396,2017-11-24
TRAIN,20,20,dn,1949,426.1648182117881,1,411.6070056263197,2,14.557812585468412,2017-11-30
TRAIN,63,5,up,517,-490.7989046141911,2,-37.72759117672673,5,-453.07131343746437,2012-02-01
TRAIN,63,5,up,518,155.00755239539552,5,-116.62784492538837,5,271.6353973207839,2012-02-02
TRAIN,63,5,up,519,-540.8869956521688,5,322.13723437031473,7,-863.0242300224836,2012-02-03
TRAIN,63,5,up,520,-211.06228763882658,2,156.72877893549932,4,-367.7910665743259,2012-02-06
TRAIN,63,5,up,521,-462.3376573051213,2,-349.19350209314683,1,-113.14415521197446,2012-02-07
TRAIN,63,5,up,522,1286.517092660176,2,118.64567126606003,4,1167.8714213941162,2012-02-08
TRAIN,63,5,up,524,16.5082375689135,4,52.20768510121027,5,-35.699447532296766,2012-02-10
TRAIN,63,5,up,525,-1210.1918732128966,2,-104.0378101240176,4,-1106.154063088879,2012-02-13
TRAIN,63,5,up,526,66.25910534149283,3,-530.8356390475176,2,597.0947443890104,2012-02-14
TRAIN,63,5,up,527,397.50372326119793,5,-191.33913312973272,8,588.8428563909306,2012-02-15
TRAIN,63,5,up,528,66.39536386374219,2,624.6981801961106,1,-558.3028163323684,2012-02-16
TRAIN,63,5,up,529,174.07915363768302,1,210.79089899296312,1,-36.7117453552801,2012-02-17
TRAIN,63,5,up,534,-177.33762975943745,1,-451.1365182615622,1,273.7988885021247,2012-02-27
TRAIN,63,5,up,550,652.1057328325757,3,-86.56306317243339,3,738.6687960050091,2012-03-21
TRAIN,63,5,up,557,-371.8126853384711,1,-562.9550348041616,1,191.14234946569053,2012-03-30
TRAIN,63,5,up,560,712.9955461025527,1,338.9208226850825,2,374.0747234174702,2012-04-04
TRAIN,63,5,up,563,-5.784687714136678,2,1.8235202743786816,1,-7.6082079885153595,2012-04-11
TRAIN,63,5,up,565,508.02322855691625,1,89.5408595434254,1,418.4823690134908,2012-04-13
TRAIN,63,5,up,568,-59.599952112331586,1,467.7973016878854,3,-527.397253800217,2012-04-18
TRAIN,63,5,up,611,276.097052530519,1,-319.6818852431177,1,595.7789377736367,2012-06-19
TRAIN,63,5,up,612,-271.7430878209635,1,-124.40018773798397,2,-147.34290008297955,2012-06-20
TRAIN,63,5,up,616,91.3398850229999,1,-367.15575030175836,3,458.49563532475827,2012-06-26
TRAIN,63,5,up,620,-231.1633363614694,2,-269.9415161290529,3,38.77817976758351,2012-07-02
TRAIN,63,5,up,621,-304.4904663289369,2,-270.6384896987644,2,-33.851976630172544,2012-07-03
TRAIN,63,5,up,622,-34.889754233671596,3,74.57316136950934,4,-109.46291560318093,2012-07-04
TRAIN,63,5,up,623,5.156961780573222,3,80.80405086263474,2,-75.64708908206151,2012-07-05
TRAIN,63,5,up,624,-270.00449677532794,2,175.20344259370984,1,-445.2079393690378,2012-07-06
TRAIN,63,5,up,626,-140.75877675876805,2,482.11973761145504,1,-622.8785143702231,2012-07-10
TRAIN,63,5,up,633,56.9093223461823,1,122.66172040762892,2,-65.75239806144663,2012-07-19
TRAIN,63,5,up,640,-371.2603452374165,1,226.54787788610506,1,-597.8082231235215,2012-07-30
TRAIN,63,5,up,642,-219.91968992627162,3,-170.42325797083345,5,-49.49643195543817,2012-08-01
TRAIN,63,5,up,643,362.8534306051657,2,246.68426064507705,1,116.16916996008868,2012-08-02
TRAIN,63,5,up,644,285.2441906602851,2,1005.4356361148278,2,-720.1914454545428,2012-08-03
TRAIN,63,5,up,646,-20.088594924648966,2,216.93020136126984,2,-237.0187962859188,2012-08-07
TRAIN,63,5,up,648,-14.254127405206873,2,-254.83036510672233,3,240.57623770151545,2012-08-09
TRAIN,63,5,up,649,-22.517138815497177,1,-0.08430697245716268,1,-22.432831843040013,2012-08-10
TRAIN,63,5,up,652,805.1989476396155,1,177.03109795425178,1,628.1678496853638,2012-08-16
TRAIN,63,5,up,654,-225.6593758726174,2,12.457651345825008,1,-238.11702721844242,2012-08-21
TRAIN,63,5,up,656,132.96469177899965,2,751.1361543575508,1,-618.1714625785512,2012-08-23
TRAIN,63,5,up,668,-817.1766282163944,1,189.85117592446093,2,-1007.0278041408553,2012-09-10
TRAIN,63,5,up,669,-515.0894290094731,1,-361.95328513293987,2,-153.1361438765332,2012-09-11
TRAIN,63,5,up,672,-155.89355945392504,3,-680.68224840212,1,524.7886889481949,2012-09-14
TRAIN,63,5,up,673,-217.74078162498668,4,-634.9312212581497,1,417.190439633163,2012-09-17
TRAIN,63,5,up,674,-191.33566624750466,9,-26.526858712990947,3,-164.8088075345137,2012-09-18
TRAIN,63,5,up,675,31.072582291113704,1,-519.5195865038174,1,550.5921687949311,2012-09-20
TRAIN,63,5,up,676,27.165982411372315,7,-186.93663826740269,1,214.102620678775,2012-09-21
TRAIN,63,5,up,678,31.108560904809774,6,20.85069715352202,2,10.257863751287754,2012-09-25
TRAIN,63,5,up,680,-234.61880929487012,2,25.637581318003896,2,-260.25639061287404,2012-09-27
TRAIN,63,5,up,681,169.95397380068061,3,-333.57593380323357,3,503.5299076039142,2012-09-28
TRAIN,63,5,up,683,-85.05074400720471,4,-496.98770368544376,1,411.9369596782391,2012-10-03
TRAIN,63,5,up,684,-272.0335512836002,5,-554.9200383490784,1,282.88648706547815,2012-10-04
TRAIN,63,5,up,690,-316.02914457183584,2,126.48520025557573,1,-442.5143448274116,2012-10-12
TRAIN,63,5,up,706,-262.2357466333177,2,-239.88060272341974,2,-22.355143909897976,2012-11-06
TRAIN,63,5,up,707,1313.258538408657,1,29.816313153026787,3,1283.44222525563,2012-11-07
TRAIN,63,5,up,710,36.53950349922538,1,-149.1824333253268,2,185.7219368245522,2012-11-12
TRAIN,63,5,up,711,541.9672141017513,4,-348.1003906779838,2,890.0676047797351,2012-11-15
TRAIN,63,5,up,721,-16.15602564862803,5,97.9957114013669,5,-114.15173704999494,2012-11-30
TRAIN,63,5,up,722,-47.917807172914124,2,192.2323777372903,2,-240.15018491020442,2012-12-03
TRAIN,63,5,up,724,184.82159008065582,4,-261.95745948500485,1,446.77904956566067,2012-12-05
TRAIN,63,5,up,725,228.44340417046752,2,50.43054490101698,3,178.01285926945053,2012-12-06
TRAIN,63,5,up,727,-94.85784777233732,6,306.2666400833666,1,-401.12448785570393,2012-12-10
TRAIN,63,5,up,729,-785.77442938916,1,406.87738232040857,1,-1192.6518117095686,2012-12-12
TRAIN,63,5,up,730,376.82556594917355,1,-1672.836269799617,1,2049.6618357487905,2012-12-13
TRAIN,63,5,up,733,99.55938099968962,5,7.912107768650451,1,91.64727323103918,2012-12-18
TRAIN,63,5,up,734,123.22006547452827,3,89.63669475674993,1,33.58337071777834,2012-12-19
TRAIN,63,5,up,744,-95.1719261424676,5,-96.60917501641296,1,1.4372488739453644,2013-01-03
TRAIN,63,5,up,746,-99.70286418589137,2,294.62154492838977,2,-394.32440911428114,2013-01-07
TRAIN,63,5,up,748,-176.2187110282683,3,136.69739341568496,1,-312.91610444395326,2013-01-09
TRAIN,63,5,up,755,-276.06672136028993,3,-285.3261562251837,1,9.259434864893763,2013-01-18
TRAIN,63,5,up,764,-13.560141577386858,1,164.44509621077893,1,-178.0052377881658,2013-01-31
TRAIN,63,5,up,790,413.7932720344829,1,903.1722002315713,1,-489.3789281970884,2013-03-08
TRAIN,63,5,up,796,1141.0724682594268,1,251.95511919214027,1,889.1173490672866,2013-03-18
TRAIN,63,5,up,818,74.67026442582312,2,-158.5880533123529,3,233.25831773817603,2013-04-22
TRAIN,63,5,up,822,381.5337813287187,1,-85.85718091480041,1,467.3909622435191,2013-04-29
TRAIN,63,5,up,823,-115.3676812629256,2,-241.93050200394248,1,126.56282074101688,2013-04-30
TRAIN,63,5,up,824,-27.86908748199552,4,-447.5597242851243,3,419.69063680312877,2013-05-02
TRAIN,63,5,up,826,448.5469186733277,2,128.73556047977635,1,319.8113581935513,2013-05-06
TRAIN,63,5,up,827,-554.9025369626993,1,-195.77586653730896,3,-359.12667042539033,2013-05-07
TRAIN,63,5,up,828,-172.82821795985865,2,-104.07796387444628,4,-68.75025408541237,2013-05-08
TRAIN,63,5,up,830,948.2267781904375,1,-414.4862742706107,2,1362.7130524610482,2013-05-10
TRAIN,63,5,up,832,-618.1976961591863,1,426.7824790501917,1,-1044.980175209378,2013-05-14
TRAIN,63,5,up,833,171.8658520762434,5,162.3787724406735,6,9.487079635569927,2013-05-15
TRAIN,63,5,up,834,-348.2459704032418,2,-337.7075395282198,4,-10.538430875022016,2013-05-16
TRAIN,63,5,up,835,-63.28939003040565,3,321.2058057442069,2,-384.4951957746125,2013-05-17
TRAIN,63,5,up,844,75.2237037849516,2,139.1317932981049,1,-63.9080895131533,2013-05-30
TRAIN,63,5,up,857,-134.6826763864545,1,658.1501782253357,1,-792.8328546117903,2013-06-18
TRAIN,63,5,up,865,181.29345245931952,1,-283.13959430060385,1,464.4330467599234,2013-06-28
TRAIN,63,5,up,872,-202.91365451380472,2,278.76956786065676,5,-481.6832223744615,2013-07-09
TRAIN,63,5,up,875,676.4442324434009,1,994.3477574897821,1,-317.9035250463812,2013-07-12
TRAIN,63,5,up,878,454.2444714785708,3,61.50921682810021,2,392.7352546504706,2013-07-17
TRAIN,63,5,up,880,730.9965428447409,1,-209.3676056594438,1,940.3641485041848,2013-07-19
TRAIN,63,5,up,906,389.4411171609901,1,-878.8023273337109,1,1268.243444494701,2013-08-28
TRAIN,63,5,up,907,-335.60268597496946,3,-315.3324259942003,2,-20.27025998076914,2013-08-29
TRAIN,63,5,up,915,-94.28860222228718,1,151.6140704958152,1,-245.9026727181024,2013-09-11
TRAIN,63,5,up,921,264.1061821923765,3,145.50353208929891,11,118.60265010307756,2013-09-19
TRAIN,63,5,up,922,-346.4580991170514,3,452.6799564398088,2,-799.1380555568602,2013-09-20
TRAIN,63,5,up,923,-708.5095272445652,1,-263.8954471987897,1,-444.6140800457755,2013-09-23
TRAIN,63,5,up,926,-196.822288501399,1,391.24047701705217,2,-588.0627655184512,2013-09-26
TRAIN,63,5,up,929,-546.7531799169182,1,-174.0398460543438,1,-372.71333386257436,2013-10-01
TRAIN,63,5,up,930,-170.27320306760436,1,-91.68989107333186,2,-78.58331199427249,2013-10-03
TRAIN,63,5,up,931,-312.0511308748259,2,709.2446320540002,1,-1021.2957629288262,2013-10-04
TRAIN,63,5,up,932,413.6527460746655,2,-220.10131111921365,5,633.7540571938791,2013-10-07
TRAIN,63,5,up,935,109.10234519923267,2,155.07127479839878,1,-45.9689295991661,2013-10-10
TRAIN,63,5,up,940,-105.4166841618807,3,-309.2808509976317,3,203.864166835751,2013-10-18
TRAIN,63,5,up,941,321.1287837725773,5,-182.42549462471803,6,503.5542783972953,2013-10-21
TRAIN,63,5,up,942,-102.72126376359513,3,-261.0858065563693,3,158.36454279277416,2013-10-22
TRAIN,63,5,up,943,-261.3163160765333,2,67.16230663769335,1,-328.4786227142267,2013-10-23
TRAIN,63,5,up,944,1873.7003735480496,3,-82.133779789033,1,1955.8341533370826,2013-10-24
TRAIN,63,5,up,948,-175.30846519591566,4,-493.2458667138105,1,317.93740151789484,2013-10-30
TRAIN,63,5,up,949,-161.12488124996972,7,-270.89367490351225,5,109.76879365354253,2013-10-31
TRAIN,63,5,up,950,-311.5952280949185,12,-52.24881546955529,6,-259.34641262536326,2013-11-01
TRAIN,63,5,up,951,-641.7750891957076,5,300.17235891917693,6,-941.9474481148845,2013-11-05
TRAIN,63,5,up,952,165.51070587337765,3,304.30888476771804,3,-138.7981788943404,2013-11-06
TRAIN,63,5,up,958,1093.2664428758274,1,-340.6968121287949,1,1433.9632550046222,2013-11-14
TRAIN,63,5,up,967,-240.48142906404536,1,96.95792696404163,2,-337.439356028087,2013-11-28
TRAIN,63,5,up,972,-62.5578059579251,3,-338.1416339277367,3,275.5838279698116,2013-12-05
TRAIN,63,5,up,973,32.14166239442366,1,-203.96154601007927,5,236.10320840450294,2013-12-06
TRAIN,63,5,up,974,-701.4730976692981,2,-339.97348229255016,8,-361.49961537674795,2013-12-09
TRAIN,63,5,up,983,22.565165133963845,2,-37.5650235329019,3,60.13018866686574,2013-12-20
TRAIN,63,5,up,984,-217.38554366080152,1,-128.18591164608338,1,-89.19963201471813,2013-12-23
TRAIN,63,5,up,985,216.7246720922096,1,-204.10918549671442,3,420.83385758892405,2013-12-24
TRAIN,63,5,up,987,-244.41830024792165,2,-211.86686114269438,1,-32.551439105227274,2013-12-27
TRAIN,63,5,up,988,-63.130127460023274,1,598.101660852786,1,-661.2317883128093,2013-12-30
TRAIN,63,5,up,990,293.715528312282,3,-351.8642642924704,4,645.5797926047524,2014-01-01
TRAIN,63,5,up,992,-738.892551043677,2,387.60605083868137,3,-1126.4986018823583,2014-01-03
TRAIN,63,5,up,993,938.3372447586372,2,-80.48170930964854,1,1018.8189540682857,2014-01-06
TRAIN,63,5,up,995,-160.56925377903312,1,201.700977081078,1,-362.27023086011116,2014-01-08
TRAIN,63,5,up,1002,225.19461873424672,1,32.75758994740736,1,192.43702878683936,2014-01-17
TRAIN,63,5,up,1005,776.1640017544428,1,-5.877056375379261,1,782.0410581298221,2014-01-22
TRAIN,63,5,up,1016,-91.24199569786151,1,-603.4487343609028,1,512.2067386630413,2014-02-06
TRAIN,63,5,up,1017,608.9410848922809,1,138.88834895966303,1,470.0527359326178,2014-02-07
TRAIN,63,5,up,1020,-242.46067972349724,1,1138.2250288441398,1,-1380.685708567637,2014-02-12
TRAIN,63,5,up,1021,73.30203274316662,1,-176.20380269736444,2,249.50583544053106,2014-02-13
TRAIN,63,5,up,1027,238.17117753943796,1,191.61374454112257,1,46.55743299831539,2014-02-21
TRAIN,63,5,up,1029,-320.6239737546195,1,-133.528720743255,2,-187.0952530113645,2014-02-25
TRAIN,63,5,up,1030,-117.75771028912553,4,-315.57664495500535,4,197.81893466587982,2014-02-26
TRAIN,63,5,up,1033,-650.3595570873978,3,-212.30822444959864,2,-438.05133263779913,2014-03-04
TRAIN,63,5,up,1035,-566.399448919988,3,239.69044398211963,4,-806.0898929021076,2014-03-06
TRAIN,63,5,up,1036,457.5480293130963,5,278.8564601566089,1,178.69156915648745,2014-03-07
TRAIN,63,5,up,1037,118.2050623993852,6,157.2934473929778,3,-39.08838499359261,2014-03-10
TRAIN,63,5,up,1038,-357.68449001847773,2,-309.7079666698149,1,-47.97652334866285,2014-03-11
TRAIN,63,5,up,1040,188.14202000543983,1,-304.7114551134253,1,492.85347511886516,2014-03-13
TRAIN,63,5,up,1042,39.259979808363134,1,120.92646095867076,4,-81.66648115030762,2014-03-18
TRAIN,63,5,up,1046,895.8917230714607,2,-198.52194792014348,1,1094.4136709916042,2014-03-24
TRAIN,63,5,up,1047,-401.3495770035678,1,-19.494598739407195,4,-381.8549782641606,2014-03-25
TRAIN,63,5,up,1048,-20.389359285659935,2,-209.33602848390842,3,188.9466691982485,2014-03-26
TRAIN,63,5,up,1050,-389.8378594775112,2,-55.88240089999791,3,-333.9554585775133,2014-03-28
TRAIN,63,5,up,1051,144.27810146167715,1,566.0217745463173,3,-421.74367308464014,2014-03-31
TRAIN,63,5,up,1053,-191.48826035948684,2,-436.75307203433283,4,245.264811674846,2014-04-02
TRAIN,63,5,up,1055,353.35679904173617,3,186.29883859050005,1,167.0579604512361,2014-04-04
TRAIN,63,5,up,1056,-437.07174930722084,2,710.1259245231776,2,-1147.1976738303983,2014-04-07
TRAIN,63,5,up,1057,174.93404048157797,6,-114.358273437789,5,289.29231391936696,2014-04-09
TRAIN,63,5,up,1058,-229.62865826948726,4,306.28514558750686,1,-535.9138038569942,2014-04-10
TRAIN,63,5,up,1059,77.78944302397444,1,39.91501906084099,1,37.87442396313345,2014-04-11
TRAIN,63,5,up,1063,278.7157822023853,2,245.91879407123182,2,32.79698813115348,2014-04-21
TRAIN,63,5,up,1064,796.3080496827822,1,1700.0608090646817,1,-903.7527593818995,2014-04-22
TRAIN,63,5,up,1066,-772.5835997060602,1,46.09763191918689,3,-818.6812316252472,2014-04-25
TRAIN,63,5,up,1067,620.8598406695085,1,43.696967420516444,2,577.162873248992,2014-04-28
TRAIN,63,5,up,1071,-386.6110761031545,1,387.5450204598556,1,-774.1560965630101,2014-05-05
TRAIN,63,5,up,1075,15.848619375541245,1,1431.9788508964325,2,-1416.1302315208914,2014-05-09
TRAIN,63,5,up,1076,-519.2401675074257,1,219.74088324606168,3,-738.9810507534874,2014-05-12
TRAIN,63,5,up,1077,-213.30294992124004,3,262.4866187279229,4,-475.78956864916296,2014-05-13
TRAIN,63,5,up,1078,-621.9723133951878,2,95.92186100910529,3,-717.8941744042932,2014-05-14
TRAIN,63,5,up,1080,497.8159291084085,6,1172.0477016050413,1,-674.2317724966329,2014-05-16
TRAIN,63,5,up,1081,133.79370687502194,8,237.9222955275909,5,-104.12858865256896,2014-05-19
TRAIN,63,5,up,1082,-74.3959562884299,5,-421.4806705314718,2,347.0847142430419,2014-05-20
TRAIN,63,5,up,1083,-717.1387535464833,3,-60.58364151225689,2,-656.5551120342263,2014-05-21
TRAIN,63,5,up,1084,70.85866083900146,2,-134.33525874425936,1,205.19391958326082,2014-05-22
TRAIN,63,5,up,1094,541.626200973303,2,195.62680112509986,2,345.9993998482031,2014-06-05
TRAIN,63,5,up,1095,-251.9589241652094,1,-32.23837836973289,1,-219.7205457954765,2014-06-06
TRAIN,63,5,up,1096,656.6068022234098,1,545.1019244353264,2,111.50487778808338,2014-06-09
TRAIN,63,5,up,1097,22.182303844267647,3,257.2180112680637,2,-235.03570742379608,2014-06-10
TRAIN,63,5,up,1099,-38.41996551289292,1,877.0277983447635,1,-915.4477638576564,2014-06-12
TRAIN,63,5,up,1102,-422.0012162324772,1,348.66537287873695,1,-770.6665891112141,2014-06-17
TRAIN,63,5,up,1110,-13.405272764475166,5,658.9555442528684,3,-672.3608170173436,2014-06-27
TRAIN,63,5,up,1116,669.3746755177708,1,296.3417846966325,2,373.0328908211383,2014-07-07
TRAIN,63,5,up,1128,-463.67494988315815,1,322.9770644903114,2,-786.6520143734696,2014-07-23
TRAIN,63,5,up,1131,-573.2752460859462,1,-147.5792532694501,1,-425.6959928164961,2014-07-28
TRAIN,63,5,up,1132,-195.01405814983585,1,-456.328808698385,1,261.3147505485491,2014-07-30
TRAIN,63,5,up,1137,501.754229614996,1,743.1828030987267,2,-241.4285734837307,2014-08-06
TRAIN,63,5,up,1144,-82.73124603037081,2,306.7983609154318,2,-389.5296069458026,2014-08-18
TRAIN,63,5,up,1145,318.4628738248073,1,525.1893943133633,1,-206.72652048855605,2014-08-19
TRAIN,63,5,up,1146,465.2173203264685,2,137.9371602476141,2,327.2801600788544,2014-08-20
TRAIN,63,5,up,1147,-11.729307420941664,1,61.4412964437612,2,-73.17060386470287,2014-08-21
TRAIN,63,5,up,1149,-323.9983605814477,1,-145.7129800021927,1,-178.285380579255,2014-08-25
TRAIN,63,5,up,1152,180.82687277618183,1,190.24788293454765,1,-9.421010158365817,2014-08-28
TRAIN,63,5,up,1153,313.4916988362818,4,-179.86500726358778,6,493.3567060998696,2014-09-01
TRAIN,63,5,up,1154,800.2428654229825,1,-154.29692428392278,1,954.5397897069053,2014-09-02
TRAIN,63,5,up,1155,-147.8883723725153,1,-260.5345775051402,1,112.64620513262489,2014-09-03
TRAIN,63,5,up,1156,-186.36301652901537,1,-569.5299358661465,1,383.16691933713116,2014-09-04
TRAIN,63,5,up,1157,206.5194222008478,5,-1466.0075600526345,1,1672.5269822534824,2014-09-05
TRAIN,63,5,up,1158,4.480227081246412,2,-316.14335220355025,2,320.6235792847967,2014-09-08
TRAIN,63,5,up,1161,-101.79598260288151,2,580.7154188736961,2,-682.5114014765776,2014-09-11
TRAIN,63,5,up,1163,-542.2800597210485,1,-28.506229997521253,1,-513.7738297235272,2014-09-15
TRAIN,63,5,up,1167,-181.70837077697885,3,812.9997124054196,1,-994.7080831823985,2014-09-19
TRAIN,63,5,up,1178,326.9731048158144,1,658.194633159254,1,-331.22152834343956,2014-10-09
TRAIN,63,5,up,1184,135.76806260218612,1,-257.3263974006702,1,393.0944600028563,2014-10-20
TRAIN,63,5,up,1185,315.53737865663913,1,-73.09187469115395,2,388.6292533477931,2014-10-21
TRAIN,63,5,up,1186,-1214.473779648379,1,110.64857815355222,1,-1325.1223578019312,2014-10-22
TRAIN,63,5,up,1188,-664.019480663289,2,-265.03717641721903,5,-398.98230424606993,2014-10-28
TRAIN,63,5,up,1191,-113.62951204899713,1,94.67504902448155,3,-208.30456107347868,2014-10-31
TRAIN,63,5,up,1192,207.67473288236397,5,823.0597252326422,2,-615.3849923502783,2014-11-03
TRAIN,63,5,up,1193,-261.61799917767945,4,168.07446552278688,2,-429.6924647004663,2014-11-05
TRAIN,63,5,up,1194,-180.7586518885956,3,79.3136539506772,5,-260.0723058392728,2014-11-07
TRAIN,63,5,up,1195,-270.5211632380294,4,-353.34544722962596,1,82.82428399159659,2014-11-10
TRAIN,63,5,up,1196,-75.05979894412421,2,-400.93153057271894,1,325.8717316285947,2014-11-11
TRAIN,63,5,up,1197,64.86875773507164,2,-8.444233561091668,1,73.3129912961633,2014-11-12
TRAIN,63,5,up,1199,-69.3054440628748,2,1092.2361471733145,1,-1161.5415912361893,2014-11-14
TRAIN,63,5,up,1200,196.92572746757838,2,-231.59001852918712,3,428.51574599676553,2014-11-17
TRAIN,63,5,up,1201,-609.215358549599,1,-33.59872503704564,4,-575.6166335125534,2014-11-18
TRAIN,63,5,up,1209,612.9495729207049,2,-80.16888039377919,1,693.1184533144841,2014-11-28
TRAIN,63,5,up,1213,541.7373005894646,2,272.2890312166584,1,269.4482693728062,2014-12-04
TRAIN,63,5,up,1229,1196.3623087526412,1,-271.5875819680066,2,1467.9498907206478,2014-12-29
TRAIN,63,5,up,1230,247.03509363392945,1,463.0838375878988,1,-216.04874395396936,2014-12-30
TRAIN,63,5,up,1233,-187.71089669884603,4,-319.1081714867882,1,131.39727478794217,2015-01-02
TRAIN,63,5,up,1234,156.60190689923095,2,-173.53095716559613,2,330.1328640648271,2015-01-05
TRAIN,63,5,up,1238,662.0300363326066,2,-437.9587251058008,1,1099.9887614384074,2015-01-09
TRAIN,63,5,up,1240,55.22528053267098,2,-3.9155450123755378,1,59.14082554504652,2015-01-13
TRAIN,63,5,up,1241,-351.18837321051257,2,-11.729140892686694,1,-339.45923231782587,2015-01-14
TRAIN,63,5,up,1242,169.63097184959,5,-187.05793004212077,1,356.68890189171077,2015-01-15
TRAIN,63,5,up,1244,573.802833438824,1,65.20706514981379,2,508.5957682890102,2015-01-19
TRAIN,63,5,up,1245,-210.38285152424922,2,507.75801008748317,1,-718.1408616117324,2015-01-20
TRAIN,63,5,up,1246,-309.3779409772234,4,8.536233894808475,4,-317.9141748720318,2015-01-21
TRAIN,63,5,up,1247,21.076485690134803,3,-27.311530351506875,2,48.38801604164168,2015-01-22
TRAIN,63,5,up,1248,239.38026561390424,3,121.45541692230539,3,117.92484869159885,2015-01-23
TRAIN,63,5,up,1250,87.27114921229193,1,788.3985631728059,1,-701.127413960514,2015-01-28
TRAIN,63,5,up,1251,318.2743303130452,2,196.08761528379137,1,122.18671502925383,2015-01-29
TRAIN,63,5,up,1252,-338.4801303821786,2,2146.3678176778376,1,-2484.8479480600163,2015-01-30
TRAIN,63,5,up,1253,-89.64112561230252,2,-935.5026263667871,2,845.8615007544846,2015-02-02
TRAIN,63,5,up,1261,-268.58992211943365,1,-209.94299304492856,1,-58.646929074505096,2015-02-12
TRAIN,63,5,up,1265,-809.5218972726828,1,742.4258905451339,1,-1551.9477878178168,2015-02-19
TRAIN,63,5,up,1267,-255.20340892539372,1,-306.6788117648963,1,51.47540283950258,2015-02-23
TRAIN,63,5,up,1269,-41.0857607719986,1,-1598.9889546676109,1,1557.9031938956123,2015-02-25
TRAIN,63,5,up,1271,-494.66125515243476,2,151.45648230036622,1,-646.117737452801,2015-02-27
TRAIN,63,5,up,1272,-608.6985428900374,2,-233.21681005331106,4,-375.48173283672634,2015-03-02
TRAIN,63,5,up,1275,578.0368787400257,1,247.28809794466775,1,330.74878079535796,2015-03-05
TRAIN,63,5,up,1276,-343.2426693047492,1,-16.46489626363443,1,-326.77777304111476,2015-03-09
TRAIN,63,5,up,1278,-499.2885184282976,1,-153.92289021520415,1,-345.3656282130935,2015-03-11
TRAIN,63,5,up,1279,-188.11895534393335,5,-92.0934363835163,2,-96.02551896041705,2015-03-12
TRAIN,63,5,up,1281,-551.2286015368309,1,298.68849877334816,2,-849.917100310179,2015-03-16
TRAIN,63,5,up,1294,318.6717520865399,1,126.63088219713201,3,192.04086988940793,2015-04-06
TRAIN,63,5,up,1295,241.45618522649426,1,-616.8982192423531,1,858.3544044688474,2015-04-07
TRAIN,63,5,up,1296,-459.6844102054524,2,-272.84826652757874,2,-186.83614367787368,2015-04-08
TRAIN,63,5,up,1298,63.26860748682998,2,-597.5903713315928,1,660.8589788184228,2015-04-10
TRAIN,63,5,up,1299,-970.1982068237386,1,-86.24318774651148,1,-883.9550190772271,2015-04-13
TRAIN,63,5,up,1312,41.53335044824291,1,143.8573515292274,1,-102.32400108098449,2015-05-04
TRAIN,63,5,up,1331,643.4096376421119,2,-3.956528699547235,2,647.3661663416591,2015-05-29
TRAIN,63,5,up,1332,10.870833849676021,1,260.93589258050446,2,-250.06505873082844,2015-06-01
TRAIN,63,5,up,1345,-121.92987445694143,2,-187.34678374042363,1,65.4169092834822,2015-06-18
TRAIN,63,5,up,1350,-229.63283802083706,3,-48.991303808833855,5,-180.6415342120032,2015-06-25
TRAIN,63,5,up,1351,586.7991577564524,1,-565.8844580627554,1,1152.6836158192077,2015-06-26
TRAIN,63,5,up,1354,259.92661544507746,3,-372.4258072988788,2,632.3524227439563,2015-07-01
TRAIN,63,5,up,1357,139.55040719870937,2,-384.93853446902574,1,524.4889416677352,2015-07-06
TRAIN,63,5,up,1364,-646.3616309698581,1,216.51422267016005,6,-862.8758536400181,2015-07-15
TRAIN,63,5,up,1365,-111.13547729523452,4,150.42139265640674,5,-261.55686995164126,2015-07-16
TRAIN,63,5,up,1366,-413.77545454403986,3,-5.394957951896186,5,-408.3804965921437,2015-07-17
TRAIN,63,5,up,1367,116.03819050226977,2,25.066261995581687,3,90.97192850668809,2015-07-20
TRAIN,63,5,up,1369,-27.250536604095586,1,60.74314156666308,5,-87.99367817075867,2015-07-22
TRAIN,63,5,up,1375,-281.91556199094754,1,542.1647329437073,1,-824.0802949346548,2015-07-30
TRAIN,63,5,up,1377,-32.710739162862865,3,-194.73332082686667,3,162.0225816640038,2015-08-03
TRAIN,63,5,up,1378,-602.2404659102408,3,633.6033787707171,1,-1235.8438446809578,2015-08-04
TRAIN,63,5,up,1379,-592.5409674061227,2,30.204737724716033,1,-622.7457051308387,2015-08-05
TRAIN,63,5,up,1382,-827.616956603805,1,311.26581515074963,1,-1138.8827717545546,2015-08-10
TRAIN,63,5,up,1386,308.8344985357481,1,-30.843680428144435,1,339.6781789638925,2015-08-14
TRAIN,63,5,up,1411,631.7056733635475,1,119.62138918064319,1,512.0842841829043,2015-09-21
TRAIN,63,5,up,1413,749.867794242826,1,174.5686341383294,1,575.2991601044967,2015-09-23
TRAIN,63,5,up,1420,-272.5228399248615,2,257.1964047690077,2,-529.7192446938692,2015-10-06
TRAIN,63,5,up,1421,702.9643673892315,2,202.12160985626934,1,500.84275753296214,2015-10-07
TRAIN,63,5,up,1429,-306.53702743269554,4,-315.74395320185124,2,9.206925769155703,2015-10-19
TRAIN,63,5,up,1434,573.3546656631158,1,-445.5926193314466,1,1018.9472849945624,2015-10-27
TRAIN,63,5,up,1437,-662.5592847844651,1,-240.46634176346438,1,-422.0929430210008,2015-10-30
TRAIN,63,5,up,1440,-787.0433612339156,1,321.984181869852,1,-1109.0275431037676,2015-11-04
TRAIN,63,5,up,1447,20.96308697433824,2,418.3087940822561,1,-397.34570710791786,2015-11-17
TRAIN,63,5,up,1449,-610.4607318496019,2,80.03784489805872,1,-690.4985767476605,2015-11-19
TRAIN,63,5,up,1450,-42.63106175392178,3,-284.39696270635824,1,241.76590095243645,2015-11-20
TRAIN,63,5,up,1452,-125.82355339663128,2,-166.94756459137324,2,41.12401119474195,2015-11-24
TRAIN,63,5,up,1453,-386.1160383337854,3,-69.88869724302221,2,-316.2273410907632,2015-11-26
TRAIN,63,5,up,1454,246.98800610583265,1,-389.8315034104491,3,636.8195095162818,2015-11-27
TRAIN,63,5,up,1455,-152.74390869446185,1,-350.7451278527832,2,198.00121915832133,2015-11-30
TRAIN,63,5,up,1457,-206.48162605501412,1,-467.4906948563785,1,261.0090688013644,2015-12-02
TRAIN,63,5,up,1465,-371.13946085895657,2,-195.3873255249585,1,-175.75213533399807,2015-12-14
TRAIN,63,5,up,1467,-34.47442374687776,1,266.90058265218056,1,-301.3750063990583,2015-12-16
TRAIN,63,5,up,1468,53.281775298876894,2,-472.0306283287677,1,525.3124036276446,2015-12-17
TRAIN,63,5,up,1470,-32.5857265148294,2,484.5424617239952,1,-517.1281882388246,2015-12-21
TRAIN,63,5,up,1473,80.6955578701873,2,-272.3735778437736,2,353.0691357139609,2015-12-24
TRAIN,63,5,up,1476,-763.2943493353868,1,-262.8700363701937,1,-500.42431296519305,2015-12-30
TRAIN,63,5,up,1477,-122.31720636931514,4,284.2054659413661,1,-406.5226723106813,2015-12-31
TRAIN,63,5,up,1480,-219.03715111039105,3,286.3786059076618,1,-505.41575701805283,2016-01-05
TRAIN,63,5,up,1504,-170.10807700546292,1,320.7508081114342,1,-490.8588851168971,2016-02-09
TRAIN,63,5,up,1520,-218.27777136787054,1,-49.364608974129325,2,-168.91316239374123,2016-03-02
TRAIN,63,5,up,1521,-815.0790772902897,2,73.1700896563993,4,-888.249166946689,2016-03-03
TRAIN,63,5,up,1522,-98.89582481332808,2,-148.31226579418592,1,49.41644098085784,2016-03-04
TRAIN,63,5,up,1526,-418.0149815790967,1,343.43793763769065,1,-761.4529192167873,2016-03-11
TRAIN,63,5,up,1532,42.78928898654249,4,-95.16910592007684,4,137.95839490661933,2016-03-21
TRAIN,63,5,up,1534,-112.69785941877903,1,113.89073238041486,1,-226.5885917991939,2016-03-23
TRAIN,63,5,up,1543,-117.3158402791561,1,-162.17207657635325,1,44.85623629719714,2016-04-07
TRAIN,63,5,up,1545,-74.59317486409205,2,70.34164605163546,1,-144.93482091572753,2016-04-11
TRAIN,63,5,up,1546,-489.51816274937255,1,-190.41529391861926,5,-299.1028688307533,2016-04-12
TRAIN,63,5,up,1547,-71.27685622355385,4,89.92961281469265,7,-161.2064690382465,2016-04-13
TRAIN,63,5,up,1548,-21.280717182958018,3,30.170609845259186,10,-51.45132702821721,2016-04-18
TRAIN,63,5,up,1549,-192.29102687130126,3,-139.6990808595727,4,-52.59194601172857,2016-04-20
TRAIN,63,5,up,1550,93.49716808051271,2,-142.0278051234811,4,235.5249732039938,2016-04-21
TRAIN,63,5,up,1551,52.21370972604515,2,-214.373055966095,3,266.58676569214015,2016-04-22
TRAIN,63,5,up,1552,-315.89499780953,2,-72.16494351788796,2,-243.73005429164206,2016-04-25
TRAIN,63,5,up,1553,-221.00581634461957,1,-218.74684484701,5,-2.258971497609565,2016-04-26
TRAIN,63,5,up,1557,290.7023182975062,1,-122.13563091249137,1,412.8379492099976,2016-05-02
TRAIN,63,5,up,1562,337.2539626248894,3,53.63228317476123,4,283.6216794501282,2016-05-09
TRAIN,63,5,up,1564,562.5811029213152,3,61.62815539810298,1,500.9529475232122,2016-05-11
TRAIN,63,5,up,1565,61.877517792894466,2,-49.73405953518291,4,111.61157732807737,2016-05-12
TRAIN,63,5,up,1567,-229.11177808350573,1,-301.99877274771484,2,72.88699466420911,2016-05-16
TRAIN,63,5,up,1576,-14.270282151014465,2,248.14108112957908,1,-262.41136328059355,2016-05-27
TRAIN,63,5,up,1577,146.0870639168564,3,157.79325012592847,2,-11.706186209072058,2016-05-30
TRAIN,63,5,up,1578,277.881505558267,2,173.7217030301131,3,104.1598025281539,2016-05-31
TRAIN,63,5,up,1583,-256.1994170209028,1,-431.4885958986938,1,175.28917887779102,2016-06-07
TRAIN,63,5,up,1584,-24.707291874356066,4,4.810812157469911,4,-29.518104031825978,2016-06-08
TRAIN,63,5,up,1591,-114.26741839897781,4,85.52878580902727,4,-199.79620420800507,2016-06-17
TRAIN,63,5,up,1597,-60.32368794046193,1,-15.42300788662763,2,-44.9006800538343,2016-06-27
TRAIN,63,5,up,1599,471.9728151620907,1,-186.20182539481263,1,658.1746405569033,2016-06-29
TRAIN,63,5,up,1600,411.36589579877966,4,159.23880568411343,3,252.12709011466623,2016-06-30
TRAIN,63,5,up,1601,-270.14555938630593,1,-449.0487833102947,4,178.90322392398878,2016-07-01
TRAIN,63,5,up,1602,-143.8382868536239,2,116.91357631830297,2,-260.75186317192686,2016-07-04
TRAIN,63,5,up,1603,-74.65283602385199,4,308.04065548595844,1,-382.6934915098104,2016-07-05
TRAIN,63,5,up,1604,303.7682774972054,3,119.04124164657244,2,184.72703585063297,2016-07-07
TRAIN,63,5,up,1607,612.6344051373735,2,64.28708694493534,3,548.3473181924381,2016-07-12
TRAIN,63,5,up,1613,-640.8111087206435,3,178.50637535117156,1,-819.317484071815,2016-07-20
TRAIN,63,5,up,1616,676.3047370136458,2,-125.28240713666393,2,801.5871441503097,2016-07-25
TRAIN,63,5,up,1617,-10.885748406906032,3,221.6836472511418,2,-232.56939565804782,2016-07-26
TRAIN,63,5,up,1619,-297.37196660315385,4,189.61626357841814,2,-486.988230181572,2016-07-28
TRAIN,63,5,up,1620,-768.8722463769888,3,61.741055011038526,2,-830.6133013880273,2016-07-29
TRAIN,63,5,up,1625,42.80852247690673,2,1117.2889176410858,1,-1074.480395164179,2016-08-05
TRAIN,63,5,up,1631,-84.96739592258902,1,-23.647933521249893,1,-61.31946240133912,2016-08-16
TRAIN,63,5,up,1632,771.6856068861016,3,-316.0444835336991,1,1087.7300904198007,2016-08-17
TRAIN,63,5,up,1641,26.97619113948759,2,189.21691548755928,2,-162.2407243480717,2016-08-30
TRAIN,63,5,up,1642,160.24303764151614,3,347.6142366908308,1,-187.37119904931467,2016-08-31
TRAIN,63,5,up,1646,80.20235006303855,4,258.7903292779752,1,-178.58797921493667,2016-09-07
TRAIN,63,5,up,1647,-337.13495744695456,2,-90.71583558328648,5,-246.41912186366807,2016-09-08
TRAIN,63,5,up,1648,-412.66392115576207,1,1040.2018405335295,1,-1452.8657616892915,2016-09-09
TRAIN,63,5,up,1656,89.87834211547558,1,1.6802646198352256,1,88.19807749564035,2016-09-22
TRAIN,63,5,up,1657,-776.3841772923076,2,139.72720254709674,1,-916.1113798394044,2016-09-23
TRAIN,63,5,up,1660,-108.20704408312305,1,900.8866254234104,2,-1009.0936695065334,2016-09-28
TRAIN,63,5,up,1664,484.0432485572734,2,82.61757180605139,2,401.425676751222,2016-10-04
TRAIN,63,5,up,1666,500.4092996099349,1,-101.46642276456872,2,601.8757223745037,2016-10-06
TRAIN,63,5,up,1668,864.3795979087007,1,95.1484677995782,1,769.2311301091225,2016-10-10
TRAIN,63,5,up,1672,-100.81969685877607,2,-413.96962343060954,1,313.1499265718335,2016-10-18
TRAIN,63,5,up,1674,5.44092931907926,3,870.2480389010491,1,-864.8071095819698,2016-10-20
TRAIN,63,5,up,1675,-188.66178939322396,2,-257.2341962981149,1,68.57240690489095,2016-10-21
TRAIN,63,5,up,1676,-145.84581338013828,1,-401.61116086281874,1,255.76534748268045,2016-10-24
TRAIN,63,5,up,1680,-347.13782346415485,2,435.75050752222336,1,-782.8883309863782,2016-10-28
TRAIN,63,5,up,1681,-412.93039241822373,1,-287.45767422687527,1,-125.47271819134846,2016-11-01
TRAIN,63,5,up,1693,-360.3868799399995,1,-695.9400737543536,1,335.55319381435413,2016-11-18
TRAIN,63,5,up,1698,-174.2959360542836,1,-294.5426176409679,2,120.24668158668428,2016-11-25
TRAIN,63,5,up,1707,274.7174183894971,1,-281.9980496032684,1,556.7154679927655,2016-12-08
TRAIN,63,5,up,1712,19.703774807531964,1,155.12911241270368,1,-135.4253376051717,2016-12-15
TRAIN,63,5,up,1724,-560.2842726868726,1,304.2398208413958,2,-864.5240935282684,2017-01-02
TRAIN,63,5,up,1725,675.9572729425723,1,-371.03940242730937,2,1046.9966753698818,2017-01-03
TRAIN,63,5,up,1726,-615.0031872087426,1,-374.541080963703,1,-240.4621062450396,2017-01-04
TRAIN,63,5,up,1730,-65.63975192990569,2,-294.93494812022846,1,229.29519619032277,2017-01-10
TRAIN,63,5,up,1731,6.05032410750841,7,55.08719965594685,2,-49.03687554843844,2017-01-11
TRAIN,63,5,up,1732,-193.41271665796407,3,-25.781747504519444,1,-167.63096915344462,2017-01-12
TRAIN,63,5,up,1733,183.84296197753355,2,27.105620395085378,3,156.73734158244818,2017-01-13
TRAIN,63,5,up,1741,-144.98196067628982,4,-526.0855345158725,1,381.1035738395827,2017-01-25
TRAIN,63,5,up,1742,-300.3142700836317,3,-214.36362007217497,3,-85.95065001145673,2017-01-27
TRAIN,63,5,up,1745,73.41533579017866,7,156.35606963542077,8,-82.94073384524211,2017-02-01
TRAIN,63,5,up,1747,-245.02952249256086,8,2.8093543780293544,2,-247.8388768705902,2017-02-03
TRAIN,63,5,up,1748,-213.8195470063428,5,309.6995506649826,3,-523.5190976713254,2017-02-06
TRAIN,63,5,up,1749,-127.31912116177958,1,-986.3638997795963,1,859.0447786178167,2017-02-07
TRAIN,63,5,up,1751,290.5396125591433,3,233.96233679617004,2,56.577275762973244,2017-02-09
TRAIN,63,5,up,1752,139.64842219761547,1,164.75027396710408,3,-25.101851769488604,2017-02-10
TRAIN,63,5,up,1756,-504.4743295159311,1,-121.90727829619789,2,-382.56705121973323,2017-02-16
TRAIN,63,5,up,1757,-212.52223719548326,3,-22.41852268890532,1,-190.10371450657794,2017-02-17
TRAIN,63,5,up,1759,148.99857114475972,2,13.679371227233455,3,135.31919991752628,2017-02-21
TRAIN,63,5,up,1760,414.5966579384438,5,-159.40611726007728,2,574.002775198521,2017-02-22
TRAIN,63,5,up,1764,-529.076595375495,1,92.97041714763195,1,-622.0470125231269,2017-03-01
TRAIN,63,5,up,1768,-531.1760889151061,1,-91.9178846632916,2,-439.2582042518145,2017-03-07
TRAIN,63,5,up,1772,-111.1417597280276,5,-39.20785636723139,1,-71.9339033607962,2017-03-14
TRAIN,63,5,up,1774,-35.14663714334318,3,-432.80678333068727,3,397.6601461873441,2017-03-16
TRAIN,63,5,up,1775,14.548520700642115,4,49.23658391889963,1,-34.68806321825752,2017-03-17
TRAIN,63,5,up,1776,275.9252841887441,3,335.91377280592684,2,-59.988488617182725,2017-03-20
TRAIN,63,5,up,1777,-65.05026524189931,3,-305.5960635353401,1,240.54579829344078,2017-03-21
TRAIN,63,5,up,1781,88.07515514798445,1,-4.389737173093565,1,92.46489232107801,2017-03-27
TRAIN,63,5,up,1782,226.0396108839893,3,26.594627991113203,2,199.44498289287608,2017-03-28
TRAIN,63,5,up,1784,-311.8722102730185,3,293.5192033862535,1,-605.391413659272,2017-03-30
TRAIN,63,5,up,1786,-233.25510678252962,4,-170.3556445537271,3,-62.89946222880252,2017-04-03
TRAIN,63,5,up,1788,-237.31450515341817,3,-275.08335123944227,2,37.7688460860241,2017-04-06
TRAIN,63,5,up,1791,711.5832504866668,1,205.94238939393725,3,505.64086109272955,2017-04-11
TRAIN,63,5,up,1794,164.7852921469141,1,249.42781171593586,4,-84.64251956902177,2017-04-17
TRAIN,63,5,up,1799,-244.81366754917985,1,-73.49250750621668,1,-171.32116004296319,2017-04-24
TRAIN,63,5,up,1804,204.96864079560876,1,-418.83904595753074,2,623.8076867531395,2017-05-02
TRAIN,63,5,up,1806,-84.41352074727038,1,108.24971036996344,1,-192.6632311172338,2017-05-04
TRAIN,63,5,up,1808,-87.03802245711164,1,169.88439756573763,1,-256.9224200228493,2017-05-08
TRAIN,63,5,up,1811,-184.92848958542695,2,-106.27959568759945,2,-78.64889389782749,2017-05-11
TRAIN,63,5,up,1815,-146.96678021640847,1,505.98675969281834,1,-652.9535399092268,2017-05-17
TRAIN,63,5,up,1822,-515.9919901150644,1,-200.23436100886292,1,-315.7576291062014,2017-05-26
TRAIN,63,5,up,1825,30.734339982215786,1,221.27350335290157,3,-190.5391633706858,2017-05-31
TRAIN,63,5,up,1829,-540.8311895084631,1,-201.19145170881575,1,-339.6397377996474,2017-06-06
TRAIN,63,5,up,1830,253.22277525857592,4,335.81047313231255,1,-82.58769787373663,2017-06-07
TRAIN,63,5,up,1835,-185.2038995474489,1,520.1613344875791,1,-705.365234035028,2017-06-14
TRAIN,63,5,up,1838,37.46500341090073,1,-314.2684194010949,4,351.73342281199564,2017-06-19
TRAIN,63,5,up,1847,-140.715064889249,2,243.49876884031391,3,-384.2138337295629,2017-07-03
TRAIN,63,5,up,1849,-354.87920996081823,1,305.5529865027991,1,-660.4321964636174,2017-07-05
TRAIN,63,5,up,1855,-200.0653400263186,2,-369.3553798142441,2,169.29003978792548,2017-07-14
TRAIN,63,5,up,1858,-182.91340681453775,3,-294.4652614255815,4,111.55185461104375,2017-07-19
TRAIN,63,5,up,1862,34.14374294313102,3,72.32118815180647,2,-38.177445208675444,2017-07-25
TRAIN,63,5,up,1863,-165.36031452068806,4,-56.62467160340855,1,-108.7356429172795,2017-07-26
TRAIN,63,5,up,1865,-23.513668145603578,3,-168.32138867367996,2,144.80772052807637,2017-07-28
TRAIN,63,5,up,1866,-110.252024655688,1,556.8019151053452,1,-667.0539397610332,2017-07-31
TRAIN,63,5,up,1868,261.6808125148359,4,195.31745265785003,2,66.36335985698588,2017-08-02
TRAIN,63,5,up,1870,264.86721135592626,2,-52.6043860778104,1,317.47159743373663,2017-08-04
TRAIN,63,5,up,1877,345.47091327698354,1,46.44911961999636,1,299.0217936569872,2017-08-16
TRAIN,63,5,up,1884,1119.9071550287035,4,-290.552663100069,2,1410.4598181287724,2017-08-28
TRAIN,63,5,up,1887,-330.21530882311316,1,64.66315276159246,1,-394.87846158470563,2017-08-31
TRAIN,63,5,up,1889,266.5084739101623,1,373.6502727495942,1,-107.14179883943189,2017-09-04
TRAIN,63,5,up,1892,21.526191242969347,2,16.360322600750315,2,5.165868642219031,2017-09-07
TRAIN,63,5,up,1894,-21.497922990670286,3,-122.12361206968869,1,100.6256890790184,2017-09-11
TRAIN,63,5,up,1895,106.9034300668452,4,-193.62449394163914,4,300.5279240084843,2017-09-12
TRAIN,63,5,up,1897,62.43189337373252,1,-189.8235443204696,1,252.25543769420213,2017-09-14
TRAIN,63,5,up,1899,-251.46528725393247,1,94.3725891350805,4,-345.837876389013,2017-09-18
TRAIN,63,5,up,1900,-41.800989514628256,3,389.09467139248693,2,-430.8956609071152,2017-09-19
TRAIN,63,5,up,1918,1115.5029273849693,1,-244.8415084143934,2,1360.3444357993626,2017-10-16
TRAIN,63,5,up,1920,551.0592358544261,2,-268.97344728191194,2,820.032683136338,2017-10-18
TRAIN,63,5,up,1921,-778.0059671171655,1,-464.4219414531018,2,-313.5840256640637,2017-10-23
TRAIN,63,5,up,1923,-201.08684666197416,11,-340.70010352891916,2,139.613256866945,2017-10-25
TRAIN,63,5,up,1924,28.545420756383027,3,616.647611512753,1,-588.10219075637,2017-10-26
TRAIN,63,5,up,1925,-121.11687152222335,3,618.2218799092801,1,-739.3387514315035,2017-10-27
TRAIN,63,5,up,1927,-293.10675120779126,4,-79.45198960374016,3,-213.6547616040511,2017-10-31
TRAIN,63,5,up,1928,-2.4968045685340314,4,-122.34546441719854,1,119.84865984866451,2017-11-01
TRAIN,63,5,up,1929,-63.39321097523515,6,386.3149156434636,3,-449.70812661869877,2017-11-02
TRAIN,63,5,up,1930,47.28496980114337,5,-375.2595847925567,1,422.54455459370007,2017-11-03
TRAIN,63,5,up,1934,436.9591745611814,1,315.5056196334973,1,121.45355492768408,2017-11-09
TRAIN,63,5,up,1935,12.74974843527974,1,-85.4264390198737,1,98.17618745515344,2017-11-10
TRAIN,63,5,up,1945,-2.1766586599010833,1,317.56948666764083,1,-319.7461453275419,2017-11-24
TRAIN,63,5,up,1948,-148.25791509594745,1,-24.22771797613202,1,-124.03019711981543,2017-11-29
TRAIN,63,5,up,1954,-124.5002123445475,1,-231.86010165103508,1,107.35988930648757,2017-12-07
TRAIN,63,5,up,1955,-41.50615440843979,3,-97.45046373380455,2,55.94430932536476,2017-12-08
TRAIN,63,5,up,1956,1799.361361141223,1,515.4774631628277,1,1283.8838979783952,2017-12-11
TRAIN,63,5,up,1962,-219.94149810706563,2,1000.5736309637316,1,-1220.5151290707972,2017-12-19
TRAIN,63,5,up,1963,-206.0037928912288,2,-37.23433516964455,2,-168.76945772158427,2017-12-20
TRAIN,63,5,up,1964,255.63522528993303,3,-132.82546734849296,2,388.460692638426,2017-12-21
TRAIN,63,5,dn,556,-73.06655178893399,1,-390.55397567032026,1,317.48742388138623,2012-03-29
TRAIN,63,5,dn,562,359.876804584376,3,-9.484707167845343,1,369.3615117522213,2012-04-10
TRAIN,63,5,dn,571,467.90219832104196,1,159.68856462489236,10,308.2136336961496,2012-04-23
TRAIN,63,5,dn,572,-37.04762777248974,1,20.84291713560656,4,-57.8905449080963,2012-04-24
TRAIN,63,5,dn,574,-72.44045930292206,4,35.52501070509112,2,-107.96547000801318,2012-04-26
TRAIN,63,5,dn,575,-161.02329814916553,3,-26.6893880640651,6,-134.33391008510043,2012-04-27
TRAIN,63,5,dn,577,345.17714235981003,1,-487.36642664584593,1,832.543569005656,2012-05-02
TRAIN,63,5,dn,578,1011.9815720247674,2,580.4634002421989,6,431.5181717825685,2012-05-03
TRAIN,63,5,dn,579,-566.8838097886387,2,203.37118725989774,18,-770.2549970485364,2012-05-04
TRAIN,63,5,dn,580,-80.11771333139974,1,204.66651944685205,2,-284.7842327782518,2012-05-07
TRAIN,63,5,dn,581,-40.14382472668014,2,72.77124835117249,8,-112.91507307785263,2012-05-08
TRAIN,63,5,dn,582,52.72747581202143,3,-24.773219533650966,11,77.5006953456724,2012-05-09
TRAIN,63,5,dn,583,-518.3944200199311,1,638.7623885847877,4,-1157.1568086047187,2012-05-10
TRAIN,63,5,dn,585,-84.80034327620945,3,16.670438742339027,9,-101.47078201854848,2012-05-14
TRAIN,63,5,dn,601,435.3292903744561,1,38.37689519475669,1,396.9523951796994,2012-06-05
TRAIN,63,5,dn,610,421.77210784005996,1,198.98263042390792,1,222.78947741615204,2012-06-18
TRAIN,63,5,dn,627,-58.40675449970422,1,671.6767555745278,1,-730.083510074232,2012-07-11
TRAIN,63,5,dn,631,37.86124317763399,1,-117.48543453182744,1,155.34667770946143,2012-07-17
TRAIN,63,5,dn,632,-114.1020855816298,1,135.31882195590885,1,-249.42090753753865,2012-07-18
TRAIN,63,5,dn,637,-8.317449171213482,1,-535.9473975283224,1,527.6299483571089,2012-07-25
TRAIN,63,5,dn,638,-38.47170159946089,7,-117.73497218934848,8,79.26327058988758,2012-07-26
TRAIN,63,5,dn,639,222.62784301279214,4,-373.6324739789286,4,596.2603169917207,2012-07-27
TRAIN,63,5,dn,652,1051.0522563673178,1,55.75878875298243,1,995.2934676143353,2012-08-16
TRAIN,63,5,dn,656,-731.4405415126853,1,293.07299936264394,2,-1024.5135408753292,2012-08-23
TRAIN,63,5,dn,657,933.978591961503,1,257.68697084972086,4,676.2916211117821,2012-08-24
TRAIN,63,5,dn,658,-63.65959937282444,1,-230.61389742038986,3,166.95429804756543,2012-08-27
TRAIN,63,5,dn,659,-648.3499006040248,1,87.14665315054212,3,-735.4965537545669,2012-08-28
TRAIN,63,5,dn,660,631.728861101469,2,128.80091754789706,8,502.92794355357194,2012-08-29
TRAIN,63,5,dn,665,689.2811012036519,1,52.639915558319814,6,636.6411856453321,2012-09-05
TRAIN,63,5,dn,669,-718.9329339913708,1,-45.156544254899636,1,-673.7763897364712,2012-09-11
TRAIN,63,5,dn,699,-52.068976467284074,2,2240.682221498187,1,-2292.751197965471,2012-10-26
TRAIN,63,5,dn,710,76.002787613028,4,-23.59584189992367,1,99.59862951295167,2012-11-12
TRAIN,63,5,dn,714,541.1943165594196,1,185.7344278161584,5,355.4598887432612,2012-11-20
TRAIN,63,5,dn,717,461.78158784887535,1,-409.4165227151534,1,871.1981105640288,2012-11-23
TRAIN,63,5,dn,750,47.98345116372785,2,-187.33291133769697,2,235.3163625014248,2013-01-11
TRAIN,63,5,dn,756,980.4009853505377,1,228.1475839899936,1,752.2534013605441,2013-01-21
TRAIN,63,5,dn,758,-229.36974904122914,2,269.8523867955008,4,-499.22213583673,2013-01-23
TRAIN,63,5,dn,759,-399.98665707101753,3,-93.5603895181392,5,-306.42626755287836,2013-01-24
TRAIN,63,5,dn,766,143.41862774072263,1,66.41611169620653,6,77.0025160445161,2013-02-04
TRAIN,63,5,dn,767,59.677857815491336,2,777.8959752313372,2,-718.2181174158459,2013-02-05
TRAIN,63,5,dn,769,-453.8578744290324,3,-183.55940382068758,5,-270.2984706083448,2013-02-07
TRAIN,63,5,dn,770,48.4262848357403,1,125.61842403292167,6,-77.19213919718138,2013-02-08
TRAIN,63,5,dn,772,1112.3140530464864,1,-423.164613133406,3,1535.4786661798923,2013-02-12
TRAIN,63,5,dn,773,-853.8789300178082,1,-136.07843924083073,4,-717.8004907769775,2013-02-13
TRAIN,63,5,dn,774,1002.0724515815622,2,-231.6885779166837,7,1233.761029498246,2013-02-14
TRAIN,63,5,dn,775,9.304733482051013,1,207.0739292141223,4,-197.7691957320713,2013-02-15
TRAIN,63,5,dn,779,-1445.7033827890325,1,104.20121841804963,8,-1549.9046012070821,2013-02-21
TRAIN,63,5,dn,784,49.711170262184226,12,-236.41503150273826,5,286.1262017649225,2013-02-28
TRAIN,63,5,dn,785,-200.71173097103332,4,-237.4399366254077,1,36.72820565437439,2013-03-01
TRAIN,63,5,dn,786,240.8699121442013,1,190.10320403525495,4,50.76670810894635,2013-03-04
TRAIN,63,5,dn,797,1365.074084056619,1,-267.00322676812857,2,1632.0773108247477,2013-03-19
TRAIN,63,5,dn,798,130.82863171388047,1,-210.1844317082242,5,341.01306342210466,2013-03-20
TRAIN,63,5,dn,799,212.48632815905714,1,-583.8232718657666,2,796.3096000248238,2013-03-21
TRAIN,63,5,dn,800,359.13082503687036,1,-119.86879537297644,2,478.9996204098468,2013-03-22
TRAIN,63,5,dn,807,-597.8560377301438,2,-123.05208220537416,2,-474.80395552476966,2013-04-04
TRAIN,63,5,dn,808,-1002.3496683536,1,-34.342931900901334,3,-968.0067364526986,2013-04-05
TRAIN,63,5,dn,810,651.3796380074632,1,-142.87401606927097,6,794.2536540767342,2013-04-09
TRAIN,63,5,dn,838,454.89307853458234,1,222.70766038515254,4,232.1854181494298,2013-05-22
TRAIN,63,5,dn,845,-177.29984449392555,4,82.12202951084939,9,-259.42187400477496,2013-05-31
TRAIN,63,5,dn,846,2192.105286059119,1,-4.93788258590186,1,2197.0431686450206,2013-06-03
TRAIN,63,5,dn,848,-224.21653816496996,1,-320.5662721532412,2,96.34973398827123,2013-06-05
TRAIN,63,5,dn,851,-244.4731678021549,1,-157.44801474327983,10,-87.02515305887508,2013-06-10
TRAIN,63,5,dn,852,-29.75135356762423,2,13.156072815321943,6,-42.90742638294617,2013-06-11
TRAIN,63,5,dn,853,-860.8460032220014,2,147.50008149679715,4,-1008.3460847187986,2013-06-12
TRAIN,63,5,dn,854,262.4830495491647,3,276.71999358999284,12,-14.23694404082812,2013-06-13
TRAIN,63,5,dn,859,320.266808056373,2,43.375548281552994,3,276.89125977482,2013-06-20
TRAIN,63,5,dn,860,118.54288648682646,4,247.5431001314675,5,-129.00021364464104,2013-06-21
TRAIN,63,5,dn,861,-23.984728196825845,1,-58.857956913432304,4,34.87322871660646,2013-06-24
TRAIN,63,5,dn,863,41.46218010845953,1,163.87597321190867,2,-122.41379310344914,2013-06-26
TRAIN,63,5,dn,877,209.98976523601914,2,-217.8782304376896,3,427.8679956737087,2013-07-16
TRAIN,63,5,dn,878,868.1729772722789,1,774.2166697027292,3,93.95630756954972,2013-07-17
TRAIN,63,5,dn,880,-145.4879201860245,2,469.2596708300454,1,-614.7475910160699,2013-07-19
TRAIN,63,5,dn,883,-494.9527760787492,1,138.098231212994,5,-633.0510072917432,2013-07-24
TRAIN,63,5,dn,884,-65.803813865756,3,-343.28219633930155,2,277.47838247354554,2013-07-25
TRAIN,63,5,dn,885,-289.97549374286586,1,-16.80218494842856,6,-273.1733087944373,2013-07-26
TRAIN,63,5,dn,886,-271.42849277731057,1,-160.4280012881409,7,-111.00049148916966,2013-07-29
TRAIN,63,5,dn,887,-691.0398527833287,1,373.4588108284195,11,-1064.4986636117483,2013-07-30
TRAIN,63,5,dn,888,-333.3819451909834,2,-57.8579059218413,5,-275.5240392691421,2013-07-31
TRAIN,63,5,dn,889,-25.45479462323459,2,-106.93233530319687,6,81.47754067996227,2013-08-01
TRAIN,63,5,dn,892,-268.1245075595434,1,66.93385744046986,4,-335.0583650000133,2013-08-06
TRAIN,63,5,dn,893,13.14893019997688,3,-321.8349579405518,1,334.9838881405287,2013-08-07
TRAIN,63,5,dn,901,-560.020211086211,1,109.95027873717527,5,-669.9704898233863,2013-08-21
TRAIN,63,5,dn,966,458.7562445846005,1,-437.62929758407455,1,896.3855421686751,2013-11-27
TRAIN,63,5,dn,972,-576.731420428816,1,-45.831905815577095,1,-530.8995146132389,2013-12-05
TRAIN,63,5,dn,996,262.46525302851387,1,17.350804577232612,1,245.11444845128125,2014-01-09
TRAIN,63,5,dn,998,246.18133227922675,1,-167.89646492357085,2,414.07779720279757,2014-01-13
TRAIN,63,5,dn,999,-30.22641536023139,1,158.06991278945384,2,-188.29632814968522,2014-01-14
TRAIN,63,5,dn,1004,-499.1765471546272,1,174.57500765402034,2,-673.7515548086476,2014-01-21
TRAIN,63,5,dn,1005,32.20556284030916,1,-73.45079892110563,1,105.65636176141479,2014-01-22
TRAIN,63,5,dn,1007,-60.293237192601964,1,91.81306227517727,8,-152.10629946777925,2014-01-24
TRAIN,63,5,dn,1008,86.03627365308066,4,254.92165640599305,19,-168.8853827529124,2014-01-27
TRAIN,63,5,dn,1011,101.99218297924008,1,66.69062868045047,11,35.30155429878961,2014-01-30
TRAIN,63,5,dn,1014,-473.3106943338843,1,219.59316167831042,2,-692.9038560121948,2014-02-04
TRAIN,63,5,dn,1022,28.830508289426103,3,24.600125958173805,2,4.230382331252297,2014-02-14
TRAIN,63,5,dn,1040,268.97548348283476,1,-105.58972692158025,1,374.565210404415,2014-03-13
TRAIN,63,5,dn,1044,447.7253188343519,1,-163.29314556065705,1,611.018464395009,2014-03-20
TRAIN,63,5,dn,1049,-1103.8550347703401,1,-81.43192470240653,2,-1022.4231100679336,2014-03-27
TRAIN,63,5,dn,1060,1.7632932726310173,2,-361.6933110775559,1,363.4566043501869,2014-04-15
TRAIN,63,5,dn,1080,1066.0533789408275,1,589.5754470387303,2,476.4779319020972,2014-05-16
TRAIN,63,5,dn,1081,-115.40630018491247,6,-649.9128061435221,2,534.5065059586096,2014-05-19
TRAIN,63,5,dn,1140,-782.3435548175484,1,1.0441932707760948,1,-783.3877480883244,2014-08-11
TRAIN,63,5,dn,1142,-75.69463496858528,6,111.46461458465123,10,-187.15924955323652,2014-08-13
TRAIN,63,5,dn,1149,84.63428155991427,1,419.847545845046,5,-335.21326428513174,2014-08-25
TRAIN,63,5,dn,1151,615.8821986146972,1,-120.57668162968324,2,736.4588802443805,2014-08-27
TRAIN,63,5,dn,1164,-6.761059904633986,1,-22.518019440135784,7,15.7569595355018,2014-09-16
TRAIN,63,5,dn,1170,-80.03180303049619,1,276.4754311501862,5,-356.50723418068236,2014-09-24
TRAIN,63,5,dn,1171,38.39877132790423,5,295.2609959983059,6,-256.86222467040164,2014-09-25
TRAIN,63,5,dn,1182,-434.3397422000017,2,-163.4031476270562,3,-270.9365945729455,2014-10-16
TRAIN,63,5,dn,1187,-33.417885584072074,1,-319.7076116533156,3,286.28972606924356,2014-10-27
TRAIN,63,5,dn,1206,420.34751525540617,2,-24.89822379490231,5,445.2457390503085,2014-11-25
TRAIN,63,5,dn,1218,1.7861286814510602,1,-46.70784329106698,4,48.49397197251804,2014-12-11
TRAIN,63,5,dn,1219,-439.02102390161247,1,227.40996106027796,6,-666.4309849618904,2014-12-12
TRAIN,63,5,dn,1221,-657.9008154851324,1,-81.17320342968839,15,-576.7276120554441,2014-12-16
TRAIN,63,5,dn,1249,336.3819912067563,1,-134.0154846508683,1,470.3974758576246,2015-01-27
TRAIN,63,5,dn,1252,319.6451680456806,1,-79.23006117113619,5,398.87522921681676,2015-01-30
TRAIN,63,5,dn,1254,112.2001811110706,2,-412.3040852800725,3,524.5042663911431,2015-02-03
TRAIN,63,5,dn,1255,-279.4328090797568,1,800.9498024858156,1,-1080.3826115655725,2015-02-04
TRAIN,63,5,dn,1256,586.1101962804187,1,357.3331583640379,3,228.77703791638078,2015-02-05
TRAIN,63,5,dn,1258,93.35990315475844,3,142.71496947888696,7,-49.355066324128515,2015-02-09
TRAIN,63,5,dn,1264,532.1343294311723,1,341.14273446056916,1,190.99159497060316,2015-02-18
TRAIN,63,5,dn,1277,576.3750946132568,1,334.46785658660826,1,241.90723802664854,2015-03-10
TRAIN,63,5,dn,1289,199.9890665004827,1,505.82419774927996,4,-305.83513124879727,2015-03-26
TRAIN,63,5,dn,1302,-622.2094675797807,1,13.454551058648054,1,-635.6640186384287,2015-04-17
TRAIN,63,5,dn,1303,-470.71045747457384,1,-278.24698901865816,5,-192.4634684559157,2015-04-20
TRAIN,63,5,dn,1305,-273.8863887007104,1,43.81811039941056,3,-317.704499100121,2015-04-22
TRAIN,63,5,dn,1307,115.01641829208927,1,416.62715959886134,4,-301.61074130677207,2015-04-24
TRAIN,63,5,dn,1308,-61.45733784647715,4,0.6106991269268028,18,-62.068036973403956,2015-04-27
TRAIN,63,5,dn,1314,-34.4204220118894,2,94.84997025352806,8,-129.27039226541746,2015-05-06
TRAIN,63,5,dn,1318,-64.15845718101602,1,-235.8307802555703,2,171.67232307455427,2015-05-12
TRAIN,63,5,dn,1327,-406.6988026460722,1,-16.76821595118557,1,-389.9305866948866,2015-05-25
TRAIN,63,5,dn,1334,79.02307935101211,7,-37.31369663430571,14,116.33677598531781,2015-06-03
TRAIN,63,5,dn,1335,541.0842736277631,1,-362.7035622242584,5,903.7878358520215,2015-06-04
TRAIN,63,5,dn,1337,-1149.3735315865235,1,-126.31160933792496,9,-1023.0619222485985,2015-06-08
TRAIN,63,5,dn,1368,-277.70722198743704,1,448.48828647113885,4,-726.1955084585759,2015-07-21
TRAIN,63,5,dn,1371,969.8297685257464,1,-1144.6516404762106,1,2114.481409001957,2015-07-24
TRAIN,63,5,dn,1372,36.321327191427415,2,-135.825468243072,6,172.14679543449944,2015-07-27
TRAIN,63,5,dn,1373,-3.256894604767164,3,-257.4828321476954,2,254.22593754292822,2015-07-28
TRAIN,63,5,dn,1384,1287.1420588588594,1,122.95881288118089,5,1164.1832459776786,2015-08-12
TRAIN,63,5,dn,1385,262.7081138927508,1,381.4443991003143,1,-118.73628520756347,2015-08-13
TRAIN,63,5,dn,1386,101.38920633081327,2,-24.78757062089644,1,126.17677695170971,2015-08-14
TRAIN,63,5,dn,1392,16.681328736772816,17,19.607192265112097,26,-2.9258635283392813,2015-08-24
TRAIN,63,5,dn,1393,220.60453667167286,2,461.6599764474931,1,-241.05543977582022,2015-08-25
TRAIN,63,5,dn,1398,-133.79505911722546,2,-145.02993162607893,1,11.23487250885347,2015-09-01
TRAIN,63,5,dn,1414,-158.49926439643843,1,-76.65629246280399,1,-81.84297193363444,2015-09-24
TRAIN,63,5,dn,1432,1655.9201362537774,2,-483.70130171671616,1,2139.6214379704934,2015-10-23
TRAIN,63,5,dn,1437,-76.41608405774447,1,16.712632372533516,2,-93.12871643027799,2015-10-30
TRAIN,63,5,dn,1439,-200.18993843340328,2,88.57178176422676,1,-288.76172019763004,2015-11-03
TRAIN,63,5,dn,1441,844.5918912688222,1,-256.6009912891633,7,1101.1928825579855,2015-11-05
TRAIN,63,5,dn,1442,708.5649511406486,2,-128.22063879625952,2,836.7855899369082,2015-11-06
TRAIN,63,5,dn,1444,-24.498941170494252,2,31.672738462854355,4,-56.1716796333486,2015-11-10
TRAIN,63,5,dn,1446,-141.90611243747858,2,154.62194978029603,1,-296.5280622177746,2015-11-16
TRAIN,63,5,dn,1462,-536.3538165959111,2,-47.77774371010929,7,-488.5760728858018,2015-12-09
TRAIN,63,5,dn,1464,393.8837164531091,1,381.1522349716264,1,12.731481481482717,2015-12-11
TRAIN,63,5,dn,1482,40.0977447697367,6,192.3517529738513,12,-152.2540082041146,2016-01-07
TRAIN,63,5,dn,1483,-876.3162385187175,1,-485.8866789592255,1,-390.42955955949196,2016-01-08
TRAIN,63,5,dn,1484,492.3164304183294,2,-519.716916492038,5,1012.0333469103673,2016-01-11
TRAIN,63,5,dn,1485,-215.97342996910675,2,-38.99078669277078,5,-176.98264327633598,2016-01-12
TRAIN,63,5,dn,1486,18.32467773308581,5,-47.2365582928612,8,65.56123602594701,2016-01-13
TRAIN,63,5,dn,1488,-114.13722907822026,2,72.20591686815258,26,-186.34314594637283,2016-01-15
TRAIN,63,5,dn,1489,1967.169587338028,3,-132.29793272107597,15,2099.4675200591037,2016-01-18
TRAIN,63,5,dn,1491,-128.20413248428787,1,-177.20992327129724,8,49.005790787009374,2016-01-20
TRAIN,63,5,dn,1496,1710.3823967674484,1,-258.77427599978876,1,1969.156672767237,2016-01-28
TRAIN,63,5,dn,1500,107.6200023988802,1,-43.25749247921275,3,150.87749487809296,2016-02-03
TRAIN,63,5,dn,1501,105.49819855337317,1,329.19260648986466,3,-223.69440793649147,2016-02-04
TRAIN,63,5,dn,1506,-102.24540196945375,2,19.40609373326373,10,-121.65149570271748,2016-02-11
TRAIN,63,5,dn,1517,358.12147300723507,1,592.7492847672993,1,-234.62781176006422,2016-02-26
TRAIN,63,5,dn,1528,-192.74322154908631,1,16.212338004712098,1,-208.95555955379842,2016-03-15
TRAIN,63,5,dn,1536,121.83743318402087,1,-83.38935916586281,3,205.22679234988368,2016-03-29
TRAIN,63,5,dn,1570,13.823119477273792,2,29.509600604723616,2,-15.686481127449824,2016-05-19
TRAIN,63,5,dn,1572,907.4676963536351,1,49.10860631188986,4,858.3590900417453,2016-05-23
TRAIN,63,5,dn,1573,495.90180836781843,1,118.20611988747022,6,377.6956884803482,2016-05-24
TRAIN,63,5,dn,1590,791.5264330478959,1,-173.68341665953199,1,965.2098497074279,2016-06-16
TRAIN,63,5,dn,1593,-738.829503911501,1,49.518119277343175,1,-788.3476231888442,2016-06-21
TRAIN,63,5,dn,1596,263.77070337233374,2,47.04932748306892,7,216.72137588926483,2016-06-24
TRAIN,63,5,dn,1611,774.053430070938,1,199.0095308923413,1,575.0438991785967,2016-07-18
TRAIN,63,5,dn,1628,207.11972335455008,1,23.212051758781243,1,183.90767159576882,2016-08-10
TRAIN,63,5,dn,1650,-4.809458262295115,1,-70.97492495891672,1,66.1654666966216,2016-09-14
TRAIN,63,5,dn,1661,-44.272426773951715,12,147.60700947344301,7,-191.87943624739472,2016-09-29
TRAIN,63,5,dn,1669,252.54485108166259,1,-25.26046863434317,3,277.8053197160058,2016-10-13
TRAIN,63,5,dn,1681,137.4229974911123,1,342.8645344060333,1,-205.44153691492096,2016-11-01
TRAIN,63,5,dn,1683,-218.58679672253575,1,-72.68438874216679,2,-145.90240798036896,2016-11-03
TRAIN,63,5,dn,1684,-297.3267394084516,4,293.52641640869234,11,-590.8531558171439,2016-11-04
TRAIN,63,5,dn,1687,233.73167330619052,6,425.73390564557496,8,-192.00223233938445,2016-11-09
TRAIN,63,5,dn,1689,-79.63116505577113,5,-62.906114270835104,9,-16.72505078493603,2016-11-11
TRAIN,63,5,dn,1690,4.475680516657802,13,79.98162993217007,12,-75.50594941551226,2016-11-15
TRAIN,63,5,dn,1691,705.6753200297868,2,57.403558847306186,4,648.2717611824806,2016-11-16
TRAIN,63,5,dn,1716,-189.057757826259,1,56.78199129667682,5,-245.8397491229358,2016-12-21
TRAIN,63,5,dn,1719,-349.005680879044,2,-160.06627091438062,20,-188.93940996466338,2016-12-26
TRAIN,63,5,dn,1744,146.0352109093059,1,-484.8157624014622,1,630.8509733107682,2017-01-31
TRAIN,63,5,dn,1790,-177.52351371165403,1,95.85067222611292,1,-273.3741859377669,2017-04-10
TRAIN,63,5,dn,1793,141.82307613987444,1,115.20524030207558,1,26.617835837798864,2017-04-13
TRAIN,63,5,dn,1799,72.4844679267502,1,-107.66143555248834,1,180.14590347923854,2017-04-24
TRAIN,63,5,dn,1807,-371.80215988258783,1,357.6545529072791,3,-729.456712789867,2017-05-05
TRAIN,63,5,dn,1816,-809.1224475445252,1,-454.1219822414283,1,-355.0004653030969,2017-05-18
TRAIN,63,5,dn,1818,75.56459061528062,1,45.766999030552284,6,29.797591584728337,2017-05-22
TRAIN,63,5,dn,1819,807.4258732269133,2,-53.54434310068897,8,860.9702163276022,2017-05-23
TRAIN,63,5,dn,1820,257.4200752456123,1,340.689939872851,5,-83.26986462723875,2017-05-24
TRAIN,63,5,dn,1821,80.1293851220522,2,-73.43923850192141,2,153.56862362397362,2017-05-25
TRAIN,63,5,dn,1842,735.9379721686332,1,-44.864314849627874,5,780.802287018261,2017-06-23
TRAIN,63,5,dn,1843,203.59529679277233,1,-138.88030899022064,10,342.47560578299294,2017-06-27
TRAIN,63,5,dn,1866,744.2830766151108,1,383.78758525472324,1,360.4954913603875,2017-07-31
TRAIN,63,5,dn,1869,-342.1619214113971,1,319.8332828834029,3,-661.9952042948,2017-08-03
TRAIN,63,5,dn,1873,269.89696068014996,3,-138.30839605926542,8,408.2053567394154,2017-08-09
TRAIN,63,5,dn,1874,-309.3842861336396,6,-51.315098337314204,15,-258.06918779632537,2017-08-10
TRAIN,63,5,dn,1875,117.02954799436664,2,112.7641808046446,5,4.265367189722042,2017-08-11
TRAIN,63,5,dn,1879,-118.88141711508717,1,-659.4901524339365,2,540.6087353188493,2017-08-18
TRAIN,63,5,dn,1903,-97.48422653716507,2,21.703644509916096,2,-119.18787104708116,2017-09-22
TRAIN,63,5,dn,1906,170.59535918188098,3,205.6526547357988,12,-35.05729555391781,2017-09-27
TRAIN,63,5,dn,1910,-143.028919597936,1,-146.61962151059734,2,3.5907019126613307,2017-10-04
TRAIN,63,5,dn,1911,-244.51112458761017,1,48.57196568754007,1,-293.08309027515025,2017-10-05
TRAIN,63,5,dn,1920,-314.2557194775205,1,-1138.305389495332,2,824.0496700178116,2017-10-18
TRAIN,63,5,dn,1932,187.09897778197632,1,214.86636468691847,2,-27.767386904942157,2017-11-07
TRAIN,63,5,dn,1933,-28.372678213624095,1,-1.77379622871164,7,-26.598881984912456,2017-11-08
TRAIN,63,5,dn,1936,452.6296455357213,3,-192.57136355489484,2,645.2010090906161,2017-11-13
TRAIN,63,5,dn,1937,-137.04016179966075,1,91.5249881431602,2,-228.56514994282094,2017-11-14
TRAIN,63,20,up,517,-235.06858641728127,2,-244.11353755534287,5,9.044951138061606,2012-02-01
TRAIN,63,20,up,518,80.22462602543413,5,128.3745050919184,5,-48.14987906648426,2012-02-02
TRAIN,63,20,up,519,-182.0395592780096,5,531.9703405612204,7,-714.00989983923,2012-02-03
TRAIN,63,20,up,520,-907.387999614068,2,-98.93437521573568,4,-808.4536243983323,2012-02-06
TRAIN,63,20,up,521,-1264.3370489846682,2,-146.08513130115622,1,-1118.251917683512,2012-02-07
TRAIN,63,20,up,522,1901.32015302943,2,-34.07836440894562,4,1935.3985174383756,2012-02-08
TRAIN,63,20,up,524,-648.9921962334305,4,244.7238965461983,5,-893.7160927796288,2012-02-10
TRAIN,63,20,up,525,-1953.5857791624012,2,231.66993644773925,4,-2185.25571561014,2012-02-13
TRAIN,63,20,up,526,-100.50062806652147,3,-161.3146128813368,2,60.81398481481534,2012-02-14
TRAIN,63,20,up,527,342.719941757362,5,-615.6018671278903,8,958.3218088852523,2012-02-15
TRAIN,63,20,up,528,746.8852019619192,2,481.65562341326114,1,265.229578548658,2012-02-16
TRAIN,63,20,up,529,-894.1302205770857,1,149.1896507227014,1,-1043.319871299787,2012-02-17
TRAIN,63,20,up,534,-1.799132900727708,1,586.4685279617216,1,-588.2676608624494,2012-02-27
TRAIN,63,20,up,550,-235.2515860171748,3,-354.7136131544985,3,119.4620271373237,2012-03-21
TRAIN,63,20,up,557,268.77909691724716,1,508.65070322029305,1,-239.8716063030459,2012-03-30
TRAIN,63,20,up,560,1275.0179658496472,1,351.69772638954123,2,923.320239460106,2012-04-04
TRAIN,63,20,up,563,-499.06901309793056,2,1335.4864130975977,1,-1834.5554261955283,2012-04-11
TRAIN,63,20,up,565,568.2667230484842,1,386.79398918625736,1,181.47273386222685,2012-04-13
TRAIN,63,20,up,568,-259.8072901247403,1,1251.962236993671,3,-1511.7695271184114,2012-04-18
TRAIN,63,20,up,611,350.13706331176115,1,-204.965368860855,1,555.1024321726161,2012-06-19
TRAIN,63,20,up,612,-502.0434506296347,1,-293.4358411268242,2,-208.60760950281053,2012-06-20
TRAIN,63,20,up,616,892.7207890767071,1,-153.05202855290506,3,1045.772817629612,2012-06-26
TRAIN,63,20,up,620,353.03859572278463,2,-313.9544799036384,3,666.993075626423,2012-07-02
TRAIN,63,20,up,621,-717.8386079451934,2,430.3911080292098,2,-1148.2297159744032,2012-07-03
TRAIN,63,20,up,622,365.25221512055214,3,-106.58312965173604,4,471.8353447722882,2012-07-04
TRAIN,63,20,up,623,-257.9730392589651,3,505.3942954470548,2,-763.3673347060198,2012-07-05
TRAIN,63,20,up,624,-497.08949178224486,2,1199.006961365422,1,-1696.096453147667,2012-07-06
TRAIN,63,20,up,626,-91.3394359832833,2,-884.8622523759456,1,793.5228163926622,2012-07-10
TRAIN,63,20,up,633,-654.6448569076205,1,-125.65699575417725,2,-528.9878611534432,2012-07-19
TRAIN,63,20,up,640,959.2945249568822,1,754.5811246082139,1,204.7134003486683,2012-07-30
TRAIN,63,20,up,642,84.21131672933082,3,196.00685924472856,5,-111.79554251539774,2012-08-01
TRAIN,63,20,up,643,1178.50046985575,2,-633.8991668545767,1,1812.3996367103268,2012-08-02
TRAIN,63,20,up,644,542.794217817246,2,547.8399949300587,2,-5.04577711281263,2012-08-03
TRAIN,63,20,up,646,-237.1420315773548,2,43.27509943909405,2,-280.4171310164488,2012-08-07
TRAIN,63,20,up,648,-464.4907162877719,2,-445.9755097754148,3,-18.515206512357054,2012-08-09
TRAIN,63,20,up,649,-247.26307501564025,1,958.5894364699519,1,-1205.8525114855922,2012-08-10
TRAIN,63,20,up,652,1201.9683337239949,1,-274.4869034622345,1,1476.4552371862294,2012-08-16
TRAIN,63,20,up,654,-653.1252223725514,2,-57.15711260468666,1,-595.9681097678648,2012-08-21
TRAIN,63,20,up,656,-1137.146653979952,2,-960.5217555837954,1,-176.62489839615648,2012-08-23
TRAIN,63,20,up,668,-1149.813529489806,1,-191.65927724700146,2,-958.1542522428044,2012-09-10
TRAIN,63,20,up,669,-1879.5247045503056,1,-999.644502153984,2,-879.8802023963216,2012-09-11
TRAIN,63,20,up,672,-233.78042272811092,3,-14.20050332735158,1,-219.57991940075934,2012-09-14
TRAIN,63,20,up,673,-723.6762095556343,4,-1058.064075146697,1,334.3878655910627,2012-09-17
TRAIN,63,20,up,674,-394.4917299384832,9,224.62439778436988,3,-619.1161277228531,2012-09-18
TRAIN,63,20,up,675,392.0205566413953,1,-1049.43220411663,1,1441.4527607580253,2012-09-20
TRAIN,63,20,up,676,152.7337395521582,7,1116.4532283962185,1,-963.7194888440603,2012-09-21
TRAIN,63,20,up,678,-7.492408502288423,6,-979.8681664205363,2,972.3757579182479,2012-09-25
TRAIN,63,20,up,680,-267.4942664170612,2,28.32107753802846,2,-295.8153439550897,2012-09-27
TRAIN,63,20,up,681,850.8987213361798,3,-21.416078292183215,3,872.3147996283631,2012-09-28
TRAIN,63,20,up,683,40.21433246024103,4,-19.31600708915078,1,59.53033954939181,2012-10-03
TRAIN,63,20,up,684,-578.2682988260282,5,-154.4728443414093,1,-423.79545448461886,2012-10-04
TRAIN,63,20,up,690,-338.3121738537025,2,2059.744095759491,1,-2398.0562696131933,2012-10-12
TRAIN,63,20,up,706,-235.31172276759966,2,210.93968223700602,2,-446.25140500460566,2012-11-06
TRAIN,63,20,up,707,582.4229480342258,1,-307.739780554398,3,890.1627285886238,2012-11-07
TRAIN,63,20,up,710,514.7314182292097,1,301.99355771055826,2,212.73786051865142,2012-11-12
TRAIN,63,20,up,711,1389.1907977890062,4,1043.8963253174438,2,345.29447247156236,2012-11-15
TRAIN,63,20,up,721,287.9560383769784,5,200.5776048658335,5,87.37843351114492,2012-11-30
TRAIN,63,20,up,722,622.3520216125436,2,549.4430656756635,2,72.90895593688003,2012-12-03
TRAIN,63,20,up,724,850.3002017050576,4,413.67223420417145,1,436.62796750088614,2012-12-05
TRAIN,63,20,up,725,252.66732596497224,2,488.69973003077575,3,-236.03240406580352,2012-12-06
TRAIN,63,20,up,727,442.58042243919243,6,546.9439171774294,1,-104.36349473823697,2012-12-10
TRAIN,63,20,up,729,-1075.5690576348147,1,64.29633622549828,1,-1139.865393860313,2012-12-12
TRAIN,63,20,up,730,1208.3325313328385,1,-2311.619159488417,1,3519.9516908212554,2012-12-13
TRAIN,63,20,up,733,-189.98786948692606,5,321.52166198538833,1,-511.5095314723144,2012-12-18
TRAIN,63,20,up,734,-6.98116858818409,3,-609.0642711527312,1,602.0831025645471,2012-12-19
TRAIN,63,20,up,744,-135.72203029982018,5,720.0738510376503,1,-855.7958813374705,2013-01-03
TRAIN,63,20,up,746,180.6128072765224,2,959.4606029284248,2,-778.8477956519024,2013-01-07
TRAIN,63,20,up,748,1078.4990074861537,3,-3253.1648483496942,1,4331.663855835848,2013-01-09
TRAIN,63,20,up,755,-390.656243939097,3,-1541.757497430764,1,1151.101253491667,2013-01-18
TRAIN,63,20,up,764,521.7726407882333,1,793.1709435917315,1,-271.39830280349827,2013-01-31
TRAIN,63,20,up,790,-171.74101204598128,1,590.7821763836955,1,-762.5231884296768,2013-03-08
TRAIN,63,20,up,796,753.1586833062365,1,1138.634575790889,1,-385.4758924846524,2013-03-18
TRAIN,63,20,up,818,218.49612163999444,2,205.88153123232243,3,12.614590407672011,2013-04-22
TRAIN,63,20,up,822,765.2566445388409,1,-1020.2071113489263,1,1785.463755887767,2013-04-29
TRAIN,63,20,up,823,356.80772589182396,2,65.63366670325588,1,291.1740591885681,2013-04-30
TRAIN,63,20,up,824,259.6424295856397,4,-467.52111950957277,3,727.1635490952125,2013-05-02
TRAIN,63,20,up,826,1703.8435751910374,2,272.61775491622024,1,1431.2258202748171,2013-05-06
TRAIN,63,20,up,827,210.94572894092687,1,-906.0829566769329,3,1117.0286856178598,2013-05-07
TRAIN,63,20,up,828,-830.8597378514289,2,250.99270199018062,4,-1081.8524398416096,2013-05-08
TRAIN,63,20,up,830,1347.0063037185616,1,376.1641589502498,2,970.8421447683118,2013-05-10
TRAIN,63,20,up,832,-20.620263460015554,1,726.8301988485964,1,-747.4504623086119,2013-05-14
TRAIN,63,20,up,833,743.1931638118288,5,195.05249256986176,6,548.140671241967,2013-05-15
TRAIN,63,20,up,834,-831.4090467481628,2,-115.6295651874911,4,-715.7794815606717,2013-05-16
TRAIN,63,20,up,835,-26.81587687378391,3,701.665081572802,2,-728.480958446586,2013-05-17
TRAIN,63,20,up,844,-186.92013157516647,2,201.36723142561513,1,-388.2873630007816,2013-05-30
TRAIN,63,20,up,857,305.14226207118884,1,216.36088672487037,1,88.78137534631847,2013-06-18
TRAIN,63,20,up,865,731.4356012287795,1,945.0665713744436,1,-213.63097014566404,2013-06-28
TRAIN,63,20,up,872,1568.557610859926,2,674.0008174931834,5,894.5567933667426,2013-07-09
TRAIN,63,20,up,875,578.9742223619462,1,3529.345279875863,1,-2950.3710575139166,2013-07-12
TRAIN,63,20,up,878,988.4199640558481,3,1593.8138807699888,2,-605.3939167141407,2013-07-17
TRAIN,63,20,up,880,1902.6364746841207,1,1066.0857197009032,1,836.5507549832175,2013-07-19
TRAIN,63,20,up,906,-3122.8461196454673,1,-3126.9505093632743,1,4.104389717806953,2013-08-28
TRAIN,63,20,up,907,-587.4709436875198,3,-814.8093217882276,2,227.3383781007078,2013-08-29
TRAIN,63,20,up,915,215.99019117063503,1,1246.6345971932533,1,-1030.6444060226183,2013-09-11
TRAIN,63,20,up,921,67.34374774818586,3,-81.10453537150428,11,148.44828311969013,2013-09-19
TRAIN,63,20,up,922,-943.4659157782659,3,497.9890464457355,2,-1441.4549622240013,2013-09-20
TRAIN,63,20,up,923,-1526.4019985866867,1,940.9904134352304,1,-2467.392412021917,2013-09-23
TRAIN,63,20,up,926,595.1504851150936,1,36.453993532532664,2,558.696491582561,2013-09-26
TRAIN,63,20,up,929,-1830.3460023353553,1,-1136.487444668461,1,-693.8585576668943,2013-10-01
TRAIN,63,20,up,930,35.7259094977129,1,-1217.8878485524942,2,1253.613758050207,2013-10-03
TRAIN,63,20,up,931,-31.199784229805886,2,-306.9394118350319,1,275.739627605226,2013-10-04
TRAIN,63,20,up,932,1219.261347052864,2,-92.4420599634216,5,1311.7034070162856,2013-10-07
TRAIN,63,20,up,935,-358.00851781121213,2,-666.3582050888375,1,308.3496872776254,2013-10-10
TRAIN,63,20,up,940,489.5541212460492,3,-998.4047572780195,3,1487.9588785240687,2013-10-18
TRAIN,63,20,up,941,-59.32434641167133,5,84.67175100354092,6,-143.99609741521226,2013-10-21
TRAIN,63,20,up,942,-842.9974233884228,3,-22.04068485191755,3,-820.9567385365052,2013-10-22
TRAIN,63,20,up,943,-698.6234302140998,2,-1144.2488565544757,1,445.62542634037584,2013-10-23
TRAIN,63,20,up,944,3197.382765727021,3,157.55662739963955,1,3039.826138327381,2013-10-24
TRAIN,63,20,up,948,-131.32311985984995,4,-266.94448780757386,1,135.6213679477239,2013-10-30
TRAIN,63,20,up,949,-462.7944969932014,7,-221.40838340677533,5,-241.38611358642606,2013-10-31
TRAIN,63,20,up,950,160.04043385815575,12,100.18202860824317,6,59.85840524991258,2013-11-01
TRAIN,63,20,up,951,-669.4772074579438,5,416.0709894273995,6,-1085.5481968853433,2013-11-05
TRAIN,63,20,up,952,-466.1842971148524,3,189.84873386288345,3,-656.0330309777358,2013-11-06
TRAIN,63,20,up,958,-280.7814153062487,1,-761.1219022087894,1,480.3404869025407,2013-11-14
TRAIN,63,20,up,967,-1079.9098896098583,1,-196.79740669054894,2,-883.1124829193093,2013-11-28
TRAIN,63,20,up,972,-814.0855629937265,3,-1044.2935217291076,3,230.2079587353811,2013-12-05
TRAIN,63,20,up,973,-1084.94104898597,1,-641.8238388271166,5,-443.11721015885337,2013-12-06
TRAIN,63,20,up,974,-568.6486128196966,2,-602.7671872971335,8,34.11857447743694,2013-12-09
TRAIN,63,20,up,983,-114.47977677552149,2,-445.0230160898944,3,330.5432393143729,2013-12-20
TRAIN,63,20,up,984,-480.7308899330581,1,424.05291871459525,1,-904.7838086476534,2013-12-23
TRAIN,63,20,up,985,795.6434596977372,1,-254.5155779670939,3,1050.159037664831,2013-12-24
TRAIN,63,20,up,987,-473.13591973032703,2,73.94235797207716,1,-547.0782777024042,2013-12-27
TRAIN,63,20,up,988,467.8778241958058,1,1040.4603163121471,1,-572.5824921163414,2013-12-30
TRAIN,63,20,up,990,-504.0473753222695,3,-776.745103343004,4,272.6977280207345,2014-01-01
TRAIN,63,20,up,992,-727.8296522037949,2,275.3582607025857,3,-1003.1879129063807,2014-01-03
TRAIN,63,20,up,993,1047.5562482239054,2,519.0505075052628,1,528.5057407186426,2014-01-06
TRAIN,63,20,up,995,-1615.3120654907855,1,1506.8557338344108,1,-3122.167799325196,2014-01-08
TRAIN,63,20,up,1002,1116.4733487446842,1,366.88030556442095,1,749.5930431802633,2014-01-17
TRAIN,63,20,up,1005,1213.6826206428473,1,-60.8084207185923,1,1274.4910413614396,2014-01-22
TRAIN,63,20,up,1016,-770.4120120041235,1,-807.6223658126091,1,37.21035380848559,2014-02-06
TRAIN,63,20,up,1017,228.9802920762335,1,-806.0545867698182,1,1035.0348788460517,2014-02-07
TRAIN,63,20,up,1020,352.41741309524116,1,-203.48551815671362,1,555.9029312519548,2014-02-12
TRAIN,63,20,up,1021,-1906.3015476350326,1,-1779.7720251817818,2,-126.52952245325082,2014-02-13
TRAIN,63,20,up,1027,740.9771049065163,1,-26.602361185904392,1,767.5794660924207,2014-02-21
TRAIN,63,20,up,1029,-1439.3313443644684,1,-123.40396515519319,2,-1315.9273792092752,2014-02-25
TRAIN,63,20,up,1030,-15.007269488255815,4,-808.7619320287306,4,793.7546625404748,2014-02-26
TRAIN,63,20,up,1033,-522.3005675085489,3,-419.28185242765966,2,-103.0187150808892,2014-03-04
TRAIN,63,20,up,1035,-953.4018939663019,3,15.114337731501202,4,-968.5162316978032,2014-03-06
TRAIN,63,20,up,1036,186.46939259975437,5,-1120.3783449839805,1,1306.847737583735,2014-03-07
TRAIN,63,20,up,1037,462.74468484447,6,-507.21266721418164,3,969.9573520586516,2014-03-10
TRAIN,63,20,up,1038,454.1196386345214,2,-933.5719598875825,1,1387.691598522104,2014-03-11
TRAIN,63,20,up,1040,-591.7971881292879,1,-674.9102059788754,1,83.11301784958755,2014-03-13
TRAIN,63,20,up,1042,-470.040051056817,1,362.5595634317358,4,-832.5996144885528,2014-03-18
TRAIN,63,20,up,1046,282.8271253031504,2,-174.49771130644012,1,457.32483660959053,2014-03-24
TRAIN,63,20,up,1047,1180.4607582530055,1,-1019.3335798558983,4,2199.7943381089035,2014-03-25
TRAIN,63,20,up,1048,1383.4878019093944,2,141.3428244280984,3,1242.144977481296,2014-03-26
TRAIN,63,20,up,1050,-22.48259613576829,2,482.7417107171336,3,-505.2243068529019,2014-03-28
TRAIN,63,20,up,1051,-656.1561394020911,1,406.99325545722303,3,-1063.149394859314,2014-03-31
TRAIN,63,20,up,1053,460.10479256201603,2,-104.14070872155546,4,564.2455012835715,2014-04-02
TRAIN,63,20,up,1055,276.4845187646749,3,-386.61217894558774,1,663.0966977102626,2014-04-04
TRAIN,63,20,up,1056,-528.0755783178427,2,908.9342446084925,2,-1437.0098229263351,2014-04-07
TRAIN,63,20,up,1057,-233.66007037697284,6,-84.96624703193683,5,-148.693823345036,2014-04-09
TRAIN,63,20,up,1058,-486.9452992927087,4,-1915.305607798793,1,1428.3603085060845,2014-04-10
TRAIN,63,20,up,1059,2204.2497851797348,1,1056.2083105253573,1,1148.0414746543775,2014-04-11
TRAIN,63,20,up,1063,-1130.8190910893027,2,-654.8100202234533,2,-476.00907086584937,2014-04-21
TRAIN,63,20,up,1064,-1142.2314636606418,1,3992.7633080368123,1,-5134.994771697454,2014-04-22
TRAIN,63,20,up,1066,1316.1217811563206,1,156.38006423843817,3,1159.7417169178825,2014-04-25
TRAIN,63,20,up,1067,-590.2000344085403,1,-295.6256208642186,2,-294.5744135443217,2014-04-28
TRAIN,63,20,up,1071,-2348.140218029376,1,-82.49878942252099,1,-2265.641428606855,2014-05-05
TRAIN,63,20,up,1075,-1636.7822969512633,1,2083.643182434214,2,-3720.425479385477,2014-05-09
TRAIN,63,20,up,1076,-1091.8488021663138,1,-24.807763671782215,3,-1067.0410384945317,2014-05-12
TRAIN,63,20,up,1077,-1361.3513008861748,3,578.6361950653732,4,-1939.987495951548,2014-05-13
TRAIN,63,20,up,1078,-1381.0817959832666,2,3310.6008690167832,3,-4691.682665000049,2014-05-14
TRAIN,63,20,up,1080,629.4426965635809,6,-120.99897899415166,1,750.4416755577325,2014-05-16
TRAIN,63,20,up,1081,204.07960252519592,8,-326.3096658999164,5,530.3892684251123,2014-05-19
TRAIN,63,20,up,1082,366.58676522038934,5,-573.4724518853841,2,940.0592171057734,2014-05-20
TRAIN,63,20,up,1083,-102.77221187797859,3,-9.507917286333566,2,-93.26429459164503,2014-05-21
TRAIN,63,20,up,1084,174.76830976897202,2,-376.68696374481806,1,551.4552735137901,2014-05-22
TRAIN,63,20,up,1094,533.1245057150572,2,-89.51165184587578,2,622.636157560933,2014-06-05
TRAIN,63,20,up,1095,-655.4963949917158,1,-716.703740965977,1,61.207345974261216,2014-06-06
TRAIN,63,20,up,1096,797.3950333775483,1,543.0917875570963,2,254.30324582045205,2014-06-09
TRAIN,63,20,up,1097,313.1656443757241,3,972.5423986776354,2,-659.3767543019113,2014-06-10
TRAIN,63,20,up,1099,-123.75334571377708,1,547.7401522814876,1,-671.4934979952646,2014-06-12
TRAIN,63,20,up,1102,2708.2358893599685,1,586.4059684665293,1,2121.829920893439,2014-06-17
TRAIN,63,20,up,1110,-60.5786922163561,5,585.0063204643811,3,-645.5850126807372,2014-06-27
TRAIN,63,20,up,1116,757.3852674928577,1,565.9588544199634,2,191.42641307289432,2014-07-07
TRAIN,63,20,up,1128,-2182.3896885451495,1,329.250128068941,2,-2511.6398166140907,2014-07-23
TRAIN,63,20,up,1131,-1199.0788852852827,1,383.4101783197177,1,-1582.4890636050004,2014-07-28
TRAIN,63,20,up,1132,-168.55878318667968,1,593.471244024707,1,-762.0300272113866,2014-07-30
TRAIN,63,20,up,1137,695.4728870940302,1,618.994978013096,2,76.47790908093418,2014-08-06
TRAIN,63,20,up,1144,-350.6562334536725,2,170.6950290261936,2,-521.3512624798661,2014-08-18
TRAIN,63,20,up,1145,992.9962911378275,1,415.5852902624267,1,577.4110008754008,2014-08-19
TRAIN,63,20,up,1146,1042.2006234872515,2,-71.51077071000273,2,1113.7113941972543,2014-08-20
TRAIN,63,20,up,1147,147.37853730865794,1,229.01198710080797,2,-81.63344979215003,2014-08-21
TRAIN,63,20,up,1149,1175.1964988836507,1,-509.5121146747613,1,1684.708613558412,2014-08-25
TRAIN,63,20,up,1152,-58.050605965365065,1,701.6040036970895,1,-759.6546096624546,2014-08-28
TRAIN,63,20,up,1153,338.94423723065535,4,16.212618673821467,6,322.7316185568339,2014-09-01
TRAIN,63,20,up,1154,22.57403675514625,1,394.27653508503954,1,-371.7024983298933,2014-09-02
TRAIN,63,20,up,1155,970.3551595036397,1,938.8729221214631,1,31.48223738217655,2014-09-03
TRAIN,63,20,up,1156,-403.3968805818146,1,-808.5173782555036,1,405.12049767368893,2014-09-04
TRAIN,63,20,up,1157,696.4017132137035,5,-1532.6137862555715,1,2229.015499469275,2014-09-05
TRAIN,63,20,up,1158,2066.1757359575713,2,404.9545763361185,2,1661.221159621453,2014-09-08
TRAIN,63,20,up,1161,432.31491026089867,2,-13.490571423346175,2,445.80548168424485,2014-09-11
TRAIN,63,20,up,1163,-944.20564686494,1,20.929018323832675,1,-965.1346651887727,2014-09-15
TRAIN,63,20,up,1167,-674.5235378441706,3,73.31824094969332,1,-747.8417787938639,2014-09-19
TRAIN,63,20,up,1178,-1015.500663984762,1,223.34448037219275,1,-1238.8451443569547,2014-10-09
TRAIN,63,20,up,1184,-272.90110525305306,1,-1349.685751336447,1,1076.784646083394,2014-10-20
TRAIN,63,20,up,1185,-842.2022949740668,1,-10.057095588322511,2,-832.1451993857443,2014-10-21
TRAIN,63,20,up,1186,-1003.9183872508696,1,1974.256902555618,1,-2978.1752898064874,2014-10-22
TRAIN,63,20,up,1188,-549.3209775930734,2,52.46248879640289,5,-601.7834663894763,2014-10-28
TRAIN,63,20,up,1191,-730.8644063864748,1,-351.1084165228892,3,-379.7559898635856,2014-10-31
TRAIN,63,20,up,1192,-136.37192733235938,5,36.049874395723464,2,-172.42180172808284,2014-11-03
TRAIN,63,20,up,1193,139.59054149661742,4,-537.7253710545012,2,677.3159125511187,2014-11-05
TRAIN,63,20,up,1194,325.1339926796673,3,289.00768660662624,5,36.126306073041064,2014-11-07
TRAIN,63,20,up,1195,1146.1582596110568,4,452.7248458636106,1,693.4334137474461,2014-11-10
TRAIN,63,20,up,1196,490.8779734914675,2,445.9317789819793,1,44.94619450948824,2014-11-11
TRAIN,63,20,up,1197,-427.38117536584826,2,286.2460896185856,1,-713.6272649844339,2014-11-12
TRAIN,63,20,up,1199,-271.116427944329,2,482.6774841647746,1,-753.7939121091036,2014-11-14
TRAIN,63,20,up,1200,289.2256842091476,2,-279.39733408493584,3,568.6230182940834,2014-11-17
TRAIN,63,20,up,1201,-957.0371068139581,1,67.53022553280239,4,-1024.5673323467604,2014-11-18
TRAIN,63,20,up,1209,714.3932210753412,2,166.14243659900276,1,548.2507844763385,2014-11-28
TRAIN,63,20,up,1213,-51.93271688887131,2,471.14385808887926,1,-523.0765749777506,2014-12-04
TRAIN,63,20,up,1229,583.2998432709082,1,439.2392158805683,2,144.06062739033996,2014-12-29
TRAIN,63,20,up,1230,129.5117394011148,1,519.2096253777224,1,-389.6978859766076,2014-12-30
TRAIN,63,20,up,1233,-42.19188850137303,4,510.69053642252743,1,-552.8824249239004,2015-01-02
TRAIN,63,20,up,1234,-120.96627441719681,2,-15.16311579933813,2,-105.80315861785868,2015-01-05
TRAIN,63,20,up,1238,591.528879966147,2,-1039.8368946847834,1,1631.3657746509302,2015-01-09
TRAIN,63,20,up,1240,7.253561677448793,2,-840.5246325082849,1,847.7781941857337,2015-01-13
TRAIN,63,20,up,1241,9.346732527453241,2,1782.978256775899,1,-1773.6315242484457,2015-01-14
TRAIN,63,20,up,1242,519.6496812736029,5,1722.6845722129865,1,-1203.0348909393836,2015-01-15
TRAIN,63,20,up,1244,33.447782205417234,1,-59.37416683903268,2,92.82194904444992,2015-01-19
TRAIN,63,20,up,1245,-693.9903576850603,2,243.26605868586935,1,-937.2564163709296,2015-01-20
TRAIN,63,20,up,1246,-434.51263468887043,4,659.7925929406958,4,-1094.3052276295662,2015-01-21
TRAIN,63,20,up,1247,259.389743583855,3,-38.81391690599284,2,298.20366048984783,2015-01-22
TRAIN,63,20,up,1248,287.742988435223,3,367.85636731732194,3,-80.11337888209891,2015-01-23
TRAIN,63,20,up,1250,92.37819442242973,1,-473.2167996438122,1,565.594994066242,2015-01-28
TRAIN,63,20,up,1251,777.2832761862473,2,149.57902891632867,1,627.7042472699187,2015-01-29
TRAIN,63,20,up,1252,-1393.2200092372277,2,-609.6057134318801,1,-783.6142958053476,2015-01-30
TRAIN,63,20,up,1253,-47.79346013060842,2,208.40827846805246,2,-256.2017385986609,2015-02-02
TRAIN,63,20,up,1261,-829.7931312494478,1,-690.7403593683737,1,-139.05277188107414,2015-02-12
TRAIN,63,20,up,1265,-1794.9140911090706,1,177.0164540294445,1,-1971.930545138515,2015-02-19
TRAIN,63,20,up,1267,591.7135368167111,1,-164.9452342293837,1,756.6587710460948,2015-02-23
TRAIN,63,20,up,1269,870.3813706300812,1,-1536.1228563487928,1,2406.5042269788737,2015-02-25
TRAIN,63,20,up,1271,-863.2645206577212,2,2303.4940300559097,1,-3166.758550713631,2015-02-27
TRAIN,63,20,up,1272,659.3787654610024,2,-196.60269301383184,4,855.9814584748343,2015-03-02
TRAIN,63,20,up,1275,1968.3137574058262,1,104.42380478741698,1,1863.8899526184093,2015-03-05
TRAIN,63,20,up,1276,-804.0164027417133,1,-593.1540678099559,1,-210.86233493175735,2015-03-09
TRAIN,63,20,up,1278,-1283.5108335631287,1,672.6481666481774,1,-1956.1590002113062,2015-03-11
TRAIN,63,20,up,1279,847.3933830736332,5,37.834513856784,2,809.5588692168492,2015-03-12
TRAIN,63,20,up,1281,525.7763981431274,1,-493.94527656630055,2,1019.7216747094279,2015-03-16
TRAIN,63,20,up,1294,-812.5608511372692,1,561.8076498058895,3,-1374.3685009431588,2015-04-06
TRAIN,63,20,up,1295,-723.5862740938691,1,-678.7798132144039,1,-44.806460879465135,2015-04-07
TRAIN,63,20,up,1296,-502.30592184151004,2,-434.4319135546977,2,-67.87400828681234,2015-04-08
TRAIN,63,20,up,1298,-1091.4638524116806,2,-483.63523081749435,1,-607.8286215941862,2015-04-10
TRAIN,63,20,up,1299,-991.5475092023266,1,-244.24576458605893,1,-747.3017446162677,2015-04-13
TRAIN,63,20,up,1312,-1117.7402043245665,1,680.0378978100075,1,-1797.778102134574,2015-05-04
TRAIN,63,20,up,1331,844.2330754099557,2,-433.4954054742003,2,1277.728480884156,2015-05-29
TRAIN,63,20,up,1332,1329.4630390914656,1,663.900450519028,2,665.5625885724376,2015-06-01
TRAIN,63,20,up,1345,-478.87585477773973,2,-670.7339582232161,1,191.85810344547633,2015-06-18
TRAIN,63,20,up,1350,-819.6994324591027,3,4.081479525272425,5,-823.7809119843752,2015-06-25
TRAIN,63,20,up,1351,1580.5078626100008,1,-808.6023068815232,1,2389.110169491524,2015-06-26
TRAIN,63,20,up,1354,357.8502001792829,3,-97.38655029007538,2,455.2367504693583,2015-07-01
TRAIN,63,20,up,1357,-46.42627258630432,2,770.4273866183312,1,-816.8536592046355,2015-07-06
TRAIN,63,20,up,1364,-437.2262039869368,1,62.754138873376554,6,-499.9803428603134,2015-07-15
TRAIN,63,20,up,1365,675.2457654419233,4,99.06030815351424,5,576.185457288409,2015-07-16
TRAIN,63,20,up,1366,16.261347474443482,3,-604.915002208218,5,621.1763496826615,2015-07-17
TRAIN,63,20,up,1367,313.7734360374774,2,-542.27908418547,3,856.0525202229474,2015-07-20
TRAIN,63,20,up,1369,-654.6576516061721,1,220.7033309725103,5,-875.3609825786823,2015-07-22
TRAIN,63,20,up,1375,-52.639084145183205,1,1262.6217646227296,1,-1315.2608487679129,2015-07-30
TRAIN,63,20,up,1377,-65.20419800805116,3,-589.778305690528,3,524.5741076824768,2015-08-03
TRAIN,63,20,up,1378,-652.0519301149001,3,2043.61219350148,1,-2695.66412361638,2015-08-04
TRAIN,63,20,up,1379,-586.2584998307332,2,632.6416394159637,1,-1218.9001392466969,2015-08-05
TRAIN,63,20,up,1382,163.46938549557905,1,283.32728360341923,1,-119.85789810784019,2015-08-10
TRAIN,63,20,up,1386,-140.68112747867596,1,286.9091393973053,1,-427.59026687598123,2015-08-14
TRAIN,63,20,up,1411,922.0536423751524,1,-993.5681310387612,1,1915.6217734139136,2015-09-21
TRAIN,63,20,up,1413,1114.5127455603688,1,-15.559867479081404,1,1130.0726130394503,2015-09-23
TRAIN,63,20,up,1420,-343.3399906147275,2,14.484441283351352,2,-357.8244318980789,2015-10-06
TRAIN,63,20,up,1421,403.1756899904997,2,1325.4826782273226,1,-922.3069882368229,2015-10-07
TRAIN,63,20,up,1429,2.61776272144715,4,-1382.8873287822862,2,1385.5050915037334,2015-10-19
TRAIN,63,20,up,1434,1183.130803116473,1,-375.0323358726894,1,1558.1631389891625,2015-10-27
TRAIN,63,20,up,1437,-105.98769406724799,1,-708.6308098941754,1,602.6431158269274,2015-10-30
TRAIN,63,20,up,1440,-1812.1078898627463,1,-108.85312506125011,1,-1703.2547648014963,2015-11-04
TRAIN,63,20,up,1447,-453.3894355635597,2,1006.0749089681354,1,-1459.4643445316951,2015-11-17
TRAIN,63,20,up,1449,-584.6846627728272,2,623.7745487643183,1,-1208.4592115371456,2015-11-19
TRAIN,63,20,up,1450,23.483267120740038,3,-454.03917922403724,1,477.5224463447773,2015-11-20
TRAIN,63,20,up,1452,-108.4154446930842,2,216.10231227346605,2,-324.5177569665502,2015-11-24
TRAIN,63,20,up,1453,-82.7562280724524,3,-444.9060219304933,2,362.1497938580409,2015-11-26
TRAIN,63,20,up,1454,-310.74630146697825,1,-70.5540636140289,3,-240.19223785294935,2015-11-27
TRAIN,63,20,up,1455,1060.441987869478,1,-929.0067488558636,2,1989.4487367253416,2015-11-30
TRAIN,63,20,up,1457,-174.98314939203277,1,-918.971229212705,1,743.9880798206723,2015-12-02
TRAIN,63,20,up,1465,16.705225232760554,2,-293.5266277439934,1,310.23185297675394,2015-12-14
TRAIN,63,20,up,1467,1311.1480295004612,1,1257.9011783176436,1,53.246851182817636,2015-12-16
TRAIN,63,20,up,1468,-238.7614581207689,2,-126.47788658200848,1,-112.28357153876043,2015-12-17
TRAIN,63,20,up,1470,393.0196730414372,2,882.5088949946564,1,-489.4892219532192,2015-12-21
TRAIN,63,20,up,1473,-137.25614678884583,2,-1023.6054095905354,2,886.3492628016895,2015-12-24
TRAIN,63,20,up,1476,136.93315261093312,1,458.01787320727385,1,-321.08472059634073,2015-12-30
TRAIN,63,20,up,1477,-253.86940534622516,4,877.1322407908564,1,-1131.0016461370815,2015-12-31
TRAIN,63,20,up,1480,-2718.4055590969806,3,-87.57701296523118,1,-2630.8285461317496,2016-01-05
TRAIN,63,20,up,1504,-616.3355206485256,1,-1092.657181642508,1,476.3216609939824,2016-02-09
TRAIN,63,20,up,1520,2.5972960311002047,1,353.88490568278274,2,-351.28760965168254,2016-03-02
TRAIN,63,20,up,1521,-681.636864452862,2,-185.44681088342742,4,-496.1900535694346,2016-03-03
TRAIN,63,20,up,1522,-580.7229331914813,2,-1046.1345104128748,1,465.4115772213935,2016-03-04
TRAIN,63,20,up,1526,-1416.1271570544066,1,-154.67968172542376,1,-1261.4474753289828,2016-03-11
TRAIN,63,20,up,1532,-495.65918827509836,4,17.11869290063717,4,-512.7778811757355,2016-03-21
TRAIN,63,20,up,1534,-506.60313246167476,1,358.4448535342312,1,-865.047985995906,2016-03-23
TRAIN,63,20,up,1543,1030.5928169627193,1,-1150.3390190501389,1,2180.931836012858,2016-04-07
TRAIN,63,20,up,1545,76.0919287844691,2,39.18121053247122,1,36.910718251997885,2016-04-11
TRAIN,63,20,up,1546,-1011.3384184456803,1,-481.7542401269349,5,-529.5841783187454,2016-04-12
TRAIN,63,20,up,1547,-215.11372587917262,4,290.1680674946812,7,-505.2817933738538,2016-04-13
TRAIN,63,20,up,1548,608.204538645513,3,70.05605821229445,10,538.1484804332185,2016-04-18
TRAIN,63,20,up,1549,-580.3243913012448,3,231.02355995055552,4,-811.3479512518003,2016-04-20
TRAIN,63,20,up,1550,-1102.9298151095595,2,-132.06332770114432,4,-970.8664874084152,2016-04-21
TRAIN,63,20,up,1551,118.07161831783446,2,-563.5748910294941,3,681.6465093473286,2016-04-22
TRAIN,63,20,up,1552,-459.5555166907634,2,799.38717349659,2,-1258.9426901873535,2016-04-25
TRAIN,63,20,up,1553,-197.1108864029525,1,-526.2226423849453,5,329.1117559819928,2016-04-26
TRAIN,63,20,up,1557,-768.1608124820109,1,-370.0820857454216,1,-398.0787267365893,2016-05-02
TRAIN,63,20,up,1562,-294.4484561825642,3,66.79445144981851,4,-361.2429076323827,2016-05-09
TRAIN,63,20,up,1564,625.8533859378923,3,459.5456715866923,1,166.3077143512,2016-05-11
TRAIN,63,20,up,1565,182.76450709224292,2,-281.8191729462427,4,464.5836800384856,2016-05-12
TRAIN,63,20,up,1567,257.39004185162383,1,193.65947957169269,2,63.73056227993115,2016-05-16
TRAIN,63,20,up,1576,-40.61606311566258,2,-373.3535606188564,1,332.7374975031938,2016-05-27
TRAIN,63,20,up,1577,-248.47846542977695,3,-87.32262648530929,2,-161.15583894446766,2016-05-30
TRAIN,63,20,up,1578,653.8954335805411,2,366.9361828891749,3,286.95925069136615,2016-05-31
TRAIN,63,20,up,1583,-51.61993438525844,1,-1041.9616028744815,1,990.341668489223,2016-06-07
TRAIN,63,20,up,1584,-115.62093676088543,4,406.7788999714766,4,-522.399836732362,2016-06-08
TRAIN,63,20,up,1591,941.1936232862668,4,-143.3992622749373,4,1084.5928855612042,2016-06-17
TRAIN,63,20,up,1597,266.5283122362705,1,238.57195849738451,2,27.95635373888598,2016-06-27
TRAIN,63,20,up,1599,1382.994182100284,1,-585.4148663674547,1,1968.4090484677386,2016-06-29
TRAIN,63,20,up,1600,466.56652426476296,4,181.1036570446622,3,285.46286722010075,2016-06-30
TRAIN,63,20,up,1601,138.9066201681343,1,-581.9048798148366,4,720.8114999829709,2016-07-01
TRAIN,63,20,up,1602,-772.8794339551737,2,444.82102152478546,2,-1217.7004554799591,2016-07-04
TRAIN,63,20,up,1603,-398.80745464791465,4,-611.3276040742534,1,212.52014942633872,2016-07-05
TRAIN,63,20,up,1604,257.6920326826182,3,302.84627775446603,2,-45.15424507184781,2016-07-07
TRAIN,63,20,up,1607,332.66072207983603,2,57.30166136030812,3,275.3590607195279,2016-07-12
TRAIN,63,20,up,1613,-1502.6828140090563,3,361.69688075939064,1,-1864.3796947684468,2016-07-20
TRAIN,63,20,up,1616,582.1666048400434,2,486.0567731814894,2,96.10983165855401,2016-07-25
TRAIN,63,20,up,1617,231.5265919331671,3,354.34900384661194,2,-122.82241191344482,2016-07-26
TRAIN,63,20,up,1619,-542.7754758837771,4,-127.01292603744571,2,-415.76254984633135,2016-07-28
TRAIN,63,20,up,1620,-845.3981766874871,3,714.1130871048548,2,-1559.5112637923419,2016-07-29
TRAIN,63,20,up,1625,307.966864826998,2,1157.494920377245,1,-849.528055550247,2016-08-05
TRAIN,63,20,up,1631,257.5304477060521,1,208.9575591291,1,48.572888576952096,2016-08-16
TRAIN,63,20,up,1632,1084.2067274484557,3,-593.2581852048097,1,1677.4649126532654,2016-08-17
TRAIN,63,20,up,1641,431.9487030827553,2,-597.7656018566645,2,1029.71430493942,2016-08-30
TRAIN,63,20,up,1642,309.0946799528975,3,-377.17038355921215,1,686.2650635121097,2016-08-31
TRAIN,63,20,up,1646,-314.46876934351906,4,1736.17003472214,1,-2050.638804065659,2016-09-07
TRAIN,63,20,up,1647,-1095.3747561812238,2,-112.14083797370135,5,-983.2339182075225,2016-09-08
TRAIN,63,20,up,1648,-1206.0665797258607,1,1319.7629828684067,1,-2525.8295625942674,2016-09-09
TRAIN,63,20,up,1656,297.12789761387296,1,173.83150747430403,1,123.29639013956893,2016-09-22
TRAIN,63,20,up,1657,-684.0756900927637,2,989.8459206646191,1,-1673.921610757383,2016-09-23
TRAIN,63,20,up,1660,-599.9421247985688,1,175.5835526019909,2,-775.5256774005597,2016-09-28
TRAIN,63,20,up,1664,1319.1188230866976,2,485.77965119991995,2,833.3391718867776,2016-10-04
TRAIN,63,20,up,1666,905.4843836589349,1,-12.67483862287034,2,918.1592222818052,2016-10-06
TRAIN,63,20,up,1668,-479.84848184457053,1,-544.8226187240804,1,64.97413687950984,2016-10-10
TRAIN,63,20,up,1672,-1471.9338528544477,2,163.62423727359493,1,-1635.5580901280425,2016-10-18
TRAIN,63,20,up,1674,-427.66005365896973,3,288.6639060177526,1,-716.3239596767223,2016-10-20
TRAIN,63,20,up,1675,-780.7978562438032,2,905.7555163047895,1,-1686.5533725485925,2016-10-21
TRAIN,63,20,up,1676,1072.3254236672358,1,284.19226774835715,1,788.1331559188786,2016-10-24
TRAIN,63,20,up,1680,-153.1439304396061,2,3195.7587428453367,1,-3348.902673284943,2016-10-28
TRAIN,63,20,up,1681,-265.49251270785845,1,-417.84142127084993,1,152.34890856299148,2016-11-01
TRAIN,63,20,up,1693,-1410.609374521909,1,-1199.3154928416193,1,-211.29388168028981,2016-11-18
TRAIN,63,20,up,1698,-773.4140637173452,1,-65.37755182615498,2,-708.0365118911902,2016-11-25
TRAIN,63,20,up,1707,-516.5469368285868,1,-445.3527741094609,1,-71.19416271912593,2016-12-08
TRAIN,63,20,up,1712,-210.32829944701757,1,510.3891302622369,1,-720.7174297092545,2016-12-15
TRAIN,63,20,up,1724,-567.2155150911269,1,291.04332397513576,2,-858.2588390662627,2017-01-02
TRAIN,63,20,up,1725,29.47755162497151,1,-1312.3685263588482,2,1341.8460779838197,2017-01-03
TRAIN,63,20,up,1726,-979.0453654086664,1,88.58846444554341,1,-1067.6338298542098,2017-01-04
TRAIN,63,20,up,1730,-527.3725914024102,2,380.58254035003347,1,-907.9551317524437,2017-01-10
TRAIN,63,20,up,1731,-161.4107887437713,7,382.8313738713417,2,-544.242162615113,2017-01-11
TRAIN,63,20,up,1732,-842.2426529938393,3,-543.6674067693509,1,-298.5752462244884,2017-01-12
TRAIN,63,20,up,1733,-324.8325220944579,2,-528.764364402734,3,203.93184230827615,2017-01-13
TRAIN,63,20,up,1741,-361.4444138233758,4,-2102.2895658791003,1,1740.8451520557246,2017-01-25
TRAIN,63,20,up,1742,133.23503035669637,3,-386.6211042982157,3,519.856134654912,2017-01-27
TRAIN,63,20,up,1745,349.86646848997395,7,155.6964315333382,8,194.17003695663576,2017-02-01
TRAIN,63,20,up,1747,-432.96681657138345,8,85.63037502343622,2,-518.5971915948196,2017-02-03
TRAIN,63,20,up,1748,-506.4160095510077,5,173.78670657881915,3,-680.2027161298269,2017-02-06
TRAIN,63,20,up,1749,116.87833707849437,1,-1242.7132744670143,1,1359.5916115455086,2017-02-07
TRAIN,63,20,up,1751,1006.1802145018258,3,475.6622048592575,2,530.5180096425684,2017-02-09
TRAIN,63,20,up,1752,562.6577251383208,1,-441.53456146498667,3,1004.1922866033074,2017-02-10
TRAIN,63,20,up,1756,-495.2336763951539,1,-395.8175051761084,2,-99.41617121904551,2017-02-16
TRAIN,63,20,up,1757,249.96956909225798,3,-1076.419680622039,1,1326.389249714297,2017-02-17
TRAIN,63,20,up,1759,316.1291430845384,2,7.092418578944034,3,309.03672450559435,2017-02-21
TRAIN,63,20,up,1760,962.2714270452883,5,-740.8669565464621,2,1703.1383835917504,2017-02-22
TRAIN,63,20,up,1764,8.181469743200852,1,236.81943267645886,1,-228.637962933258,2017-03-01
TRAIN,63,20,up,1768,400.4085370858992,1,-166.84599286350556,2,567.2545299494047,2017-03-07
TRAIN,63,20,up,1772,-38.61536414703598,5,334.8265711118847,1,-373.44193525892064,2017-03-14
TRAIN,63,20,up,1774,-72.42012367303268,3,-344.834213218647,3,272.41408954561433,2017-03-16
TRAIN,63,20,up,1775,136.52155227648765,4,635.4112818546123,1,-498.8897295781246,2017-03-17
TRAIN,63,20,up,1776,589.4647232705447,3,463.4722132517242,2,125.9925100188205,2017-03-20
TRAIN,63,20,up,1777,-416.2500588393045,3,-107.9879590363017,1,-308.2620998030028,2017-03-21
TRAIN,63,20,up,1781,-541.164810883193,1,-617.5059630701026,1,76.34115218690954,2017-03-27
TRAIN,63,20,up,1782,-80.50431597078357,3,356.58874961455643,2,-437.09306558534,2017-03-28
TRAIN,63,20,up,1784,237.152843828002,3,575.6510282851312,1,-338.49818445712924,2017-03-30
TRAIN,63,20,up,1786,-597.941682092081,4,-851.0224495651914,3,253.08076747311043,2017-04-03
TRAIN,63,20,up,1788,192.38416466101899,3,-278.49157844112324,2,470.8757431021422,2017-04-06
TRAIN,63,20,up,1791,262.5752332570481,1,1071.4943304188746,3,-808.9190971618265,2017-04-11
TRAIN,63,20,up,1794,-263.69315070988995,1,46.225446664697756,4,-309.9185973745877,2017-04-17
TRAIN,63,20,up,1799,-798.4936748877632,1,-395.56671462997645,1,-402.92696025778673,2017-04-24
TRAIN,63,20,up,1804,-1924.8311191689709,1,173.36238095457796,2,-2098.193500123549,2017-05-02
TRAIN,63,20,up,1806,953.3931209035837,1,-58.46105532989941,1,1011.8541762334831,2017-05-04
TRAIN,63,20,up,1808,2435.700869179618,1,1350.0617594808564,1,1085.6391096987618,2017-05-08
TRAIN,63,20,up,1811,-212.2936760517878,2,540.5998226910438,2,-752.8934987428315,2017-05-11
TRAIN,63,20,up,1815,-187.36166429692634,1,-30.575420204134936,1,-156.7862440927914,2017-05-17
TRAIN,63,20,up,1822,-158.17862163325373,1,-879.0145982529418,1,720.8359766196882,2017-05-26
TRAIN,63,20,up,1825,-506.91931730415416,1,-0.07964567427461589,3,-506.83967162987955,2017-05-31
TRAIN,63,20,up,1829,-778.1405956777772,1,-435.46235189235796,1,-342.6782437854193,2017-06-06
TRAIN,63,20,up,1830,633.833455676962,4,73.06666377970505,1,560.7667918972569,2017-06-07
TRAIN,63,20,up,1835,660.5780941536877,1,503.2270628104586,1,157.35103134322912,2017-06-14
TRAIN,63,20,up,1838,-67.83962834990747,1,-178.61551790045118,4,110.77588955054371,2017-06-19
TRAIN,63,20,up,1847,756.3468162104302,2,-456.33708974909865,3,1212.6839059595288,2017-07-03
TRAIN,63,20,up,1849,-977.3316929705886,1,1093.8663085403302,1,-2071.198001510919,2017-07-05
TRAIN,63,20,up,1855,-266.69846963206334,2,1078.2380122006036,2,-1344.936481832667,2017-07-14
TRAIN,63,20,up,1858,205.42313323678093,3,-840.5138615428655,4,1045.9369947796463,2017-07-19
TRAIN,63,20,up,1862,94.5623134864273,3,502.2427075477641,2,-407.6803940613368,2017-07-25
TRAIN,63,20,up,1863,-621.1735863178404,4,339.0743159073219,1,-960.2479022251623,2017-07-26
TRAIN,63,20,up,1865,-503.06501544361896,3,189.3076205797646,2,-692.3726360233836,2017-07-28
TRAIN,63,20,up,1866,-971.3281625003666,1,471.4478701050097,1,-1442.7760326053763,2017-07-31
TRAIN,63,20,up,1868,36.761764515079626,4,323.01929382646915,2,-286.25752931138953,2017-08-02
TRAIN,63,20,up,1870,171.709736430685,2,354.54265077826875,1,-182.83291434758374,2017-08-04
TRAIN,63,20,up,1877,594.7198809838039,1,-530.2400571467347,1,1124.9599381305386,2017-08-16
TRAIN,63,20,up,1884,2871.8508998682955,4,-656.7265709367908,2,3528.5774708050863,2017-08-28
TRAIN,63,20,up,1887,-1119.069343079982,1,-89.95285980572268,1,-1029.1164832742593,2017-08-31
TRAIN,63,20,up,1889,-512.5089193573307,1,181.91242793569432,1,-694.4213472930251,2017-09-04
TRAIN,63,20,up,1892,-274.29515663262305,2,-327.50316778284724,2,53.208011150224195,2017-09-07
TRAIN,63,20,up,1894,168.12130351855708,3,91.17947283725857,1,76.94183068129851,2017-09-11
TRAIN,63,20,up,1895,187.6149419178177,4,-162.66559293048078,4,350.2805348482985,2017-09-12
TRAIN,63,20,up,1897,898.0292184123068,1,-209.3317587654503,1,1107.3609771777571,2017-09-14
TRAIN,63,20,up,1899,-63.89072689017615,1,453.9582582028529,4,-517.848985093029,2017-09-18
TRAIN,63,20,up,1900,-183.55202576061038,3,161.1651409036549,2,-344.7171666642653,2017-09-19
TRAIN,63,20,up,1918,601.9779387994291,1,-442.3541498845617,2,1044.3320886839908,2017-10-16
TRAIN,63,20,up,1920,200.0451018157962,2,-363.31453766161087,2,563.3596394774071,2017-10-18
TRAIN,63,20,up,1921,-156.90348342646314,1,-427.4335862645201,2,270.53010283805696,2017-10-23
TRAIN,63,20,up,1923,-404.8655359189399,11,-57.93899858574106,2,-346.92653733319884,2017-10-25
TRAIN,63,20,up,1924,-47.77950832369785,3,540.8179641853174,1,-588.5974725090152,2017-10-26
TRAIN,63,20,up,1925,1078.028746291974,3,-93.23908029551733,1,1171.2678265874913,2017-10-27
TRAIN,63,20,up,1927,-138.75085861228104,4,269.71812315364264,3,-408.4689817659237,2017-10-31
TRAIN,63,20,up,1928,-39.161163213923714,4,-96.11379755081157,1,56.952634336887854,2017-11-01
TRAIN,63,20,up,1929,160.66887518408336,6,526.1414524223122,3,-365.47257723822884,2017-11-02
TRAIN,63,20,up,1930,301.380966431413,5,-786.1281882466175,1,1087.5091546780304,2017-11-03
TRAIN,63,20,up,1934,578.173345639695,1,172.46906691535347,1,405.7042787243415,2017-11-09
TRAIN,63,20,up,1935,-62.0085807623902,1,-662.788679026258,1,600.7800982638678,2017-11-10
TRAIN,63,20,up,1945,-457.32450808695336,1,1154.5390805208215,1,-1611.8635886077748,2017-11-24
TRAIN,63,20,up,1948,-957.839564281736,1,-342.05554526837034,1,-615.7840190133657,2017-11-29
TRAIN,63,20,dn,556,-71.85463970285224,1,-286.35027115638513,1,214.4956314535329,2012-03-29
TRAIN,63,20,dn,562,324.2693136117132,3,-1481.8865162095592,1,1806.1558298212724,2012-04-10
TRAIN,63,20,dn,571,-392.70016866954694,1,-9.822164318109126,10,-382.8780043514378,2012-04-23
TRAIN,63,20,dn,572,-471.0151393202916,1,-173.82383650856508,4,-297.19130281172653,2012-04-24
TRAIN,63,20,dn,574,401.73523708147,4,95.90992887270997,2,305.82530820876,2012-04-26
TRAIN,63,20,dn,575,294.92183596062773,3,127.60210746255116,6,167.31972849807659,2012-04-27
TRAIN,63,20,dn,577,163.41470550681163,1,-278.1758355196659,1,441.5905410264775,2012-05-02
TRAIN,63,20,dn,578,813.7293646428185,2,794.5171356661322,6,19.212228976686333,2012-05-03
TRAIN,63,20,dn,579,-447.41752267100964,2,216.0308223879548,18,-663.4483450589644,2012-05-04
TRAIN,63,20,dn,580,600.4662315536008,1,-221.8415915019728,2,822.3078230555736,2012-05-07
TRAIN,63,20,dn,581,-183.03073941998247,2,61.35821407113508,8,-244.38895349111755,2012-05-08
TRAIN,63,20,dn,582,212.5013005519951,3,53.75521703285647,11,158.7460835191386,2012-05-09
TRAIN,63,20,dn,583,-1205.3796750047902,1,607.7905448785108,4,-1813.170219883301,2012-05-10
TRAIN,63,20,dn,585,-612.1111919520607,3,-153.65181911180395,9,-458.4593728402568,2012-05-14
TRAIN,63,20,dn,601,148.28558238107775,1,1.1204418014762463,1,147.1651405796015,2012-06-05
TRAIN,63,20,dn,610,445.92886814200955,1,1018.5729864147189,1,-572.6441182727094,2012-06-18
TRAIN,63,20,dn,627,154.3916418646489,1,1241.1824690120502,1,-1086.7908271474014,2012-07-11
TRAIN,63,20,dn,631,165.85327668147028,1,1120.5133056688044,1,-954.660028987334,2012-07-17
TRAIN,63,20,dn,632,2351.3818316707116,1,-670.7867476503216,1,3022.168579321033,2012-07-18
TRAIN,63,20,dn,637,89.63293177982078,1,43.478186503851596,1,46.154745275969184,2012-07-25
TRAIN,63,20,dn,638,241.0345572333024,7,-43.78669675737014,8,284.8212539906725,2012-07-26
TRAIN,63,20,dn,639,493.13380506559486,4,-226.5313032554903,4,719.6651083210852,2012-07-27
TRAIN,63,20,dn,652,788.4574031282477,1,-341.9667875440767,1,1130.4241906723244,2012-08-16
TRAIN,63,20,dn,656,170.44697795677868,1,-341.3752939078861,2,511.8222718646648,2012-08-23
TRAIN,63,20,dn,657,-401.4669335419167,1,-1045.5281186979496,4,644.0611851560329,2012-08-24
TRAIN,63,20,dn,658,-1180.7340164046914,1,-1416.128772075415,3,235.39475567072373,2012-08-27
TRAIN,63,20,dn,659,-2294.252904265153,1,-158.39449308770315,3,-2135.85841117745,2012-08-28
TRAIN,63,20,dn,660,581.303536976655,2,-650.1010576906967,8,1231.4045946673518,2012-08-29
TRAIN,63,20,dn,665,-1394.2100808707344,1,-669.5703452024968,6,-724.6397356682376,2012-09-05
TRAIN,63,20,dn,669,-3709.156676472791,1,-543.8042615601207,1,-3165.35241491267,2012-09-11
TRAIN,63,20,dn,699,101.73866650063988,2,2356.771607560782,1,-2255.032941060142,2012-10-26
TRAIN,63,20,dn,710,377.0050947879748,4,-70.78308146678438,1,447.7881762547592,2012-11-12
TRAIN,63,20,dn,714,842.2550620343328,1,-164.34349397065495,5,1006.5985560049878,2012-11-20
TRAIN,63,20,dn,717,450.06738241059776,1,362.2713240729297,1,87.79605833766806,2012-11-23
TRAIN,63,20,dn,750,47.8565924910252,2,-780.1534739007864,2,828.0100663918115,2013-01-11
TRAIN,63,20,dn,756,2794.702594265235,1,-16.862031585106603,1,2811.5646258503416,2013-01-21
TRAIN,63,20,dn,758,-212.46103693476167,2,612.0623473646488,4,-824.5233842994104,2013-01-23
TRAIN,63,20,dn,759,-92.36433814338368,3,161.2638132715683,5,-253.62815141495196,2013-01-24
TRAIN,63,20,dn,766,-462.60611915740657,1,563.9854506308446,6,-1026.5915697882513,2013-02-04
TRAIN,63,20,dn,767,159.6426766986919,2,1628.093083588764,2,-1468.4504068900721,2013-02-05
TRAIN,63,20,dn,769,-383.44831483698573,3,526.0219114716579,5,-909.4702263086435,2013-02-07
TRAIN,63,20,dn,770,-15.580514456648153,1,273.0857490420564,6,-288.66626349870455,2013-02-08
TRAIN,63,20,dn,772,2083.534544215579,1,-605.4468145329892,3,2688.9813587485683,2013-02-12
TRAIN,63,20,dn,773,-1533.943349418129,1,-261.8696266562587,4,-1272.0737227618702,2013-02-13
TRAIN,63,20,dn,774,1011.0564535511918,2,-336.0193562208552,7,1347.075809772047,2013-02-14
TRAIN,63,20,dn,775,156.84769195111568,1,-295.1377376499885,4,451.98542960110416,2013-02-15
TRAIN,63,20,dn,779,-1021.9225628727743,1,352.6202846940127,8,-1374.542847566787,2013-02-21
TRAIN,63,20,dn,784,192.41268298860948,12,18.851078150254185,5,173.5616048383553,2013-02-28
TRAIN,63,20,dn,785,-225.2890403359514,4,-625.5406073121977,1,400.2515669762463,2013-03-01
TRAIN,63,20,dn,786,-917.702755514696,1,314.1426902738282,4,-1231.845445788524,2013-03-04
TRAIN,63,20,dn,797,4082.950766738115,1,-566.8312889966085,2,4649.782055734723,2013-03-19
TRAIN,63,20,dn,798,182.9862703173036,1,-162.17354474745167,5,345.15981506475526,2013-03-20
TRAIN,63,20,dn,799,250.16019600332493,1,-553.5258772433839,2,803.6860732467088,2013-03-21
TRAIN,63,20,dn,800,1463.9203220456561,1,-172.77804807418613,2,1636.6983701198424,2013-03-22
TRAIN,63,20,dn,807,-1740.822113489277,2,-232.91462482600653,2,-1507.9074886632704,2013-04-04
TRAIN,63,20,dn,808,-2429.0149597286177,1,20.709738863092753,3,-2449.7246985917104,2013-04-05
TRAIN,63,20,dn,810,1943.822547359953,1,-61.56466609363277,6,2005.3872134535857,2013-04-09
TRAIN,63,20,dn,838,795.2763589621379,1,-295.7535000871279,4,1091.0298590492657,2013-05-22
TRAIN,63,20,dn,845,-595.2054167395229,4,721.4161487008089,9,-1316.6215654403318,2013-05-31
TRAIN,63,20,dn,846,2219.2461068343014,1,-980.0520213557664,1,3199.298128190068,2013-06-03
TRAIN,63,20,dn,848,1164.5300466531808,1,-1371.0595897351686,2,2535.5896363883494,2013-06-05
TRAIN,63,20,dn,851,-3640.942679395674,1,414.42284842484725,10,-4055.3655278205215,2013-06-10
TRAIN,63,20,dn,852,229.2707330595831,2,1278.7304407416666,6,-1049.4597076820835,2013-06-11
TRAIN,63,20,dn,853,-1988.6763324495814,2,-199.62022602326886,4,-1789.0561064263125,2013-06-12
TRAIN,63,20,dn,854,-369.44632045136905,3,504.6099835928578,12,-874.0563040442269,2013-06-13
TRAIN,63,20,dn,859,839.3820137851704,2,656.6016592213658,3,182.78035456380462,2013-06-20
TRAIN,63,20,dn,860,480.7166338212835,4,826.054055581091,5,-345.3374217598075,2013-06-21
TRAIN,63,20,dn,861,-726.6013868003357,1,78.2405143328599,4,-804.8419011331956,2013-06-24
TRAIN,63,20,dn,863,-299.89164327683443,1,19.105802444748292,2,-318.9974457215827,2013-06-26
TRAIN,63,20,dn,877,579.6494166302507,2,-567.1912181635854,3,1146.8406347938362,2013-07-16
TRAIN,63,20,dn,878,2808.2426965112872,1,1269.6869674296574,3,1538.5557290816298,2013-07-17
TRAIN,63,20,dn,880,438.3761940787978,2,2699.494447308798,1,-2261.1182532300004,2013-07-19
TRAIN,63,20,dn,883,414.11661316318987,1,193.12943818370587,5,220.987174979484,2013-07-24
TRAIN,63,20,dn,884,-558.5201447300068,3,-327.1385359122861,2,-231.3816088177207,2013-07-25
TRAIN,63,20,dn,885,-2845.7741334864895,1,-759.6227495529359,6,-2086.1513839335535,2013-07-26
TRAIN,63,20,dn,886,-139.46346346167218,1,-399.2997536520361,7,259.8362901903639,2013-07-29
TRAIN,63,20,dn,887,-826.9819674311027,1,-169.0963100680917,11,-657.885657363011,2013-07-30
TRAIN,63,20,dn,888,-270.96477655840584,2,-147.41169081517808,5,-123.55308574322777,2013-07-31
TRAIN,63,20,dn,889,1309.8159155213293,2,-290.46090671014474,6,1600.276822231474,2013-08-01
TRAIN,63,20,dn,892,238.05952109648447,1,-375.18098966531045,4,613.2405107617949,2013-08-06
TRAIN,63,20,dn,893,59.99962407731368,3,689.1995443161521,1,-629.1999202388384,2013-08-07
TRAIN,63,20,dn,901,54.72547898853597,1,-399.38418280179843,5,454.10966179033437,2013-08-21
TRAIN,63,20,dn,966,117.8273446283358,1,-157.00531936095481,1,274.8326639892906,2013-11-27
TRAIN,63,20,dn,972,5969.656359175932,1,-1432.9667948052727,1,7402.623153981205,2013-12-05
TRAIN,63,20,dn,996,-273.3139787211188,1,333.81311916235757,1,-607.1270978834764,2014-01-09
TRAIN,63,20,dn,998,-445.02457883243693,1,-63.08839002124978,2,-381.93618881118715,2014-01-13
TRAIN,63,20,dn,999,197.4858930038892,1,268.6337613509032,2,-71.14786834701403,2014-01-14
TRAIN,63,20,dn,1004,-325.83348984242684,1,-21.35023969942182,2,-304.483250143005,2014-01-21
TRAIN,63,20,dn,1005,92.025807922851,1,-510.83720412269923,1,602.8630120455502,2014-01-22
TRAIN,63,20,dn,1007,-875.7561979943293,1,112.15637857764452,8,-987.9125765719739,2014-01-24
TRAIN,63,20,dn,1008,-414.1536994312911,4,283.2675892000004,19,-697.4212886312914,2014-01-27
TRAIN,63,20,dn,1011,-100.22551383546262,1,-101.30542969018784,11,1.0799158547252148,2014-01-30
TRAIN,63,20,dn,1014,918.4189673216941,1,761.2196010807154,2,157.19936624097875,2014-02-04
TRAIN,63,20,dn,1022,-30.952158762266247,3,-11.599789071477232,2,-19.352369690789015,2014-02-14
TRAIN,63,20,dn,1040,1293.9330187325054,1,963.2396252444071,1,330.6933934880983,2014-03-13
TRAIN,63,20,dn,1044,715.7351947399814,1,-1623.3661130113974,1,2339.101307751379,2014-03-20
TRAIN,63,20,dn,1049,-2909.5927881498824,1,-489.3894424015484,2,-2420.203345748334,2014-03-27
TRAIN,63,20,dn,1060,2020.2955072615648,2,-322.22331158695715,1,2342.5188188485217,2014-04-15
TRAIN,63,20,dn,1080,839.6308615547414,1,463.4462897019524,2,376.18457185278896,2014-05-16
TRAIN,63,20,dn,1081,-532.0732168547925,6,-828.9341312955805,2,296.86091444078806,2014-05-19
TRAIN,63,20,dn,1140,-1005.6552463996214,1,823.2876753863285,1,-1828.94292178595,2014-08-11
TRAIN,63,20,dn,1142,626.8264876231511,6,674.5267834739856,10,-47.700295850834436,2014-08-13
TRAIN,63,20,dn,1149,1277.0829423425541,1,815.5682493440678,5,461.51469299848634,2014-08-25
TRAIN,63,20,dn,1151,1157.6286861034434,1,783.8207533078717,2,373.8079327955718,2014-08-27
TRAIN,63,20,dn,1164,99.35364501010729,1,351.03647443732143,7,-251.68282942721413,2014-09-16
TRAIN,63,20,dn,1170,-666.4377855035658,1,267.9712364306842,5,-934.40902193425,2014-09-24
TRAIN,63,20,dn,1171,-934.3711626649617,5,300.5760365940286,6,-1234.9471992589904,2014-09-25
TRAIN,63,20,dn,1182,176.66244485555274,2,-216.06060259449077,3,392.7230474500435,2014-10-16
TRAIN,63,20,dn,1187,-358.50051247794704,1,-440.57329488832096,3,82.07278241037392,2014-10-27
TRAIN,63,20,dn,1206,1184.423803360966,2,195.77636753245224,5,988.6474358285138,2014-11-25
TRAIN,63,20,dn,1218,558.1473579232008,1,47.31758821162642,4,510.82976971157444,2014-12-11
TRAIN,63,20,dn,1219,84.33222625604586,1,353.8873815684977,6,-269.5551553124518,2014-12-12
TRAIN,63,20,dn,1221,57.205817033706836,1,-305.4395829302079,15,362.64539996391477,2014-12-16
TRAIN,63,20,dn,1249,-576.5973617061543,1,809.7428551684643,1,-1386.3402168746186,2015-01-27
TRAIN,63,20,dn,1252,1034.8246786432283,1,544.8209977115491,5,490.0036809316791,2015-01-30
TRAIN,63,20,dn,1254,688.003016102062,2,77.69697284849785,3,610.3060432535642,2015-02-03
TRAIN,63,20,dn,1255,-427.9677082011082,1,1743.7448498507088,1,-2171.712558051817,2015-02-04
TRAIN,63,20,dn,1256,986.8029297571437,1,566.7671067615297,3,420.035822995614,2015-02-05
TRAIN,63,20,dn,1258,-1208.7957610429141,3,204.7662581227978,7,-1413.562019165712,2015-02-09
TRAIN,63,20,dn,1264,284.0123933464008,1,612.57236796979,1,-328.55997462338917,2015-02-18
TRAIN,63,20,dn,1277,-655.1999382427458,1,117.17888782855249,1,-772.3788260712984,2015-03-10
TRAIN,63,20,dn,1289,-418.0747568712454,1,-283.44290020307506,4,-134.63185666817037,2015-03-26
TRAIN,63,20,dn,1302,1365.895598257731,1,-576.8416176183679,1,1942.737215876099,2015-04-17
TRAIN,63,20,dn,1303,-2433.610091161454,1,-356.8832723185339,5,-2076.7268188429202,2015-04-20
TRAIN,63,20,dn,1305,-487.44488408114074,1,530.2591190193295,3,-1017.7040031004703,2015-04-22
TRAIN,63,20,dn,1307,-23.80851047958204,1,682.4819333727697,4,-706.2904438523518,2015-04-24
TRAIN,63,20,dn,1308,-651.4469331206396,4,151.46193767797723,18,-802.9088707986168,2015-04-27
TRAIN,63,20,dn,1314,-555.624525605875,2,-78.24053976741932,8,-477.38398583845566,2015-05-06
TRAIN,63,20,dn,1318,131.94003900706298,1,-389.91899224401106,2,521.859031251074,2015-05-12
TRAIN,63,20,dn,1327,-94.62407882535558,1,175.29981166782997,1,-269.9238904931856,2015-05-25
TRAIN,63,20,dn,1334,77.16264377701734,7,-318.3552056597169,14,395.5178494367342,2015-06-03
TRAIN,63,20,dn,1335,-150.31217435684758,1,257.22822807142654,5,-407.5404024282741,2015-06-04
TRAIN,63,20,dn,1337,169.05135632556002,1,-67.6895729278779,9,236.7409292534379,2015-06-08
TRAIN,63,20,dn,1368,-810.2833500180567,1,224.4933242534175,4,-1034.7766742714741,2015-07-21
TRAIN,63,20,dn,1371,116.1611342899906,1,-1366.8786569689792,1,1483.0397912589697,2015-07-24
TRAIN,63,20,dn,1372,-1254.7047199590234,2,532.6654733487107,6,-1787.370193307734,2015-07-27
TRAIN,63,20,dn,1373,654.7158726833235,3,-538.0121975089878,2,1192.7280701923114,2015-07-28
TRAIN,63,20,dn,1384,1017.9317131011696,1,-401.83911448604294,5,1419.7708275872126,2015-08-12
TRAIN,63,20,dn,1385,196.58138671310928,1,-835.1061715277909,1,1031.6875582409002,2015-08-13
TRAIN,63,20,dn,1386,268.8592277577193,2,-46.08886353659941,1,314.9480912943187,2015-08-14
TRAIN,63,20,dn,1392,7.546368742681843,17,55.660304588649524,26,-48.11393584596768,2015-08-24
TRAIN,63,20,dn,1393,637.622601464937,2,21.5761093460734,1,616.0464921188636,2015-08-25
TRAIN,63,20,dn,1398,-315.90417330361817,2,-185.4315745908096,1,-130.47259871280858,2015-09-01
TRAIN,63,20,dn,1414,217.3085683597567,1,-2156.357634402447,1,2373.6662027622033,2015-09-24
TRAIN,63,20,dn,1432,1851.8667710989623,2,-777.1865668709921,1,2629.0533379699546,2015-10-23
TRAIN,63,20,dn,1437,434.55912263867606,1,409.0355476764509,2,25.523574962225155,2015-10-30
TRAIN,63,20,dn,1439,399.04675458509354,2,130.40212126077492,1,268.64463332431865,2015-11-03
TRAIN,63,20,dn,1441,533.9563632192952,1,-208.96051002257315,7,742.9168732418684,2015-11-05
TRAIN,63,20,dn,1442,1076.327086151527,2,-760.0360118800261,2,1836.3630980315531,2015-11-06
TRAIN,63,20,dn,1444,215.4910870548723,2,73.96999863350212,4,141.5210884213702,2015-11-10
TRAIN,63,20,dn,1446,376.44707461437525,2,5.254105978063353,1,371.1929686363119,2015-11-16
TRAIN,63,20,dn,1462,-1034.67467788684,2,-35.919492196670966,7,-998.7551856901691,2015-12-09
TRAIN,63,20,dn,1464,1867.2998180875913,1,644.3186401883819,1,1222.9811778992093,2015-12-11
TRAIN,63,20,dn,1482,-330.90331170782486,6,-58.5408517089625,12,-272.36245999886233,2016-01-07
TRAIN,63,20,dn,1483,236.77586587590795,1,-1231.331071737911,1,1468.1069376138191,2016-01-08
TRAIN,63,20,dn,1484,404.80038827722313,2,-267.62114699143456,5,672.4215352686576,2016-01-11
TRAIN,63,20,dn,1485,218.52456314757853,2,-545.9786077668477,5,764.5031709144263,2016-01-12
TRAIN,63,20,dn,1486,294.88079297775926,5,98.76111684388067,8,196.11967613387858,2016-01-13
TRAIN,63,20,dn,1488,1313.6516088825856,2,-204.17583031255887,26,1517.8274391951445,2016-01-15
TRAIN,63,20,dn,1489,1899.1645955104916,3,148.11451388680064,15,1751.0500816236909,2016-01-18
TRAIN,63,20,dn,1491,-237.12929183759383,1,-453.6798784789147,8,216.55058664132088,2016-01-20
TRAIN,63,20,dn,1496,1705.149995536604,1,709.6738176513244,1,995.4761778852795,2016-01-28
TRAIN,63,20,dn,1500,-555.9894090915283,1,-513.4508976245519,3,-42.53851146697639,2016-02-03
TRAIN,63,20,dn,1501,132.16651535428466,1,-86.54366947500216,3,218.71018482928682,2016-02-04
TRAIN,63,20,dn,1506,-37.50374790739863,2,9.720929013937184,10,-47.22467692133581,2016-02-11
TRAIN,63,20,dn,1517,551.6978048110366,1,400.1723016539749,1,151.52550315706168,2016-02-26
TRAIN,63,20,dn,1528,-1546.4778709830055,1,-1386.2583675645083,1,-160.2195034184972,2016-03-15
TRAIN,63,20,dn,1536,-1.4820785714298594,1,-205.66671353054312,3,204.18463495911325,2016-03-29
TRAIN,63,20,dn,1570,-308.8739370196449,2,-245.9849231459973,2,-62.88901387364763,2016-05-19
TRAIN,63,20,dn,1572,862.6011349584967,1,509.84553558571235,4,352.75559937278433,2016-05-23
TRAIN,63,20,dn,1573,448.1821248076828,1,-1028.7190974213838,6,1476.9012222290667,2016-05-24
TRAIN,63,20,dn,1590,533.6332026196203,1,1200.7167759353447,1,-667.0835733157244,2016-06-16
TRAIN,63,20,dn,1593,-300.5756600812863,1,-1605.6767359774087,1,1305.1010758961224,2016-06-21
TRAIN,63,20,dn,1596,257.68898201328716,2,-354.45724415238163,7,612.1462261656688,2016-06-24
TRAIN,63,20,dn,1611,488.51193602880414,1,1582.857971927087,1,-1094.346035898283,2016-07-18
TRAIN,63,20,dn,1628,-119.44056684542632,1,-632.8381739502836,1,513.3976071048572,2016-08-10
TRAIN,63,20,dn,1650,-769.2630959641075,1,-58.58785187361243,1,-710.6752440904951,2016-09-14
TRAIN,63,20,dn,1661,97.64182029083695,12,-10.952362496905184,7,108.59418278774213,2016-09-29
TRAIN,63,20,dn,1669,894.5674151503882,1,-662.9936758938545,3,1557.5610910442429,2016-10-13
TRAIN,63,20,dn,1681,-684.8363933242023,1,386.65555643988614,1,-1071.4919497640885,2016-11-01
TRAIN,63,20,dn,1683,-530.8958449807163,1,251.39048295825665,2,-782.286327938973,2016-11-03
TRAIN,63,20,dn,1684,-1.875499275337324,4,287.07819113148065,11,-288.953690406818,2016-11-04
TRAIN,63,20,dn,1687,156.94960574969159,6,-187.28156132117888,8,344.23116707087047,2016-11-09
TRAIN,63,20,dn,1689,-138.09732507076745,5,52.414455242482845,9,-190.5117803132503,2016-11-11
TRAIN,63,20,dn,1690,171.78773527980547,13,29.92991561529048,12,141.857819664515,2016-11-15
TRAIN,63,20,dn,1691,759.9019984437957,2,740.670875665623,4,19.231122778172676,2016-11-16
TRAIN,63,20,dn,1716,717.5737799869164,1,-19.533885988371765,5,737.1076659752882,2016-12-21
TRAIN,63,20,dn,1719,151.83815545462778,2,-427.96863763712736,20,579.8067930917551,2016-12-26
TRAIN,63,20,dn,1744,852.4326318230734,1,-752.5516269197076,1,1604.984258742781,2017-01-31
TRAIN,63,20,dn,1790,-100.38844549044302,1,112.28861715651684,1,-212.67706264695985,2017-04-10
TRAIN,63,20,dn,1793,1229.1292251703799,1,509.73973638385274,1,719.3894887865272,2017-04-13
TRAIN,63,20,dn,1799,-534.7146706514076,1,38.203398933329275,1,-572.9180695847368,2017-04-24
TRAIN,63,20,dn,1807,-1578.5935696668896,1,807.9715522939338,3,-2386.5651219608235,2017-05-05
TRAIN,63,20,dn,1816,-336.6342780384604,1,317.35898688004835,1,-653.9932649185088,2017-05-18
TRAIN,63,20,dn,1818,-2785.9228662259634,1,-228.0018726447655,6,-2557.9209935811978,2017-05-22
TRAIN,63,20,dn,1819,1026.2838822397098,2,62.387954894258634,8,963.8959273454511,2017-05-23
TRAIN,63,20,dn,1820,-1634.8575302060683,1,388.12201003768814,5,-2022.9795402437564,2017-05-24
TRAIN,63,20,dn,1821,917.426479990878,2,-93.51634223511996,2,1010.9428222259979,2017-05-25
TRAIN,63,20,dn,1842,878.2645546395754,1,-116.19227413851767,5,994.456828778093,2017-06-23
TRAIN,63,20,dn,1843,-81.66741476426681,1,26.920547531804004,10,-108.58796229607081,2017-06-27
TRAIN,63,20,dn,1866,1209.8376256104348,1,787.2696255975518,1,422.568000012883,2017-07-31
TRAIN,63,20,dn,1869,-140.64700989670098,1,548.0549577345787,3,-688.7019676312797,2017-08-03
TRAIN,63,20,dn,1873,657.8899899577196,3,68.96202021156279,8,588.9279697461568,2017-08-09
TRAIN,63,20,dn,1874,-138.9154934240368,6,215.86706838280026,15,-354.78256180683707,2017-08-10
TRAIN,63,20,dn,1875,521.2783069083579,2,-71.18851074536086,5,592.4668176537187,2017-08-11
TRAIN,63,20,dn,1879,751.9180121510593,1,-1006.6148712442867,2,1758.532883395346,2017-08-18
TRAIN,63,20,dn,1903,79.56936769925534,2,-823.2308958292083,2,902.8002635284636,2017-09-22
TRAIN,63,20,dn,1906,-153.7029311877138,3,-1023.7268241835204,12,870.0238929958066,2017-09-27
TRAIN,63,20,dn,1910,-24.561380190893935,1,504.5006049641626,2,-529.0619851550565,2017-10-04
TRAIN,63,20,dn,1911,180.01024355376273,1,-2066.557073423701,1,2246.5673169774636,2017-10-05
TRAIN,63,20,dn,1920,-1483.632087225043,1,-1718.5796747893023,2,234.94758756425927,2017-10-18
TRAIN,63,20,dn,1932,439.02466152331453,1,-520.474892430865,2,959.4995539541795,2017-11-07
TRAIN,63,20,dn,1933,-63.83416938908159,1,-248.3908129839563,7,184.5566435948747,2017-11-08
TRAIN,63,20,dn,1936,525.9878237670631,3,-245.7773462968678,2,771.7651700639309,2017-11-13
TRAIN,63,20,dn,1937,-301.21743743963077,1,-46.590193400513485,2,-254.62724403911727,2017-11-14
